retailer,country,country_iso,account,site_type,product_id,product_title,product_description,oem,model_and_series,processor_brand,processor_series,processor_model,processor_number,processor_generation,graphics_card,form_factor,screen_size,screen_type,ram_gb,storage_gb,storage_type,operating_system,original_price_local,selling_price_local,usd_original_price,usd_selling_price,discount_amount_local,discount_pct,currency,price_history,availability,product_url,feed_timestamp,feed_date
Best Buy - US,United States,US,Best Buy - US,1P Retailer,SKU-US-0001,HP Spectre x360 16 - Intel Core i7 13700H (Laptop),,HP,Spectre x360 16,Intel,Intel Core i7,Intel Core i7,13700H,13th Gen / Raptor Lake,Integrated Intel Arc Graphics,Laptop,"16.0""",,32GB LPDDR5X,512GB NVMe SSD,SSD,Windows 11 Home,646,646,646,646,0,0,USD,,InStock,https://www.bestbuy.com/products/hp-spectre-x360-16-intel-core-i7,2026-08-28T08:15:27.551208+00:00,2026-08-28
Best Buy - US,United States,US,Best Buy - US,1P Retailer,SKU-US-0002,Lenovo Yoga 7i 2-in-1 - Intel Core 7 150U (Laptop),,Lenovo,Yoga 7i 2-in-1,Intel,Intel Core 7,Intel Core 7,150U,14th Gen / Series 1,Integrated Intel Arc Graphics,Laptop,"14.0""",,16GB DDR5,512GB NVMe SSD,SSD,Windows 11 Home,693,693,693,693,0,0,USD,,InStock,https://www.bestbuy.com/products/lenovo-yoga-7i-2-in-1-intel-core-7,2026-08-28T08:15:27.551208+00:00,2026-08-28
Best Buy - US,United States,US,Best Buy - US,1P Retailer,SKU-US-0003,ASUS ROG Zephyrus G16 - AMD Ryzen 9 7945HX (Laptop),,ASUS,ROG Zephyrus G16,AMD,AMD Ryzen 9,AMD Ryzen 9,7945HX,Zen 4 / Dragon Range,NVIDIA GeForce RTX 4060,Laptop,"16.0""",,32GB LPDDR5X,1TB NVMe SSD,SSD,Windows 11 Home,740,651,740,651,89,12,USD,,InStock,https://www.bestbuy.com/products/asus-rog-zephyrus-g16-amd-ryzen-9,2026-08-28T08:15:27.551208+00:00,2026-08-28
Best Buy - US,United States,US,Best Buy - US,1P Retailer,SKU-US-0004,Acer Nitro 16 - Snapdragon X Elite X1E-80-100 (Laptop),,Acer,Nitro 16,Qualcomm,Snapdragon X Elite,Snapdragon X Elite,X1E-80-100,Oryon ARM,Integrated Intel Arc Graphics,Laptop,"14.0""",,16GB DDR5,512GB NVMe SSD,SSD,Windows 11 Home,787,787,787,787,0,0,USD,,InStock,https://www.bestbuy.com/products/acer-nitro-16-snapdragon-x-elite,2026-08-28T08:15:27.551208+00:00,2026-08-28
Best Buy - US,United States,US,Best Buy - US,1P Retailer,SKU-US-0005,Samsung Galaxy Book4 360 - Intel Core Ultra 9 185H (Laptop),,Samsung,Galaxy Book4 360,Intel,Intel Core Ultra 9,Intel Core Ultra 9,185H,14th Gen / Meteor Lake,Integrated Intel Arc Graphics,Laptop,"16.0""",,32GB LPDDR5X,512GB NVMe SSD,SSD,Windows 11 Home,834,684,834,684,150,18,USD,,InStock,https://www.bestbuy.com/products/samsung-galaxy-book4-360-intel-core-ultra-9,2026-08-28T08:15:27.551208+00:00,2026-08-28
Best Buy - US,United States,US,Best Buy - US,1P Retailer,SKU-US-0006,MSI Stealth 16 AI Studio - Intel Core i9 14900HX (Desktop PC),,MSI,Stealth 16 AI Studio,Intel,Intel Core i9,Intel Core i9,14900HX,14th Gen / Raptor Lake-HX,NVIDIA GeForce RTX 4060,Desktop,"27""",,16GB DDR5,1TB NVMe SSD,SSD,Windows 11 Home,881,775,881,775,106,12,USD,,InStock,https://www.bestbuy.com/products/msi-stealth-16-ai-studio-intel-core-i9,2026-08-28T08:15:27.551208+00:00,2026-08-28
Best Buy - US,United States,US,Best Buy - US,1P Retailer,SKU-US-0007,"Apple MacBook Air 15"" M3 - AMD Ryzen 5 7520U (Laptop)",,Apple,"MacBook Air 15"" M3",AMD,AMD Ryzen 5,AMD Ryzen 5,7520U,Zen 2 / Mendocino,Integrated Intel Arc Graphics,Laptop,"16.0""",,32GB LPDDR5X,512GB NVMe SSD,SSD,Windows 11 Home,928,928,928,928,0,0,USD,,InStock,https://www.bestbuy.com/products/apple-macbook-air-15-m3-amd-ryzen-5,2026-08-28T08:15:27.551208+00:00,2026-08-28
Best Buy - US,United States,US,Best Buy - US,1P Retailer,SKU-US-0008,Dell XPS 16 (9640) - Apple M3 M3 (Laptop),,Dell,XPS 16 (9640),Apple,Apple M3,Apple M3,M3,3nm Apple Silicon,Integrated Intel Arc Graphics,Laptop,"14.0""",,16GB DDR5,512GB NVMe SSD,SSD,Windows 11 Home,975,975,975,975,0,0,USD,,InStock,https://www.bestbuy.com/products/dell-xps-16-9640--apple-m3,2026-08-28T08:15:27.551208+00:00,2026-08-28
Best Buy - US,United States,US,Best Buy - US,1P Retailer,SKU-US-0009,HP Envy x360 15 - Intel Core Ultra 5 125H (Laptop),,HP,Envy x360 15,Intel,Intel Core Ultra 5,Intel Core Ultra 5,125H,14th Gen / Meteor Lake,NVIDIA GeForce RTX 4060,Laptop,"16.0""",,32GB LPDDR5X,1TB NVMe SSD,SSD,Windows 11 Home,1022,899,1022,899,123,12,USD,,InStock,https://www.bestbuy.com/products/hp-envy-x360-15-intel-core-ultra-5,2026-08-28T08:15:27.551208+00:00,2026-08-28
Best Buy - US,United States,US,Best Buy - US,1P Retailer,SKU-US-0010,Lenovo IdeaPad Slim 5 - Intel Core i5 1335U (Laptop),,Lenovo,IdeaPad Slim 5,Intel,Intel Core i5,Intel Core i5,1335U,13th Gen / Raptor Lake,Integrated Intel Arc Graphics,Laptop,"14.0""",,16GB DDR5,512GB NVMe SSD,SSD,Windows 11 Home,1069,877,1069,877,192,18,USD,,InStock,https://www.bestbuy.com/products/lenovo-ideapad-slim-5-intel-core-i5,2026-08-28T08:15:27.551208+00:00,2026-08-28
Best Buy - US,United States,US,Best Buy - US,1P Retailer,,ASUS ROG Strix SCAR 18 - AMD Ryzen 7 7840HS (Laptop),,ASUS,ROG Strix SCAR 18,AMD,AMD Ryzen 7,AMD Ryzen 7,7840HS,Zen 4 / Phoenix,Integrated Intel Arc Graphics,Laptop,"16.0""",,32GB LPDDR5X,512GB NVMe SSD,SSD,Windows 11 Home,1116,1116,1116,1116,0,0,USD,,InStock,https://www.bestbuy.com/products/asus-rog-strix-scar-18-amd-ryzen-7,2026-08-28T08:15:27.551208+00:00,2026-08-28
Best Buy - US,United States,US,Best Buy - US,1P Retailer,SKU-US-0012,Acer TravelMate P6 - Apple M3 Pro M3 Pro (Desktop PC),,Acer,TravelMate P6,Apple,Apple M3 Pro,Apple M3 Pro,M3 Pro,3nm Apple Silicon,NVIDIA GeForce RTX 4060,Desktop,"27""",,16GB DDR5,1TB NVMe SSD,SSD,Windows 11 Home,1163,1023,1163,1023,140,12,USD,,InStock,https://www.bestbuy.com/products/acer-travelmate-p6-apple-m3-pro,2026-08-28T08:15:27.551208+00:00,2026-08-28
Best Buy - US,United States,US,Best Buy - US,1P Retailer,SKU-US-0013,Samsung Galaxy Book4 Ultra - Intel Core Ultra 7 155H (Laptop),,Samsung,Galaxy Book4 Ultra,Intel,Intel Core Ultra 7,Intel Core Ultra 7,155H,14th Gen / Meteor Lake,Integrated Intel Arc Graphics,Laptop,"16.0""",,32GB LPDDR5X,512GB NVMe SSD,SSD,Windows 11 Home,1210,1210,1210,1210,0,0,USD,,InStock,https://www.bestbuy.com/products/samsung-galaxy-book4-ultra-intel-core-ultra-7,2026-08-28T08:15:27.551208+00:00,2026-08-28
Best Buy - US,United States,US,Best Buy - US,1P Retailer,SKU-US-0014,MSI Modern 14 - Intel Core i7 13700H (Laptop),,MSI,Modern 14,Intel,Intel Core i7,Intel Core i7,13700H,13th Gen / Raptor Lake,Integrated Intel Arc Graphics,Laptop,"14.0""",,16GB DDR5,512GB NVMe SSD,SSD,Windows 11 Home,1257,1257,1257,1257,0,0,USD,,InStock,https://www.bestbuy.com/products/msi-modern-14-intel-core-i7,2026-08-28T08:15:27.551208+00:00,2026-08-28
Best Buy - US,United States,US,Best Buy - US,1P Retailer,SKU-US-0015,"Apple MacBook Air 15"" M3 - Intel Core 7 150U (Laptop)",,Apple,"MacBook Air 15"" M3",Intel,Intel Core 7,Intel Core 7,150U,14th Gen / Series 1,NVIDIA GeForce RTX 4060,Laptop,"16.0""",,32GB LPDDR5X,1TB NVMe SSD,SSD,Windows 11 Home,1304,1148,1304,1148,156,12,USD,,InStock,https://www.bestbuy.com/products/apple-macbook-air-15-m3-intel-core-7,2026-08-28T08:15:27.551208+00:00,2026-08-28
Best Buy - US,United States,US,Best Buy - US,1P Retailer,SKU-US-0016,Dell Inspiron 15 (3520) - AMD Ryzen 9 7945HX (Laptop),,Dell,Inspiron 15 (3520),AMD,AMD Ryzen 9,AMD Ryzen 9,7945HX,Zen 4 / Dragon Range,Integrated Intel Arc Graphics,Laptop,"14.0""",,16GB DDR5,512GB NVMe SSD,SSD,Windows 11 Home,1351,1351,1351,1351,0,0,USD,,InStock,https://www.bestbuy.com/products/dell-inspiron-15-3520--amd-ryzen-9,2026-08-28T08:15:27.551208+00:00,2026-08-28
Best Buy - US,United States,US,Best Buy - US,1P Retailer,SKU-US-0017,HP Pavilion Plus 14 - Snapdragon X Elite X1E-80-100 (Laptop),,HP,Pavilion Plus 14,Qualcomm,Snapdragon X Elite,Snapdragon X Elite,X1E-80-100,Oryon ARM,Integrated Intel Arc Graphics,Laptop,"16.0""",,32GB LPDDR5X,512GB NVMe SSD,SSD,Windows 11 Home,1398,1398,1398,1398,0,0,USD,,InStock,https://www.bestbuy.com/products/hp-pavilion-plus-14-snapdragon-x-elite,2026-08-28T08:15:27.551208+00:00,2026-08-28
Best Buy - US,United States,US,Best Buy - US,1P Retailer,SKU-US-0018,Lenovo Legion Pro 7i - Intel Core Ultra 9 185H (Desktop PC),,Lenovo,Legion Pro 7i,Intel,Intel Core Ultra 9,Intel Core Ultra 9,185H,14th Gen / Meteor Lake,NVIDIA GeForce RTX 4060,Desktop,"27""",,16GB DDR5,1TB NVMe SSD,SSD,Windows 11 Home,1445,1272,1445,1272,173,12,USD,,InStock,https://www.bestbuy.com/products/lenovo-legion-pro-7i-intel-core-ultra-9,2026-08-28T08:15:27.551208+00:00,2026-08-28
Best Buy - US,United States,US,Best Buy - US,1P Retailer,SKU-US-0019,ASUS TUF Gaming A15 - Intel Core i9 14900HX (Laptop),,ASUS,TUF Gaming A15,Intel,Intel Core i9,Intel Core i9,14900HX,14th Gen / Raptor Lake-HX,Integrated Intel Arc Graphics,Laptop,"16.0""",,32GB LPDDR5X,512GB NVMe SSD,SSD,Windows 11 Home,1492,1492,1492,1492,0,0,USD,,InStock,https://www.bestbuy.com/products/asus-tuf-gaming-a15-intel-core-i9,2026-08-28T08:15:27.551208+00:00,2026-08-28
Best Buy - US,United States,US,Best Buy - US,1P Retailer,SKU-US-0020,Acer Spin 5 - AMD Ryzen 5 7520U (Laptop),,Acer,Spin 5,AMD,AMD Ryzen 5,AMD Ryzen 5,7520U,Zen 2 / Mendocino,Integrated Intel Arc Graphics,Laptop,"14.0""",,16GB DDR5,512GB NVMe SSD,SSD,Windows 11 Home,1539,1262,1539,1262,277,18,USD,,InStock,https://www.bestbuy.com/products/acer-spin-5-amd-ryzen-5,2026-08-28T08:15:27.551208+00:00,2026-08-28
Best Buy - US,United States,US,Best Buy - US,1P Retailer,SKU-US-0021,Samsung Galaxy Book4 Pro - Apple M3 M3 (Laptop),,Samsung,Galaxy Book4 Pro,Apple,Apple M3,Apple M3,M3,3nm Apple Silicon,NVIDIA GeForce RTX 4060,Laptop,"16.0""",,32GB LPDDR5X,1TB NVMe SSD,SSD,Windows 11 Home,1586,1396,1586,1396,190,12,USD,,InStock,https://www.bestbuy.com/products/samsung-galaxy-book4-pro-apple-m3,2026-08-28T08:15:27.551208+00:00,2026-08-28
Best Buy - US,United States,US,Best Buy - US,1P Retailer,,MSI Raider GE78 HX - Intel Core Ultra 5 125H (Laptop),,MSI,Raider GE78 HX,Intel,Intel Core Ultra 5,Intel Core Ultra 5,125H,14th Gen / Meteor Lake,Integrated Intel Arc Graphics,Laptop,"14.0""",,16GB DDR5,512GB NVMe SSD,SSD,Windows 11 Home,1633,1633,1633,1633,0,0,USD,,InStock,https://www.bestbuy.com/products/msi-raider-ge78-hx-intel-core-ultra-5,2026-08-28T08:15:27.551208+00:00,2026-08-28
Best Buy - US,United States,US,Best Buy - US,1P Retailer,SKU-US-0023,"Apple MacBook Air 15"" M3 - Intel Core i5 1335U (Laptop)",,Apple,"MacBook Air 15"" M3",Intel,Intel Core i5,Intel Core i5,1335U,13th Gen / Raptor Lake,Integrated Intel Arc Graphics,Laptop,"16.0""",,32GB LPDDR5X,512GB NVMe SSD,SSD,Windows 11 Home,1680,1680,1680,1680,0,0,USD,,InStock,https://www.bestbuy.com/products/apple-macbook-air-15-m3-intel-core-i5,2026-08-28T08:15:27.551208+00:00,2026-08-28
Best Buy - US,United States,US,Best Buy - US,1P Retailer,SKU-US-0024,Dell Inspiron 16 Plus (7640) - AMD Ryzen 7 7840HS (Desktop PC),,Dell,Inspiron 16 Plus (7640),AMD,AMD Ryzen 7,AMD Ryzen 7,7840HS,Zen 4 / Phoenix,NVIDIA GeForce RTX 4060,Desktop,"27""",,16GB DDR5,1TB NVMe SSD,SSD,Windows 11 Home,1727,1520,1727,1520,207,12,USD,,InStock,https://www.bestbuy.com/products/dell-inspiron-16-plus-7640--amd-ryzen-7,2026-08-28T08:15:27.551208+00:00,2026-08-28
Best Buy - US,United States,US,Best Buy - US,1P Retailer,SKU-US-0025,HP OMEN 16 Transcend - Apple M3 Pro M3 Pro (Laptop),,HP,OMEN 16 Transcend,Apple,Apple M3 Pro,Apple M3 Pro,M3 Pro,3nm Apple Silicon,Integrated Intel Arc Graphics,Laptop,"16.0""",,32GB LPDDR5X,512GB NVMe SSD,SSD,Windows 11 Home,1774,1455,1774,1455,319,18,USD,,InStock,https://www.bestbuy.com/products/hp-omen-16-transcend-apple-m3-pro,2026-08-28T08:15:27.551208+00:00,2026-08-28
Best Buy - US,United States,US,Best Buy - US,1P Retailer,SKU-US-0026,Lenovo ThinkBook 16 Gen 6 - Intel Core Ultra 7 155H (Laptop),,Lenovo,ThinkBook 16 Gen 6,Intel,Intel Core Ultra 7,Intel Core Ultra 7,155H,14th Gen / Meteor Lake,Integrated Intel Arc Graphics,Laptop,"14.0""",,16GB DDR5,512GB NVMe SSD,SSD,Windows 11 Home,1821,1821,1821,1821,0,0,USD,,InStock,https://www.bestbuy.com/products/lenovo-thinkbook-16-gen-6-intel-core-ultra-7,2026-08-28T08:15:27.551208+00:00,2026-08-28
Best Buy - US,United States,US,Best Buy - US,1P Retailer,SKU-US-0027,ASUS ExpertBook B9 - Intel Core i7 13700H (Laptop),,ASUS,ExpertBook B9,Intel,Intel Core i7,Intel Core i7,13700H,13th Gen / Raptor Lake,NVIDIA GeForce RTX 4060,Laptop,"16.0""",,32GB LPDDR5X,1TB NVMe SSD,SSD,Windows 11 Home,1868,1644,1868,1644,224,12,USD,,InStock,https://www.bestbuy.com/products/asus-expertbook-b9-intel-core-i7,2026-08-28T08:15:27.551208+00:00,2026-08-28
Best Buy - US,United States,US,Best Buy - US,1P Retailer,SKU-US-0028,Acer Swift Go 14 AI - Intel Core 7 150U (Laptop),,Acer,Swift Go 14 AI,Intel,Intel Core 7,Intel Core 7,150U,14th Gen / Series 1,Integrated Intel Arc Graphics,Laptop,"14.0""",,16GB DDR5,512GB NVMe SSD,SSD,Windows 11 Home,1915,1915,1915,1915,0,0,USD,,InStock,https://www.bestbuy.com/products/acer-swift-go-14-ai-intel-core-7,2026-08-28T08:15:27.551208+00:00,2026-08-28
Best Buy - US,United States,US,Best Buy - US,1P Retailer,SKU-US-0029,Samsung Galaxy Book4 360 - AMD Ryzen 9 7945HX (Laptop),,Samsung,Galaxy Book4 360,AMD,AMD Ryzen 9,AMD Ryzen 9,7945HX,Zen 4 / Dragon Range,Integrated Intel Arc Graphics,Laptop,"16.0""",,32GB LPDDR5X,512GB NVMe SSD,SSD,Windows 11 Home,1962,1962,1962,1962,0,0,USD,,InStock,https://www.bestbuy.com/products/samsung-galaxy-book4-360-amd-ryzen-9,2026-08-28T08:15:27.551208+00:00,2026-08-28
Best Buy - US,United States,US,Best Buy - US,1P Retailer,SKU-US-0030,MSI Prestige 16 AI Evo - Snapdragon X Elite X1E-80-100 (Desktop PC),,MSI,Prestige 16 AI Evo,Qualcomm,Snapdragon X Elite,Snapdragon X Elite,X1E-80-100,Oryon ARM,NVIDIA GeForce RTX 4060,Desktop,"27""",,16GB DDR5,1TB NVMe SSD,SSD,Windows 11 Home,2009,1768,2009,1768,241,12,USD,,InStock,https://www.bestbuy.com/products/msi-prestige-16-ai-evo-snapdragon-x-elite,2026-08-28T08:15:27.551208+00:00,2026-08-28
Best Buy - US,United States,US,Best Buy - US,1P Retailer,SKU-US-0031,"Apple MacBook Air 15"" M3 - Intel Core Ultra 9 185H (Laptop)",,Apple,"MacBook Air 15"" M3",Intel,Intel Core Ultra 9,Intel Core Ultra 9,185H,14th Gen / Meteor Lake,Integrated Intel Arc Graphics,Laptop,"16.0""",,32GB LPDDR5X,512GB NVMe SSD,SSD,Windows 11 Home,2056,2056,2056,2056,0,0,USD,,InStock,https://www.bestbuy.com/products/apple-macbook-air-15-m3-intel-core-ultra-9,2026-08-28T08:15:27.551208+00:00,2026-08-28
Best Buy - US,United States,US,Best Buy - US,1P Retailer,SKU-US-0032,Dell Alienware m16 R2 - Intel Core i9 14900HX (Laptop),,Dell,Alienware m16 R2,Intel,Intel Core i9,Intel Core i9,14900HX,14th Gen / Raptor Lake-HX,Integrated Intel Arc Graphics,Laptop,"14.0""",,16GB DDR5,512GB NVMe SSD,SSD,Windows 11 Home,2103,2103,2103,2103,0,0,USD,,InStock,https://www.bestbuy.com/products/dell-alienware-m16-r2-intel-core-i9,2026-08-28T08:15:27.551208+00:00,2026-08-28
Walmart - US,United States,US,Walmart - US,1P Retailer,SKU-US-0001,Dell XPS 16 (9640) - AMD Ryzen 5 7520U (Laptop),,Dell,XPS 16 (9640),AMD,AMD Ryzen 5,AMD Ryzen 5,7520U,Zen 2 / Mendocino,Integrated Intel Arc Graphics,Laptop,"16.0""",,32GB LPDDR5X,512GB NVMe SSD,SSD,Windows 11 Home,735,735,735,735,0,0,USD,,InStock,https://www.walmart.com/products/dell-xps-16-9640--amd-ryzen-5,2026-08-28T08:15:27.551208+00:00,2026-08-28
Walmart - US,United States,US,Walmart - US,1P Retailer,SKU-US-0002,HP Envy x360 15 - Apple M3 M3 (Laptop),,HP,Envy x360 15,Apple,Apple M3,Apple M3,M3,3nm Apple Silicon,Integrated Intel Arc Graphics,Laptop,"14.0""",,16GB DDR5,512GB NVMe SSD,SSD,Windows 11 Home,782,782,782,782,0,0,USD,,InStock,https://www.walmart.com/products/hp-envy-x360-15-apple-m3,2026-08-28T08:15:27.551208+00:00,2026-08-28
Walmart - US,United States,US,Walmart - US,1P Retailer,SKU-US-0003,Lenovo IdeaPad Slim 5 - Intel Core Ultra 5 125H (Laptop),,Lenovo,IdeaPad Slim 5,Intel,Intel Core Ultra 5,Intel Core Ultra 5,125H,14th Gen / Meteor Lake,NVIDIA GeForce RTX 4060,Laptop,"16.0""",,32GB LPDDR5X,1TB NVMe SSD,SSD,Windows 11 Home,829,730,829,730,99,12,USD,,InStock,https://www.walmart.com/products/lenovo-ideapad-slim-5-intel-core-ultra-5,2026-08-28T08:15:27.551208+00:00,2026-08-28
Walmart - US,United States,US,Walmart - US,1P Retailer,SKU-US-0004,ASUS ROG Strix SCAR 18 - Intel Core i5 1335U (Laptop),,ASUS,ROG Strix SCAR 18,Intel,Intel Core i5,Intel Core i5,1335U,13th Gen / Raptor Lake,Integrated Intel Arc Graphics,Laptop,"14.0""",,16GB DDR5,512GB NVMe SSD,SSD,Windows 11 Home,876,876,876,876,0,0,USD,,InStock,https://www.walmart.com/products/asus-rog-strix-scar-18-intel-core-i5,2026-08-28T08:15:27.551208+00:00,2026-08-28
Walmart - US,United States,US,Walmart - US,1P Retailer,SKU-US-0005,Acer TravelMate P6 - AMD Ryzen 7 7840HS (Laptop),,Acer,TravelMate P6,AMD,AMD Ryzen 7,AMD Ryzen 7,7840HS,Zen 4 / Phoenix,Integrated Intel Arc Graphics,Laptop,"16.0""",,32GB LPDDR5X,512GB NVMe SSD,SSD,Windows 11 Home,923,757,923,757,166,18,USD,,InStock,https://www.walmart.com/products/acer-travelmate-p6-amd-ryzen-7,2026-08-28T08:15:27.551208+00:00,2026-08-28
Walmart - US,United States,US,Walmart - US,1P Retailer,SKU-US-0006,Samsung Galaxy Book4 Pro - Apple M3 Pro M3 Pro (Desktop PC),,Samsung,Galaxy Book4 Pro,Apple,Apple M3 Pro,Apple M3 Pro,M3 Pro,3nm Apple Silicon,NVIDIA GeForce RTX 4060,Desktop,"27""",,16GB DDR5,1TB NVMe SSD,SSD,Windows 11 Home,970,854,970,854,116,12,USD,,InStock,https://www.walmart.com/products/samsung-galaxy-book4-pro-apple-m3-pro,2026-08-28T08:15:27.551208+00:00,2026-08-28
Walmart - US,United States,US,Walmart - US,1P Retailer,SKU-US-0007,MSI Raider GE78 HX - Intel Core Ultra 7 155H (Laptop),,MSI,Raider GE78 HX,Intel,Intel Core Ultra 7,Intel Core Ultra 7,155H,14th Gen / Meteor Lake,Integrated Intel Arc Graphics,Laptop,"16.0""",,32GB LPDDR5X,512GB NVMe SSD,SSD,Windows 11 Home,1017,1017,1017,1017,0,0,USD,,InStock,https://www.walmart.com/products/msi-raider-ge78-hx-intel-core-ultra-7,2026-08-28T08:15:27.551208+00:00,2026-08-28
Walmart - US,United States,US,Walmart - US,1P Retailer,SKU-US-0008,"Apple MacBook Pro 14"" M3 - Intel Core i7 13700H (Laptop)",,Apple,"MacBook Pro 14"" M3",Intel,Intel Core i7,Intel Core i7,13700H,13th Gen / Raptor Lake,Integrated Intel Arc Graphics,Laptop,"14.0""",,16GB DDR5,512GB NVMe SSD,SSD,Windows 11 Home,1064,1064,1064,1064,0,0,USD,,InStock,https://www.walmart.com/products/apple-macbook-pro-14-m3-intel-core-i7,2026-08-28T08:15:27.551208+00:00,2026-08-28
Walmart - US,United States,US,Walmart - US,1P Retailer,SKU-US-0009,Dell Inspiron 15 (3520) - Intel Core 7 150U (Laptop),,Dell,Inspiron 15 (3520),Intel,Intel Core 7,Intel Core 7,150U,14th Gen / Series 1,NVIDIA GeForce RTX 4060,Laptop,"16.0""",,32GB LPDDR5X,1TB NVMe SSD,SSD,Windows 11 Home,1111,978,1111,978,133,12,USD,,InStock,https://www.walmart.com/products/dell-inspiron-15-3520--intel-core-7,2026-08-28T08:15:27.551208+00:00,2026-08-28
Walmart - US,United States,US,Walmart - US,1P Retailer,SKU-US-0010,HP Pavilion Plus 14 - AMD Ryzen 9 7945HX (Laptop),,HP,Pavilion Plus 14,AMD,AMD Ryzen 9,AMD Ryzen 9,7945HX,Zen 4 / Dragon Range,Integrated Intel Arc Graphics,Laptop,"14.0""",,16GB DDR5,512GB NVMe SSD,SSD,Windows 11 Home,1158,950,1158,950,208,18,USD,,InStock,https://www.walmart.com/products/hp-pavilion-plus-14-amd-ryzen-9,2026-08-28T08:15:27.551208+00:00,2026-08-28
Walmart - US,United States,US,Walmart - US,1P Retailer,,Lenovo Legion Pro 7i - Snapdragon X Elite X1E-80-100 (Laptop),,Lenovo,Legion Pro 7i,Qualcomm,Snapdragon X Elite,Snapdragon X Elite,X1E-80-100,Oryon ARM,Integrated Intel Arc Graphics,Laptop,"16.0""",,32GB LPDDR5X,512GB NVMe SSD,SSD,Windows 11 Home,1205,1205,1205,1205,0,0,USD,,InStock,https://www.walmart.com/products/lenovo-legion-pro-7i-snapdragon-x-elite,2026-08-28T08:15:27.551208+00:00,2026-08-28
Walmart - US,United States,US,Walmart - US,1P Retailer,SKU-US-0012,ASUS TUF Gaming A15 - Intel Core Ultra 9 185H (Desktop PC),,ASUS,TUF Gaming A15,Intel,Intel Core Ultra 9,Intel Core Ultra 9,185H,14th Gen / Meteor Lake,NVIDIA GeForce RTX 4060,Desktop,"27""",,16GB DDR5,1TB NVMe SSD,SSD,Windows 11 Home,1252,1102,1252,1102,150,12,USD,,InStock,https://www.walmart.com/products/asus-tuf-gaming-a15-intel-core-ultra-9,2026-08-28T08:15:27.551208+00:00,2026-08-28
Walmart - US,United States,US,Walmart - US,1P Retailer,SKU-US-0013,Acer Spin 5 - Intel Core i9 14900HX (Laptop),,Acer,Spin 5,Intel,Intel Core i9,Intel Core i9,14900HX,14th Gen / Raptor Lake-HX,Integrated Intel Arc Graphics,Laptop,"16.0""",,32GB LPDDR5X,512GB NVMe SSD,SSD,Windows 11 Home,1299,1299,1299,1299,0,0,USD,,InStock,https://www.walmart.com/products/acer-spin-5-intel-core-i9,2026-08-28T08:15:27.551208+00:00,2026-08-28
Walmart - US,United States,US,Walmart - US,1P Retailer,SKU-US-0014,Samsung Galaxy Book4 360 - AMD Ryzen 5 7520U (Laptop),,Samsung,Galaxy Book4 360,AMD,AMD Ryzen 5,AMD Ryzen 5,7520U,Zen 2 / Mendocino,Integrated Intel Arc Graphics,Laptop,"14.0""",,16GB DDR5,512GB NVMe SSD,SSD,Windows 11 Home,1346,1346,1346,1346,0,0,USD,,InStock,https://www.walmart.com/products/samsung-galaxy-book4-360-amd-ryzen-5,2026-08-28T08:15:27.551208+00:00,2026-08-28
Walmart - US,United States,US,Walmart - US,1P Retailer,SKU-US-0015,MSI Prestige 16 AI Evo - Apple M3 M3 (Laptop),,MSI,Prestige 16 AI Evo,Apple,Apple M3,Apple M3,M3,3nm Apple Silicon,NVIDIA GeForce RTX 4060,Laptop,"16.0""",,32GB LPDDR5X,1TB NVMe SSD,SSD,Windows 11 Home,1393,1226,1393,1226,167,12,USD,,InStock,https://www.walmart.com/products/msi-prestige-16-ai-evo-apple-m3,2026-08-28T08:15:27.551208+00:00,2026-08-28
Walmart - US,United States,US,Walmart - US,1P Retailer,SKU-US-0016,"Apple MacBook Pro 14"" M3 - Intel Core Ultra 5 125H (Laptop)",,Apple,"MacBook Pro 14"" M3",Intel,Intel Core Ultra 5,Intel Core Ultra 5,125H,14th Gen / Meteor Lake,Integrated Intel Arc Graphics,Laptop,"14.0""",,16GB DDR5,512GB NVMe SSD,SSD,Windows 11 Home,1440,1440,1440,1440,0,0,USD,,InStock,https://www.walmart.com/products/apple-macbook-pro-14-m3-intel-core-ultra-5,2026-08-28T08:15:27.551208+00:00,2026-08-28
Walmart - US,United States,US,Walmart - US,1P Retailer,SKU-US-0017,Dell Inspiron 16 Plus (7640) - Intel Core i5 1335U (Laptop),,Dell,Inspiron 16 Plus (7640),Intel,Intel Core i5,Intel Core i5,1335U,13th Gen / Raptor Lake,Integrated Intel Arc Graphics,Laptop,"16.0""",,32GB LPDDR5X,512GB NVMe SSD,SSD,Windows 11 Home,1487,1487,1487,1487,0,0,USD,,InStock,https://www.walmart.com/products/dell-inspiron-16-plus-7640--intel-core-i5,2026-08-28T08:15:27.551208+00:00,2026-08-28
Walmart - US,United States,US,Walmart - US,1P Retailer,SKU-US-0018,HP OMEN 16 Transcend - AMD Ryzen 7 7840HS (Desktop PC),,HP,OMEN 16 Transcend,AMD,AMD Ryzen 7,AMD Ryzen 7,7840HS,Zen 4 / Phoenix,NVIDIA GeForce RTX 4060,Desktop,"27""",,16GB DDR5,1TB NVMe SSD,SSD,Windows 11 Home,1534,1350,1534,1350,184,12,USD,,InStock,https://www.walmart.com/products/hp-omen-16-transcend-amd-ryzen-7,2026-08-28T08:15:27.551208+00:00,2026-08-28
Walmart - US,United States,US,Walmart - US,1P Retailer,SKU-US-0019,Lenovo ThinkBook 16 Gen 6 - Apple M3 Pro M3 Pro (Laptop),,Lenovo,ThinkBook 16 Gen 6,Apple,Apple M3 Pro,Apple M3 Pro,M3 Pro,3nm Apple Silicon,Integrated Intel Arc Graphics,Laptop,"16.0""",,32GB LPDDR5X,512GB NVMe SSD,SSD,Windows 11 Home,1581,1581,1581,1581,0,0,USD,,InStock,https://www.walmart.com/products/lenovo-thinkbook-16-gen-6-apple-m3-pro,2026-08-28T08:15:27.551208+00:00,2026-08-28
Walmart - US,United States,US,Walmart - US,1P Retailer,SKU-US-0020,ASUS ExpertBook B9 - Intel Core Ultra 7 155H (Laptop),,ASUS,ExpertBook B9,Intel,Intel Core Ultra 7,Intel Core Ultra 7,155H,14th Gen / Meteor Lake,Integrated Intel Arc Graphics,Laptop,"14.0""",,16GB DDR5,512GB NVMe SSD,SSD,Windows 11 Home,1628,1335,1628,1335,293,18,USD,,InStock,https://www.walmart.com/products/asus-expertbook-b9-intel-core-ultra-7,2026-08-28T08:15:27.551208+00:00,2026-08-28
Walmart - US,United States,US,Walmart - US,1P Retailer,SKU-US-0021,Acer Swift Go 14 AI - Intel Core i7 13700H (Laptop),,Acer,Swift Go 14 AI,Intel,Intel Core i7,Intel Core i7,13700H,13th Gen / Raptor Lake,NVIDIA GeForce RTX 4060,Laptop,"16.0""",,32GB LPDDR5X,1TB NVMe SSD,SSD,Windows 11 Home,1675,1474,1675,1474,201,12,USD,,InStock,https://www.walmart.com/products/acer-swift-go-14-ai-intel-core-i7,2026-08-28T08:15:27.551208+00:00,2026-08-28
Walmart - US,United States,US,Walmart - US,1P Retailer,,Samsung Galaxy Book4 Ultra - Intel Core 7 150U (Laptop),,Samsung,Galaxy Book4 Ultra,Intel,Intel Core 7,Intel Core 7,150U,14th Gen / Series 1,Integrated Intel Arc Graphics,Laptop,"14.0""",,16GB DDR5,512GB NVMe SSD,SSD,Windows 11 Home,1722,1722,1722,1722,0,0,USD,,InStock,https://www.walmart.com/products/samsung-galaxy-book4-ultra-intel-core-7,2026-08-28T08:15:27.551208+00:00,2026-08-28
Walmart - US,United States,US,Walmart - US,1P Retailer,SKU-US-0023,MSI Cyborg 15 - AMD Ryzen 9 7945HX (Laptop),,MSI,Cyborg 15,AMD,AMD Ryzen 9,AMD Ryzen 9,7945HX,Zen 4 / Dragon Range,Integrated Intel Arc Graphics,Laptop,"16.0""",,32GB LPDDR5X,512GB NVMe SSD,SSD,Windows 11 Home,1769,1769,1769,1769,0,0,USD,,InStock,https://www.walmart.com/products/msi-cyborg-15-amd-ryzen-9,2026-08-28T08:15:27.551208+00:00,2026-08-28
Walmart - US,United States,US,Walmart - US,1P Retailer,SKU-US-0024,"Apple MacBook Pro 14"" M3 - Snapdragon X Elite X1E-80-100 (Desktop PC)",,Apple,"MacBook Pro 14"" M3",Qualcomm,Snapdragon X Elite,Snapdragon X Elite,X1E-80-100,Oryon ARM,NVIDIA GeForce RTX 4060,Desktop,"27""",,16GB DDR5,1TB NVMe SSD,SSD,Windows 11 Home,1816,1598,1816,1598,218,12,USD,,InStock,https://www.walmart.com/products/apple-macbook-pro-14-m3-snapdragon-x-elite,2026-08-28T08:15:27.551208+00:00,2026-08-28
Walmart - US,United States,US,Walmart - US,1P Retailer,SKU-US-0025,Dell Alienware m16 R2 - Intel Core Ultra 9 185H (Laptop),,Dell,Alienware m16 R2,Intel,Intel Core Ultra 9,Intel Core Ultra 9,185H,14th Gen / Meteor Lake,Integrated Intel Arc Graphics,Laptop,"16.0""",,32GB LPDDR5X,512GB NVMe SSD,SSD,Windows 11 Home,1863,1528,1863,1528,335,18,USD,,InStock,https://www.walmart.com/products/dell-alienware-m16-r2-intel-core-ultra-9,2026-08-28T08:15:27.551208+00:00,2026-08-28
Walmart - US,United States,US,Walmart - US,1P Retailer,SKU-US-0026,HP Victus 15 - Intel Core i9 14900HX (Laptop),,HP,Victus 15,Intel,Intel Core i9,Intel Core i9,14900HX,14th Gen / Raptor Lake-HX,Integrated Intel Arc Graphics,Laptop,"14.0""",,16GB DDR5,512GB NVMe SSD,SSD,Windows 11 Home,1910,1910,1910,1910,0,0,USD,,InStock,https://www.walmart.com/products/hp-victus-15-intel-core-i9,2026-08-28T08:15:27.551208+00:00,2026-08-28
Walmart - US,United States,US,Walmart - US,1P Retailer,SKU-US-0027,Lenovo LOQ 15IRX9 - AMD Ryzen 5 7520U (Laptop),,Lenovo,LOQ 15IRX9,AMD,AMD Ryzen 5,AMD Ryzen 5,7520U,Zen 2 / Mendocino,NVIDIA GeForce RTX 4060,Laptop,"16.0""",,32GB LPDDR5X,1TB NVMe SSD,SSD,Windows 11 Home,1957,1722,1957,1722,235,12,USD,,InStock,https://www.walmart.com/products/lenovo-loq-15irx9-amd-ryzen-5,2026-08-28T08:15:27.551208+00:00,2026-08-28
Walmart - US,United States,US,Walmart - US,1P Retailer,SKU-US-0028,ASUS Zenbook Duo (2024) - Apple M3 M3 (Laptop),,ASUS,Zenbook Duo (2024),Apple,Apple M3,Apple M3,M3,3nm Apple Silicon,Integrated Intel Arc Graphics,Laptop,"14.0""",,16GB DDR5,512GB NVMe SSD,SSD,Windows 11 Home,2004,2004,2004,2004,0,0,USD,,InStock,https://www.walmart.com/products/asus-zenbook-duo-2024--apple-m3,2026-08-28T08:15:27.551208+00:00,2026-08-28
Walmart - US,United States,US,Walmart - US,1P Retailer,SKU-US-0029,Acer Swift X 14 - Intel Core Ultra 5 125H (Laptop),,Acer,Swift X 14,Intel,Intel Core Ultra 5,Intel Core Ultra 5,125H,14th Gen / Meteor Lake,Integrated Intel Arc Graphics,Laptop,"16.0""",,32GB LPDDR5X,512GB NVMe SSD,SSD,Windows 11 Home,2051,2051,2051,2051,0,0,USD,,InStock,https://www.walmart.com/products/acer-swift-x-14-intel-core-ultra-5,2026-08-28T08:15:27.551208+00:00,2026-08-28
Walmart - US,United States,US,Walmart - US,1P Retailer,SKU-US-0030,Samsung Galaxy Book4 Pro - Intel Core i5 1335U (Desktop PC),,Samsung,Galaxy Book4 Pro,Intel,Intel Core i5,Intel Core i5,1335U,13th Gen / Raptor Lake,NVIDIA GeForce RTX 4060,Desktop,"27""",,16GB DDR5,1TB NVMe SSD,SSD,Windows 11 Home,2098,1846,2098,1846,252,12,USD,,InStock,https://www.walmart.com/products/samsung-galaxy-book4-pro-intel-core-i5,2026-08-28T08:15:27.551208+00:00,2026-08-28
Costco - US,United States,US,Costco - US,1P Retailer,SKU-US-0001,"Apple MacBook Pro 16"" M3 Max - Intel Core Ultra 7 155H (Laptop)",,Apple,"MacBook Pro 16"" M3 Max",Intel,Intel Core Ultra 7,Intel Core Ultra 7,155H,14th Gen / Meteor Lake,Integrated Intel Arc Graphics,Laptop,"16.0""",,32GB LPDDR5X,512GB NVMe SSD,SSD,Windows 11 Home,824,824,824,824,0,0,USD,,InStock,https://www.costco.com/products/apple-macbook-pro-16-m3-max-intel-core-ultra-7,2026-08-28T08:15:27.551208+00:00,2026-08-28
Costco - US,United States,US,Costco - US,1P Retailer,SKU-US-0002,Dell Inspiron 15 (3520) - Intel Core i7 13700H (Laptop),,Dell,Inspiron 15 (3520),Intel,Intel Core i7,Intel Core i7,13700H,13th Gen / Raptor Lake,Integrated Intel Arc Graphics,Laptop,"14.0""",,16GB DDR5,512GB NVMe SSD,SSD,Windows 11 Home,871,871,871,871,0,0,USD,,InStock,https://www.costco.com/products/dell-inspiron-15-3520--intel-core-i7,2026-08-28T08:15:27.551208+00:00,2026-08-28
Costco - US,United States,US,Costco - US,1P Retailer,SKU-US-0003,HP Pavilion Plus 14 - Intel Core 7 150U (Laptop),,HP,Pavilion Plus 14,Intel,Intel Core 7,Intel Core 7,150U,14th Gen / Series 1,NVIDIA GeForce RTX 4060,Laptop,"16.0""",,32GB LPDDR5X,1TB NVMe SSD,SSD,Windows 11 Home,918,808,918,808,110,12,USD,,InStock,https://www.costco.com/products/hp-pavilion-plus-14-intel-core-7,2026-08-28T08:15:27.551208+00:00,2026-08-28
Costco - US,United States,US,Costco - US,1P Retailer,SKU-US-0004,Lenovo Legion Pro 7i - AMD Ryzen 9 7945HX (Laptop),,Lenovo,Legion Pro 7i,AMD,AMD Ryzen 9,AMD Ryzen 9,7945HX,Zen 4 / Dragon Range,Integrated Intel Arc Graphics,Laptop,"14.0""",,16GB DDR5,512GB NVMe SSD,SSD,Windows 11 Home,965,965,965,965,0,0,USD,,InStock,https://www.costco.com/products/lenovo-legion-pro-7i-amd-ryzen-9,2026-08-28T08:15:27.551208+00:00,2026-08-28
Costco - US,United States,US,Costco - US,1P Retailer,SKU-US-0005,ASUS TUF Gaming A15 - Snapdragon X Elite X1E-80-100 (Laptop),,ASUS,TUF Gaming A15,Qualcomm,Snapdragon X Elite,Snapdragon X Elite,X1E-80-100,Oryon ARM,Integrated Intel Arc Graphics,Laptop,"16.0""",,32GB LPDDR5X,512GB NVMe SSD,SSD,Windows 11 Home,1012,830,1012,830,182,18,USD,,InStock,https://www.costco.com/products/asus-tuf-gaming-a15-snapdragon-x-elite,2026-08-28T08:15:27.551208+00:00,2026-08-28
Costco - US,United States,US,Costco - US,1P Retailer,SKU-US-0006,Acer Spin 5 - Intel Core Ultra 9 185H (Desktop PC),,Acer,Spin 5,Intel,Intel Core Ultra 9,Intel Core Ultra 9,185H,14th Gen / Meteor Lake,NVIDIA GeForce RTX 4060,Desktop,"27""",,16GB DDR5,1TB NVMe SSD,SSD,Windows 11 Home,1059,932,1059,932,127,12,USD,,InStock,https://www.costco.com/products/acer-spin-5-intel-core-ultra-9,2026-08-28T08:15:27.551208+00:00,2026-08-28
Costco - US,United States,US,Costco - US,1P Retailer,SKU-US-0007,Samsung Galaxy Book4 Ultra - Intel Core i9 14900HX (Laptop),,Samsung,Galaxy Book4 Ultra,Intel,Intel Core i9,Intel Core i9,14900HX,14th Gen / Raptor Lake-HX,Integrated Intel Arc Graphics,Laptop,"16.0""",,32GB LPDDR5X,512GB NVMe SSD,SSD,Windows 11 Home,1106,1106,1106,1106,0,0,USD,,InStock,https://www.costco.com/products/samsung-galaxy-book4-ultra-intel-core-i9,2026-08-28T08:15:27.551208+00:00,2026-08-28
Costco - US,United States,US,Costco - US,1P Retailer,SKU-US-0008,MSI Cyborg 15 - AMD Ryzen 5 7520U (Laptop),,MSI,Cyborg 15,AMD,AMD Ryzen 5,AMD Ryzen 5,7520U,Zen 2 / Mendocino,Integrated Intel Arc Graphics,Laptop,"14.0""",,16GB DDR5,512GB NVMe SSD,SSD,Windows 11 Home,1153,1153,1153,1153,0,0,USD,,InStock,https://www.costco.com/products/msi-cyborg-15-amd-ryzen-5,2026-08-28T08:15:27.551208+00:00,2026-08-28
Costco - US,United States,US,Costco - US,1P Retailer,SKU-US-0009,"Apple MacBook Pro 16"" M3 Max - Apple M3 M3 (Laptop)",,Apple,"MacBook Pro 16"" M3 Max",Apple,Apple M3,Apple M3,M3,3nm Apple Silicon,NVIDIA GeForce RTX 4060,Laptop,"16.0""",,32GB LPDDR5X,1TB NVMe SSD,SSD,Windows 11 Home,1200,1056,1200,1056,144,12,USD,,InStock,https://www.costco.com/products/apple-macbook-pro-16-m3-max-apple-m3,2026-08-28T08:15:27.551208+00:00,2026-08-28
Costco - US,United States,US,Costco - US,1P Retailer,SKU-US-0010,Dell Inspiron 16 Plus (7640) - Intel Core Ultra 5 125H (Laptop),,Dell,Inspiron 16 Plus (7640),Intel,Intel Core Ultra 5,Intel Core Ultra 5,125H,14th Gen / Meteor Lake,Integrated Intel Arc Graphics,Laptop,"14.0""",,16GB DDR5,512GB NVMe SSD,SSD,Windows 11 Home,1247,1023,1247,1023,224,18,USD,,InStock,https://www.costco.com/products/dell-inspiron-16-plus-7640--intel-core-ultra-5,2026-08-28T08:15:27.551208+00:00,2026-08-28
Costco - US,United States,US,Costco - US,1P Retailer,,HP OMEN 16 Transcend - Intel Core i5 1335U (Laptop),,HP,OMEN 16 Transcend,Intel,Intel Core i5,Intel Core i5,1335U,13th Gen / Raptor Lake,Integrated Intel Arc Graphics,Laptop,"16.0""",,32GB LPDDR5X,512GB NVMe SSD,SSD,Windows 11 Home,1294,1294,1294,1294,0,0,USD,,InStock,https://www.costco.com/products/hp-omen-16-transcend-intel-core-i5,2026-08-28T08:15:27.551208+00:00,2026-08-28
Costco - US,United States,US,Costco - US,1P Retailer,SKU-US-0012,Lenovo ThinkBook 16 Gen 6 - AMD Ryzen 7 7840HS (Desktop PC),,Lenovo,ThinkBook 16 Gen 6,AMD,AMD Ryzen 7,AMD Ryzen 7,7840HS,Zen 4 / Phoenix,NVIDIA GeForce RTX 4060,Desktop,"27""",,16GB DDR5,1TB NVMe SSD,SSD,Windows 11 Home,1341,1180,1341,1180,161,12,USD,,InStock,https://www.costco.com/products/lenovo-thinkbook-16-gen-6-amd-ryzen-7,2026-08-28T08:15:27.551208+00:00,2026-08-28
Costco - US,United States,US,Costco - US,1P Retailer,SKU-US-0013,ASUS ExpertBook B9 - Apple M3 Pro M3 Pro (Laptop),,ASUS,ExpertBook B9,Apple,Apple M3 Pro,Apple M3 Pro,M3 Pro,3nm Apple Silicon,Integrated Intel Arc Graphics,Laptop,"16.0""",,32GB LPDDR5X,512GB NVMe SSD,SSD,Windows 11 Home,1388,1388,1388,1388,0,0,USD,,InStock,https://www.costco.com/products/asus-expertbook-b9-apple-m3-pro,2026-08-28T08:15:27.551208+00:00,2026-08-28
Costco - US,United States,US,Costco - US,1P Retailer,SKU-US-0014,Acer Swift Go 14 AI - Intel Core Ultra 7 155H (Laptop),,Acer,Swift Go 14 AI,Intel,Intel Core Ultra 7,Intel Core Ultra 7,155H,14th Gen / Meteor Lake,Integrated Intel Arc Graphics,Laptop,"14.0""",,16GB DDR5,512GB NVMe SSD,SSD,Windows 11 Home,1435,1435,1435,1435,0,0,USD,,InStock,https://www.costco.com/products/acer-swift-go-14-ai-intel-core-ultra-7,2026-08-28T08:15:27.551208+00:00,2026-08-28
Costco - US,United States,US,Costco - US,1P Retailer,SKU-US-0015,Samsung Galaxy Book4 Pro - Intel Core i7 13700H (Laptop),,Samsung,Galaxy Book4 Pro,Intel,Intel Core i7,Intel Core i7,13700H,13th Gen / Raptor Lake,NVIDIA GeForce RTX 4060,Laptop,"16.0""",,32GB LPDDR5X,1TB NVMe SSD,SSD,Windows 11 Home,1482,1304,1482,1304,178,12,USD,,InStock,https://www.costco.com/products/samsung-galaxy-book4-pro-intel-core-i7,2026-08-28T08:15:27.551208+00:00,2026-08-28
Costco - US,United States,US,Costco - US,1P Retailer,SKU-US-0016,MSI Stealth 16 AI Studio - Intel Core 7 150U (Laptop),,MSI,Stealth 16 AI Studio,Intel,Intel Core 7,Intel Core 7,150U,14th Gen / Series 1,Integrated Intel Arc Graphics,Laptop,"14.0""",,16GB DDR5,512GB NVMe SSD,SSD,Windows 11 Home,1529,1529,1529,1529,0,0,USD,,InStock,https://www.costco.com/products/msi-stealth-16-ai-studio-intel-core-7,2026-08-28T08:15:27.551208+00:00,2026-08-28
Costco - US,United States,US,Costco - US,1P Retailer,SKU-US-0017,"Apple MacBook Pro 16"" M3 Max - AMD Ryzen 9 7945HX (Laptop)",,Apple,"MacBook Pro 16"" M3 Max",AMD,AMD Ryzen 9,AMD Ryzen 9,7945HX,Zen 4 / Dragon Range,Integrated Intel Arc Graphics,Laptop,"16.0""",,32GB LPDDR5X,512GB NVMe SSD,SSD,Windows 11 Home,1576,1576,1576,1576,0,0,USD,,InStock,https://www.costco.com/products/apple-macbook-pro-16-m3-max-amd-ryzen-9,2026-08-28T08:15:27.551208+00:00,2026-08-28
Costco - US,United States,US,Costco - US,1P Retailer,SKU-US-0018,Dell Alienware m16 R2 - Snapdragon X Elite X1E-80-100 (Desktop PC),,Dell,Alienware m16 R2,Qualcomm,Snapdragon X Elite,Snapdragon X Elite,X1E-80-100,Oryon ARM,NVIDIA GeForce RTX 4060,Desktop,"27""",,16GB DDR5,1TB NVMe SSD,SSD,Windows 11 Home,1623,1428,1623,1428,195,12,USD,,InStock,https://www.costco.com/products/dell-alienware-m16-r2-snapdragon-x-elite,2026-08-28T08:15:27.551208+00:00,2026-08-28
Costco - US,United States,US,Costco - US,1P Retailer,SKU-US-0019,HP Victus 15 - Intel Core Ultra 9 185H (Laptop),,HP,Victus 15,Intel,Intel Core Ultra 9,Intel Core Ultra 9,185H,14th Gen / Meteor Lake,Integrated Intel Arc Graphics,Laptop,"16.0""",,32GB LPDDR5X,512GB NVMe SSD,SSD,Windows 11 Home,1670,1670,1670,1670,0,0,USD,,InStock,https://www.costco.com/products/hp-victus-15-intel-core-ultra-9,2026-08-28T08:15:27.551208+00:00,2026-08-28
Costco - US,United States,US,Costco - US,1P Retailer,SKU-US-0020,Lenovo LOQ 15IRX9 - Intel Core i9 14900HX (Laptop),,Lenovo,LOQ 15IRX9,Intel,Intel Core i9,Intel Core i9,14900HX,14th Gen / Raptor Lake-HX,Integrated Intel Arc Graphics,Laptop,"14.0""",,16GB DDR5,512GB NVMe SSD,SSD,Windows 11 Home,1717,1408,1717,1408,309,18,USD,,InStock,https://www.costco.com/products/lenovo-loq-15irx9-intel-core-i9,2026-08-28T08:15:27.551208+00:00,2026-08-28
Costco - US,United States,US,Costco - US,1P Retailer,SKU-US-0021,ASUS Zenbook Duo (2024) - AMD Ryzen 5 7520U (Laptop),,ASUS,Zenbook Duo (2024),AMD,AMD Ryzen 5,AMD Ryzen 5,7520U,Zen 2 / Mendocino,NVIDIA GeForce RTX 4060,Laptop,"16.0""",,32GB LPDDR5X,1TB NVMe SSD,SSD,Windows 11 Home,1764,1552,1764,1552,212,12,USD,,InStock,https://www.costco.com/products/asus-zenbook-duo-2024--amd-ryzen-5,2026-08-28T08:15:27.551208+00:00,2026-08-28
Costco - US,United States,US,Costco - US,1P Retailer,,Acer Swift X 14 - Apple M3 M3 (Laptop),,Acer,Swift X 14,Apple,Apple M3,Apple M3,M3,3nm Apple Silicon,Integrated Intel Arc Graphics,Laptop,"14.0""",,16GB DDR5,512GB NVMe SSD,SSD,Windows 11 Home,1811,1811,1811,1811,0,0,USD,,InStock,https://www.costco.com/products/acer-swift-x-14-apple-m3,2026-08-28T08:15:27.551208+00:00,2026-08-28
Costco - US,United States,US,Costco - US,1P Retailer,SKU-US-0023,Samsung Galaxy Book4 360 - Intel Core Ultra 5 125H (Laptop),,Samsung,Galaxy Book4 360,Intel,Intel Core Ultra 5,Intel Core Ultra 5,125H,14th Gen / Meteor Lake,Integrated Intel Arc Graphics,Laptop,"16.0""",,32GB LPDDR5X,512GB NVMe SSD,SSD,Windows 11 Home,1858,1858,1858,1858,0,0,USD,,InStock,https://www.costco.com/products/samsung-galaxy-book4-360-intel-core-ultra-5,2026-08-28T08:15:27.551208+00:00,2026-08-28
Costco - US,United States,US,Costco - US,1P Retailer,SKU-US-0024,MSI Modern 14 - Intel Core i5 1335U (Desktop PC),,MSI,Modern 14,Intel,Intel Core i5,Intel Core i5,1335U,13th Gen / Raptor Lake,NVIDIA GeForce RTX 4060,Desktop,"27""",,16GB DDR5,1TB NVMe SSD,SSD,Windows 11 Home,1905,1676,1905,1676,229,12,USD,,InStock,https://www.costco.com/products/msi-modern-14-intel-core-i5,2026-08-28T08:15:27.551208+00:00,2026-08-28
Costco - US,United States,US,Costco - US,1P Retailer,SKU-US-0025,"Apple MacBook Pro 16"" M3 Max - AMD Ryzen 7 7840HS (Laptop)",,Apple,"MacBook Pro 16"" M3 Max",AMD,AMD Ryzen 7,AMD Ryzen 7,7840HS,Zen 4 / Phoenix,Integrated Intel Arc Graphics,Laptop,"16.0""",,32GB LPDDR5X,512GB NVMe SSD,SSD,Windows 11 Home,1952,1601,1952,1601,351,18,USD,,InStock,https://www.costco.com/products/apple-macbook-pro-16-m3-max-amd-ryzen-7,2026-08-28T08:15:27.551208+00:00,2026-08-28
Costco - US,United States,US,Costco - US,1P Retailer,SKU-US-0026,Dell Latitude 5540 - Apple M3 Pro M3 Pro (Laptop),,Dell,Latitude 5540,Apple,Apple M3 Pro,Apple M3 Pro,M3 Pro,3nm Apple Silicon,Integrated Intel Arc Graphics,Laptop,"14.0""",,16GB DDR5,512GB NVMe SSD,SSD,Windows 11 Home,1999,1999,1999,1999,0,0,USD,,InStock,https://www.costco.com/products/dell-latitude-5540-apple-m3-pro,2026-08-28T08:15:27.551208+00:00,2026-08-28
Costco - US,United States,US,Costco - US,1P Retailer,SKU-US-0027,HP EliteBook 840 G10 - Intel Core Ultra 7 155H (Laptop),,HP,EliteBook 840 G10,Intel,Intel Core Ultra 7,Intel Core Ultra 7,155H,14th Gen / Meteor Lake,NVIDIA GeForce RTX 4060,Laptop,"16.0""",,32GB LPDDR5X,1TB NVMe SSD,SSD,Windows 11 Home,2046,1800,2046,1800,246,12,USD,,InStock,https://www.costco.com/products/hp-elitebook-840-g10-intel-core-ultra-7,2026-08-28T08:15:27.551208+00:00,2026-08-28
Costco - US,United States,US,Costco - US,1P Retailer,SKU-US-0028,Lenovo ThinkPad X1 Carbon Gen 12 - Intel Core i7 13700H (Laptop),,Lenovo,ThinkPad X1 Carbon Gen 12,Intel,Intel Core i7,Intel Core i7,13700H,13th Gen / Raptor Lake,Integrated Intel Arc Graphics,Laptop,"14.0""",,16GB DDR5,512GB NVMe SSD,SSD,Windows 11 Home,2093,2093,2093,2093,0,0,USD,,InStock,https://www.costco.com/products/lenovo-thinkpad-x1-carbon-gen-12-intel-core-i7,2026-08-28T08:15:27.551208+00:00,2026-08-28
Amazon - US,United States,US,Amazon - US,3P Marketplace,SKU-US-0001,MSI Stealth 16 AI Studio - Intel Core i9 14900HX (Laptop),,MSI,Stealth 16 AI Studio,Intel,Intel Core i9,Intel Core i9,14900HX,14th Gen / Raptor Lake-HX,Integrated Intel Arc Graphics,Laptop,"16.0""",,32GB LPDDR5X,512GB NVMe SSD,SSD,Windows 11 Home,913,913,913,913,0,0,USD,,InStock,https://www.amazon.com/products/msi-stealth-16-ai-studio-intel-core-i9,2026-08-28T08:15:27.551208+00:00,2026-08-28
Amazon - US,United States,US,Amazon - US,3P Marketplace,SKU-US-0002,"Apple MacBook Air 13"" M3 - AMD Ryzen 5 7520U (Laptop)",,Apple,"MacBook Air 13"" M3",AMD,AMD Ryzen 5,AMD Ryzen 5,7520U,Zen 2 / Mendocino,Integrated Intel Arc Graphics,Laptop,"14.0""",,16GB DDR5,512GB NVMe SSD,SSD,Windows 11 Home,960,960,960,960,0,0,USD,,InStock,https://www.amazon.com/products/apple-macbook-air-13-m3-amd-ryzen-5,2026-08-28T08:15:27.551208+00:00,2026-08-28
Amazon - US,United States,US,Amazon - US,3P Marketplace,SKU-US-0003,Dell Inspiron 16 Plus (7640) - Apple M3 M3 (Laptop),,Dell,Inspiron 16 Plus (7640),Apple,Apple M3,Apple M3,M3,3nm Apple Silicon,NVIDIA GeForce RTX 4060,Laptop,"16.0""",,32GB LPDDR5X,1TB NVMe SSD,SSD,Windows 11 Home,1007,886,1007,886,121,12,USD,,InStock,https://www.amazon.com/products/dell-inspiron-16-plus-7640--apple-m3,2026-08-28T08:15:27.551208+00:00,2026-08-28
Amazon - US,United States,US,Amazon - US,3P Marketplace,SKU-US-0004,HP OMEN 16 Transcend - Intel Core Ultra 5 125H (Laptop),,HP,OMEN 16 Transcend,Intel,Intel Core Ultra 5,Intel Core Ultra 5,125H,14th Gen / Meteor Lake,Integrated Intel Arc Graphics,Laptop,"14.0""",,16GB DDR5,512GB NVMe SSD,SSD,Windows 11 Home,1054,1054,1054,1054,0,0,USD,,InStock,https://www.amazon.com/products/hp-omen-16-transcend-intel-core-ultra-5,2026-08-28T08:15:27.551208+00:00,2026-08-28
Amazon - US,United States,US,Amazon - US,3P Marketplace,SKU-US-0005,Lenovo ThinkBook 16 Gen 6 - Intel Core i5 1335U (Laptop),,Lenovo,ThinkBook 16 Gen 6,Intel,Intel Core i5,Intel Core i5,1335U,13th Gen / Raptor Lake,Integrated Intel Arc Graphics,Laptop,"16.0""",,32GB LPDDR5X,512GB NVMe SSD,SSD,Windows 11 Home,1101,903,1101,903,198,18,USD,,InStock,https://www.amazon.com/products/lenovo-thinkbook-16-gen-6-intel-core-i5,2026-08-28T08:15:27.551208+00:00,2026-08-28
Amazon - US,United States,US,Amazon - US,3P Marketplace,SKU-US-0006,ASUS ExpertBook B9 - AMD Ryzen 7 7840HS (Desktop PC),,ASUS,ExpertBook B9,AMD,AMD Ryzen 7,AMD Ryzen 7,7840HS,Zen 4 / Phoenix,NVIDIA GeForce RTX 4060,Desktop,"27""",,16GB DDR5,1TB NVMe SSD,SSD,Windows 11 Home,1148,1010,1148,1010,138,12,USD,,InStock,https://www.amazon.com/products/asus-expertbook-b9-amd-ryzen-7,2026-08-28T08:15:27.551208+00:00,2026-08-28
Amazon - US,United States,US,Amazon - US,3P Marketplace,SKU-US-0007,Acer Swift Go 14 AI - Apple M3 Pro M3 Pro (Laptop),,Acer,Swift Go 14 AI,Apple,Apple M3 Pro,Apple M3 Pro,M3 Pro,3nm Apple Silicon,Integrated Intel Arc Graphics,Laptop,"16.0""",,32GB LPDDR5X,512GB NVMe SSD,SSD,Windows 11 Home,1195,1195,1195,1195,0,0,USD,,InStock,https://www.amazon.com/products/acer-swift-go-14-ai-apple-m3-pro,2026-08-28T08:15:27.551208+00:00,2026-08-28
Amazon - US,United States,US,Amazon - US,3P Marketplace,SKU-US-0008,Samsung Galaxy Book4 360 - Intel Core Ultra 7 155H (Laptop),,Samsung,Galaxy Book4 360,Intel,Intel Core Ultra 7,Intel Core Ultra 7,155H,14th Gen / Meteor Lake,Integrated Intel Arc Graphics,Laptop,"14.0""",,16GB DDR5,512GB NVMe SSD,SSD,Windows 11 Home,1242,1242,1242,1242,0,0,USD,,InStock,https://www.amazon.com/products/samsung-galaxy-book4-360-intel-core-ultra-7,2026-08-28T08:15:27.551208+00:00,2026-08-28
Amazon - US,United States,US,Amazon - US,3P Marketplace,SKU-US-0009,MSI Modern 14 - Intel Core i7 13700H (Laptop),,MSI,Modern 14,Intel,Intel Core i7,Intel Core i7,13700H,13th Gen / Raptor Lake,NVIDIA GeForce RTX 4060,Laptop,"16.0""",,32GB LPDDR5X,1TB NVMe SSD,SSD,Windows 11 Home,1289,1134,1289,1134,155,12,USD,,InStock,https://www.amazon.com/products/msi-modern-14-intel-core-i7,2026-08-28T08:15:27.551208+00:00,2026-08-28
Amazon - US,United States,US,Amazon - US,3P Marketplace,SKU-US-0010,"Apple MacBook Air 13"" M3 - Intel Core 7 150U (Laptop)",,Apple,"MacBook Air 13"" M3",Intel,Intel Core 7,Intel Core 7,150U,14th Gen / Series 1,Integrated Intel Arc Graphics,Laptop,"14.0""",,16GB DDR5,512GB NVMe SSD,SSD,Windows 11 Home,1336,1096,1336,1096,240,18,USD,,InStock,https://www.amazon.com/products/apple-macbook-air-13-m3-intel-core-7,2026-08-28T08:15:27.551208+00:00,2026-08-28
Amazon - US,United States,US,Amazon - US,3P Marketplace,,Dell Alienware m16 R2 - AMD Ryzen 9 7945HX (Laptop),,Dell,Alienware m16 R2,AMD,AMD Ryzen 9,AMD Ryzen 9,7945HX,Zen 4 / Dragon Range,Integrated Intel Arc Graphics,Laptop,"16.0""",,32GB LPDDR5X,512GB NVMe SSD,SSD,Windows 11 Home,1383,1383,1383,1383,0,0,USD,,InStock,https://www.amazon.com/products/dell-alienware-m16-r2-amd-ryzen-9,2026-08-28T08:15:27.551208+00:00,2026-08-28
Amazon - US,United States,US,Amazon - US,3P Marketplace,SKU-US-0012,HP Victus 15 - Snapdragon X Elite X1E-80-100 (Desktop PC),,HP,Victus 15,Qualcomm,Snapdragon X Elite,Snapdragon X Elite,X1E-80-100,Oryon ARM,NVIDIA GeForce RTX 4060,Desktop,"27""",,16GB DDR5,1TB NVMe SSD,SSD,Windows 11 Home,1430,1258,1430,1258,172,12,USD,,InStock,https://www.amazon.com/products/hp-victus-15-snapdragon-x-elite,2026-08-28T08:15:27.551208+00:00,2026-08-28
Amazon - US,United States,US,Amazon - US,3P Marketplace,SKU-US-0013,Lenovo LOQ 15IRX9 - Intel Core Ultra 9 185H (Laptop),,Lenovo,LOQ 15IRX9,Intel,Intel Core Ultra 9,Intel Core Ultra 9,185H,14th Gen / Meteor Lake,Integrated Intel Arc Graphics,Laptop,"16.0""",,32GB LPDDR5X,512GB NVMe SSD,SSD,Windows 11 Home,1477,1477,1477,1477,0,0,USD,,InStock,https://www.amazon.com/products/lenovo-loq-15irx9-intel-core-ultra-9,2026-08-28T08:15:27.551208+00:00,2026-08-28
Amazon - US,United States,US,Amazon - US,3P Marketplace,SKU-US-0014,ASUS Zenbook Duo (2024) - Intel Core i9 14900HX (Laptop),,ASUS,Zenbook Duo (2024),Intel,Intel Core i9,Intel Core i9,14900HX,14th Gen / Raptor Lake-HX,Integrated Intel Arc Graphics,Laptop,"14.0""",,16GB DDR5,512GB NVMe SSD,SSD,Windows 11 Home,1524,1524,1524,1524,0,0,USD,,InStock,https://www.amazon.com/products/asus-zenbook-duo-2024--intel-core-i9,2026-08-28T08:15:27.551208+00:00,2026-08-28
Amazon - US,United States,US,Amazon - US,3P Marketplace,SKU-US-0015,Acer Swift X 14 - AMD Ryzen 5 7520U (Laptop),,Acer,Swift X 14,AMD,AMD Ryzen 5,AMD Ryzen 5,7520U,Zen 2 / Mendocino,NVIDIA GeForce RTX 4060,Laptop,"16.0""",,32GB LPDDR5X,1TB NVMe SSD,SSD,Windows 11 Home,1571,1382,1571,1382,189,12,USD,,InStock,https://www.amazon.com/products/acer-swift-x-14-amd-ryzen-5,2026-08-28T08:15:27.551208+00:00,2026-08-28
Amazon - US,United States,US,Amazon - US,3P Marketplace,SKU-US-0016,Samsung Galaxy Book4 Ultra - Apple M3 M3 (Laptop),,Samsung,Galaxy Book4 Ultra,Apple,Apple M3,Apple M3,M3,3nm Apple Silicon,Integrated Intel Arc Graphics,Laptop,"14.0""",,16GB DDR5,512GB NVMe SSD,SSD,Windows 11 Home,1618,1618,1618,1618,0,0,USD,,InStock,https://www.amazon.com/products/samsung-galaxy-book4-ultra-apple-m3,2026-08-28T08:15:27.551208+00:00,2026-08-28
Amazon - US,United States,US,Amazon - US,3P Marketplace,SKU-US-0017,MSI Raider GE78 HX - Intel Core Ultra 5 125H (Laptop),,MSI,Raider GE78 HX,Intel,Intel Core Ultra 5,Intel Core Ultra 5,125H,14th Gen / Meteor Lake,Integrated Intel Arc Graphics,Laptop,"16.0""",,32GB LPDDR5X,512GB NVMe SSD,SSD,Windows 11 Home,1665,1665,1665,1665,0,0,USD,,InStock,https://www.amazon.com/products/msi-raider-ge78-hx-intel-core-ultra-5,2026-08-28T08:15:27.551208+00:00,2026-08-28
Amazon - US,United States,US,Amazon - US,3P Marketplace,SKU-US-0018,"Apple MacBook Air 13"" M3 - Intel Core i5 1335U (Desktop PC)",,Apple,"MacBook Air 13"" M3",Intel,Intel Core i5,Intel Core i5,1335U,13th Gen / Raptor Lake,NVIDIA GeForce RTX 4060,Desktop,"27""",,16GB DDR5,1TB NVMe SSD,SSD,Windows 11 Home,1712,1507,1712,1507,205,12,USD,,InStock,https://www.amazon.com/products/apple-macbook-air-13-m3-intel-core-i5,2026-08-28T08:15:27.551208+00:00,2026-08-28
Amazon - US,United States,US,Amazon - US,3P Marketplace,SKU-US-0019,Dell Latitude 5540 - AMD Ryzen 7 7840HS (Laptop),,Dell,Latitude 5540,AMD,AMD Ryzen 7,AMD Ryzen 7,7840HS,Zen 4 / Phoenix,Integrated Intel Arc Graphics,Laptop,"16.0""",,32GB LPDDR5X,512GB NVMe SSD,SSD,Windows 11 Home,1759,1759,1759,1759,0,0,USD,,InStock,https://www.amazon.com/products/dell-latitude-5540-amd-ryzen-7,2026-08-28T08:15:27.551208+00:00,2026-08-28
Amazon - US,United States,US,Amazon - US,3P Marketplace,SKU-US-0020,HP EliteBook 840 G10 - Apple M3 Pro M3 Pro (Laptop),,HP,EliteBook 840 G10,Apple,Apple M3 Pro,Apple M3 Pro,M3 Pro,3nm Apple Silicon,Integrated Intel Arc Graphics,Laptop,"14.0""",,16GB DDR5,512GB NVMe SSD,SSD,Windows 11 Home,1806,1481,1806,1481,325,18,USD,,InStock,https://www.amazon.com/products/hp-elitebook-840-g10-apple-m3-pro,2026-08-28T08:15:27.551208+00:00,2026-08-28
Amazon - US,United States,US,Amazon - US,3P Marketplace,SKU-US-0021,Lenovo ThinkPad X1 Carbon Gen 12 - Intel Core Ultra 7 155H (Laptop),,Lenovo,ThinkPad X1 Carbon Gen 12,Intel,Intel Core Ultra 7,Intel Core Ultra 7,155H,14th Gen / Meteor Lake,NVIDIA GeForce RTX 4060,Laptop,"16.0""",,32GB LPDDR5X,1TB NVMe SSD,SSD,Windows 11 Home,1853,1631,1853,1631,222,12,USD,,InStock,https://www.amazon.com/products/lenovo-thinkpad-x1-carbon-gen-12-intel-core-ultra-7,2026-08-28T08:15:27.551208+00:00,2026-08-28
Amazon - US,United States,US,Amazon - US,3P Marketplace,,ASUS Zenbook 14 OLED - Intel Core i7 13700H (Laptop),,ASUS,Zenbook 14 OLED,Intel,Intel Core i7,Intel Core i7,13700H,13th Gen / Raptor Lake,Integrated Intel Arc Graphics,Laptop,"14.0""",,16GB DDR5,512GB NVMe SSD,SSD,Windows 11 Home,1900,1900,1900,1900,0,0,USD,,InStock,https://www.amazon.com/products/asus-zenbook-14-oled-intel-core-i7,2026-08-28T08:15:27.551208+00:00,2026-08-28
Amazon - US,United States,US,Amazon - US,3P Marketplace,SKU-US-0023,Acer Aspire 5 - Intel Core 7 150U (Laptop),,Acer,Aspire 5,Intel,Intel Core 7,Intel Core 7,150U,14th Gen / Series 1,Integrated Intel Arc Graphics,Laptop,"16.0""",,32GB LPDDR5X,512GB NVMe SSD,SSD,Windows 11 Home,1947,1947,1947,1947,0,0,USD,,InStock,https://www.amazon.com/products/acer-aspire-5-intel-core-7,2026-08-28T08:15:27.551208+00:00,2026-08-28
Amazon - US,United States,US,Amazon - US,3P Marketplace,SKU-US-0024,Samsung Galaxy Book4 Pro - AMD Ryzen 9 7945HX (Desktop PC),,Samsung,Galaxy Book4 Pro,AMD,AMD Ryzen 9,AMD Ryzen 9,7945HX,Zen 4 / Dragon Range,NVIDIA GeForce RTX 4060,Desktop,"27""",,16GB DDR5,1TB NVMe SSD,SSD,Windows 11 Home,1994,1755,1994,1755,239,12,USD,,InStock,https://www.amazon.com/products/samsung-galaxy-book4-pro-amd-ryzen-9,2026-08-28T08:15:27.551208+00:00,2026-08-28
Amazon - US,United States,US,Amazon - US,3P Marketplace,SKU-US-0025,MSI Prestige 16 AI Evo - Snapdragon X Elite X1E-80-100 (Laptop),,MSI,Prestige 16 AI Evo,Qualcomm,Snapdragon X Elite,Snapdragon X Elite,X1E-80-100,Oryon ARM,Integrated Intel Arc Graphics,Laptop,"16.0""",,32GB LPDDR5X,512GB NVMe SSD,SSD,Windows 11 Home,2041,1674,2041,1674,367,18,USD,,InStock,https://www.amazon.com/products/msi-prestige-16-ai-evo-snapdragon-x-elite,2026-08-28T08:15:27.551208+00:00,2026-08-28
Amazon - US,United States,US,Amazon - US,3P Marketplace,SKU-US-0026,"Apple MacBook Air 13"" M3 - Intel Core Ultra 9 185H (Laptop)",,Apple,"MacBook Air 13"" M3",Intel,Intel Core Ultra 9,Intel Core Ultra 9,185H,14th Gen / Meteor Lake,Integrated Intel Arc Graphics,Laptop,"14.0""",,16GB DDR5,512GB NVMe SSD,SSD,Windows 11 Home,2088,2088,2088,2088,0,0,USD,,InStock,https://www.amazon.com/products/apple-macbook-air-13-m3-intel-core-ultra-9,2026-08-28T08:15:27.551208+00:00,2026-08-28
Amazon - US,United States,US,Amazon - US,3P Marketplace,SKU-US-0027,Dell G15 Gaming (5530) - Intel Core i9 14900HX (Laptop),,Dell,G15 Gaming (5530),Intel,Intel Core i9,Intel Core i9,14900HX,14th Gen / Raptor Lake-HX,NVIDIA GeForce RTX 4060,Laptop,"16.0""",,32GB LPDDR5X,1TB NVMe SSD,SSD,Windows 11 Home,2135,1879,2135,1879,256,12,USD,,InStock,https://www.amazon.com/products/dell-g15-gaming-5530--intel-core-i9,2026-08-28T08:15:27.551208+00:00,2026-08-28
Amazon - US,United States,US,Amazon - US,3P Marketplace,SKU-US-0028,HP Spectre x360 14 - AMD Ryzen 5 7520U (Laptop),,HP,Spectre x360 14,AMD,AMD Ryzen 5,AMD Ryzen 5,7520U,Zen 2 / Mendocino,Integrated Intel Arc Graphics,Laptop,"14.0""",,16GB DDR5,512GB NVMe SSD,SSD,Windows 11 Home,2182,2182,2182,2182,0,0,USD,,InStock,https://www.amazon.com/products/hp-spectre-x360-14-amd-ryzen-5,2026-08-28T08:15:27.551208+00:00,2026-08-28
Amazon - US,United States,US,Amazon - US,3P Marketplace,SKU-US-0029,"Lenovo Yoga Pro 9i (16"") - Apple M3 M3 (Laptop)",,Lenovo,"Yoga Pro 9i (16"")",Apple,Apple M3,Apple M3,M3,3nm Apple Silicon,Integrated Intel Arc Graphics,Laptop,"16.0""",,32GB LPDDR5X,512GB NVMe SSD,SSD,Windows 11 Home,2229,2229,2229,2229,0,0,USD,,InStock,https://www.amazon.com/products/lenovo-yoga-pro-9i-16--apple-m3,2026-08-28T08:15:27.551208+00:00,2026-08-28
Amazon - US,United States,US,Amazon - US,3P Marketplace,SKU-US-0030,ASUS Vivobook S 15 OLED - Intel Core Ultra 5 125H (Desktop PC),,ASUS,Vivobook S 15 OLED,Intel,Intel Core Ultra 5,Intel Core Ultra 5,125H,14th Gen / Meteor Lake,NVIDIA GeForce RTX 4060,Desktop,"27""",,16GB DDR5,1TB NVMe SSD,SSD,Windows 11 Home,2276,2003,2276,2003,273,12,USD,,InStock,https://www.amazon.com/products/asus-vivobook-s-15-oled-intel-core-ultra-5,2026-08-28T08:15:27.551208+00:00,2026-08-28
Amazon - US,United States,US,Amazon - US,3P Marketplace,SKU-US-0031,Acer Predator Helios 16 - Intel Core i5 1335U (Laptop),,Acer,Predator Helios 16,Intel,Intel Core i5,Intel Core i5,1335U,13th Gen / Raptor Lake,Integrated Intel Arc Graphics,Laptop,"16.0""",,32GB LPDDR5X,512GB NVMe SSD,SSD,Windows 11 Home,2323,2323,2323,2323,0,0,USD,,InStock,https://www.amazon.com/products/acer-predator-helios-16-intel-core-i5,2026-08-28T08:15:27.551208+00:00,2026-08-28
Amazon - US,United States,US,Amazon - US,3P Marketplace,SKU-US-0032,Samsung Galaxy Book4 360 - AMD Ryzen 7 7840HS (Laptop),,Samsung,Galaxy Book4 360,AMD,AMD Ryzen 7,AMD Ryzen 7,7840HS,Zen 4 / Phoenix,Integrated Intel Arc Graphics,Laptop,"14.0""",,16GB DDR5,512GB NVMe SSD,SSD,Windows 11 Home,2370,2370,2370,2370,0,0,USD,,InStock,https://www.amazon.com/products/samsung-galaxy-book4-360-amd-ryzen-7,2026-08-28T08:15:27.551208+00:00,2026-08-28
Amazon - US,United States,US,Amazon - US,3P Marketplace,,MSI Cyborg 15 - Apple M3 Pro M3 Pro (Laptop),,MSI,Cyborg 15,Apple,Apple M3 Pro,Apple M3 Pro,M3 Pro,3nm Apple Silicon,NVIDIA GeForce RTX 4060,Laptop,"16.0""",,32GB LPDDR5X,1TB NVMe SSD,SSD,Windows 11 Home,2417,2127,2417,2127,290,12,USD,,InStock,https://www.amazon.com/products/msi-cyborg-15-apple-m3-pro,2026-08-28T08:15:27.551208+00:00,2026-08-28
Amazon - US,United States,US,Amazon - US,3P Marketplace,SKU-US-0034,"Apple MacBook Air 13"" M3 - Intel Core Ultra 7 155H (Laptop)",,Apple,"MacBook Air 13"" M3",Intel,Intel Core Ultra 7,Intel Core Ultra 7,155H,14th Gen / Meteor Lake,Integrated Intel Arc Graphics,Laptop,"14.0""",,16GB DDR5,512GB NVMe SSD,SSD,Windows 11 Home,2464,2464,2464,2464,0,0,USD,,InStock,https://www.amazon.com/products/apple-macbook-air-13-m3-intel-core-ultra-7,2026-08-28T08:15:27.551208+00:00,2026-08-28
Newegg - US,United States,US,Newegg - US,3P Marketplace,SKU-US-0001,Samsung Galaxy Book4 Ultra - Apple M3 Pro M3 Pro (Laptop),,Samsung,Galaxy Book4 Ultra,Apple,Apple M3 Pro,Apple M3 Pro,M3 Pro,3nm Apple Silicon,Integrated Intel Arc Graphics,Laptop,"16.0""",,32GB LPDDR5X,512GB NVMe SSD,SSD,Windows 11 Home,1002,1002,1002,1002,0,0,USD,,InStock,https://www.newegg.com/products/samsung-galaxy-book4-ultra-apple-m3-pro,2026-08-28T08:15:27.551208+00:00,2026-08-28
Newegg - US,United States,US,Newegg - US,3P Marketplace,SKU-US-0002,MSI Raider GE78 HX - Intel Core Ultra 7 155H (Laptop),,MSI,Raider GE78 HX,Intel,Intel Core Ultra 7,Intel Core Ultra 7,155H,14th Gen / Meteor Lake,Integrated Intel Arc Graphics,Laptop,"14.0""",,16GB DDR5,512GB NVMe SSD,SSD,Windows 11 Home,1049,1049,1049,1049,0,0,USD,,InStock,https://www.newegg.com/products/msi-raider-ge78-hx-intel-core-ultra-7,2026-08-28T08:15:27.551208+00:00,2026-08-28
Newegg - US,United States,US,Newegg - US,3P Marketplace,SKU-US-0003,"Apple MacBook Air 15"" M3 - Intel Core i7 13700H (Laptop)",,Apple,"MacBook Air 15"" M3",Intel,Intel Core i7,Intel Core i7,13700H,13th Gen / Raptor Lake,NVIDIA GeForce RTX 4060,Laptop,"16.0""",,32GB LPDDR5X,1TB NVMe SSD,SSD,Windows 11 Home,1096,964,1096,964,132,12,USD,,InStock,https://www.newegg.com/products/apple-macbook-air-15-m3-intel-core-i7,2026-08-28T08:15:27.551208+00:00,2026-08-28
Newegg - US,United States,US,Newegg - US,3P Marketplace,SKU-US-0004,Dell Alienware m16 R2 - Intel Core 7 150U (Laptop),,Dell,Alienware m16 R2,Intel,Intel Core 7,Intel Core 7,150U,14th Gen / Series 1,Integrated Intel Arc Graphics,Laptop,"14.0""",,16GB DDR5,512GB NVMe SSD,SSD,Windows 11 Home,1143,1143,1143,1143,0,0,USD,,InStock,https://www.newegg.com/products/dell-alienware-m16-r2-intel-core-7,2026-08-28T08:15:27.551208+00:00,2026-08-28
Newegg - US,United States,US,Newegg - US,3P Marketplace,SKU-US-0005,HP Victus 15 - AMD Ryzen 9 7945HX (Laptop),,HP,Victus 15,AMD,AMD Ryzen 9,AMD Ryzen 9,7945HX,Zen 4 / Dragon Range,Integrated Intel Arc Graphics,Laptop,"16.0""",,32GB LPDDR5X,512GB NVMe SSD,SSD,Windows 11 Home,1190,976,1190,976,214,18,USD,,InStock,https://www.newegg.com/products/hp-victus-15-amd-ryzen-9,2026-08-28T08:15:27.551208+00:00,2026-08-28
Newegg - US,United States,US,Newegg - US,3P Marketplace,SKU-US-0006,Lenovo LOQ 15IRX9 - Snapdragon X Elite X1E-80-100 (Desktop PC),,Lenovo,LOQ 15IRX9,Qualcomm,Snapdragon X Elite,Snapdragon X Elite,X1E-80-100,Oryon ARM,NVIDIA GeForce RTX 4060,Desktop,"27""",,16GB DDR5,1TB NVMe SSD,SSD,Windows 11 Home,1237,1089,1237,1089,148,12,USD,,InStock,https://www.newegg.com/products/lenovo-loq-15irx9-snapdragon-x-elite,2026-08-28T08:15:27.551208+00:00,2026-08-28
Newegg - US,United States,US,Newegg - US,3P Marketplace,SKU-US-0007,ASUS Zenbook Duo (2024) - Intel Core Ultra 9 185H (Laptop),,ASUS,Zenbook Duo (2024),Intel,Intel Core Ultra 9,Intel Core Ultra 9,185H,14th Gen / Meteor Lake,Integrated Intel Arc Graphics,Laptop,"16.0""",,32GB LPDDR5X,512GB NVMe SSD,SSD,Windows 11 Home,1284,1284,1284,1284,0,0,USD,,InStock,https://www.newegg.com/products/asus-zenbook-duo-2024--intel-core-ultra-9,2026-08-28T08:15:27.551208+00:00,2026-08-28
Newegg - US,United States,US,Newegg - US,3P Marketplace,SKU-US-0008,Acer Swift X 14 - Intel Core i9 14900HX (Laptop),,Acer,Swift X 14,Intel,Intel Core i9,Intel Core i9,14900HX,14th Gen / Raptor Lake-HX,Integrated Intel Arc Graphics,Laptop,"14.0""",,16GB DDR5,512GB NVMe SSD,SSD,Windows 11 Home,1331,1331,1331,1331,0,0,USD,,InStock,https://www.newegg.com/products/acer-swift-x-14-intel-core-i9,2026-08-28T08:15:27.551208+00:00,2026-08-28
Newegg - US,United States,US,Newegg - US,3P Marketplace,SKU-US-0009,Samsung Galaxy Book4 Pro - AMD Ryzen 5 7520U (Laptop),,Samsung,Galaxy Book4 Pro,AMD,AMD Ryzen 5,AMD Ryzen 5,7520U,Zen 2 / Mendocino,NVIDIA GeForce RTX 4060,Laptop,"16.0""",,32GB LPDDR5X,1TB NVMe SSD,SSD,Windows 11 Home,1378,1213,1378,1213,165,12,USD,,InStock,https://www.newegg.com/products/samsung-galaxy-book4-pro-amd-ryzen-5,2026-08-28T08:15:27.551208+00:00,2026-08-28
Newegg - US,United States,US,Newegg - US,3P Marketplace,SKU-US-0010,MSI Prestige 16 AI Evo - Apple M3 M3 (Laptop),,MSI,Prestige 16 AI Evo,Apple,Apple M3,Apple M3,M3,3nm Apple Silicon,Integrated Intel Arc Graphics,Laptop,"14.0""",,16GB DDR5,512GB NVMe SSD,SSD,Windows 11 Home,1425,1168,1425,1168,257,18,USD,,InStock,https://www.newegg.com/products/msi-prestige-16-ai-evo-apple-m3,2026-08-28T08:15:27.551208+00:00,2026-08-28
Newegg - US,United States,US,Newegg - US,3P Marketplace,,"Apple MacBook Air 15"" M3 - Intel Core Ultra 5 125H (Laptop)",,Apple,"MacBook Air 15"" M3",Intel,Intel Core Ultra 5,Intel Core Ultra 5,125H,14th Gen / Meteor Lake,Integrated Intel Arc Graphics,Laptop,"16.0""",,32GB LPDDR5X,512GB NVMe SSD,SSD,Windows 11 Home,1472,1472,1472,1472,0,0,USD,,InStock,https://www.newegg.com/products/apple-macbook-air-15-m3-intel-core-ultra-5,2026-08-28T08:15:27.551208+00:00,2026-08-28
Newegg - US,United States,US,Newegg - US,3P Marketplace,SKU-US-0012,Dell Latitude 5540 - Intel Core i5 1335U (Desktop PC),,Dell,Latitude 5540,Intel,Intel Core i5,Intel Core i5,1335U,13th Gen / Raptor Lake,NVIDIA GeForce RTX 4060,Desktop,"27""",,16GB DDR5,1TB NVMe SSD,SSD,Windows 11 Home,1519,1337,1519,1337,182,12,USD,,InStock,https://www.newegg.com/products/dell-latitude-5540-intel-core-i5,2026-08-28T08:15:27.551208+00:00,2026-08-28
Newegg - US,United States,US,Newegg - US,3P Marketplace,SKU-US-0013,HP EliteBook 840 G10 - AMD Ryzen 7 7840HS (Laptop),,HP,EliteBook 840 G10,AMD,AMD Ryzen 7,AMD Ryzen 7,7840HS,Zen 4 / Phoenix,Integrated Intel Arc Graphics,Laptop,"16.0""",,32GB LPDDR5X,512GB NVMe SSD,SSD,Windows 11 Home,1566,1566,1566,1566,0,0,USD,,InStock,https://www.newegg.com/products/hp-elitebook-840-g10-amd-ryzen-7,2026-08-28T08:15:27.551208+00:00,2026-08-28
Newegg - US,United States,US,Newegg - US,3P Marketplace,SKU-US-0014,Lenovo ThinkPad X1 Carbon Gen 12 - Apple M3 Pro M3 Pro (Laptop),,Lenovo,ThinkPad X1 Carbon Gen 12,Apple,Apple M3 Pro,Apple M3 Pro,M3 Pro,3nm Apple Silicon,Integrated Intel Arc Graphics,Laptop,"14.0""",,16GB DDR5,512GB NVMe SSD,SSD,Windows 11 Home,1613,1613,1613,1613,0,0,USD,,InStock,https://www.newegg.com/products/lenovo-thinkpad-x1-carbon-gen-12-apple-m3-pro,2026-08-28T08:15:27.551208+00:00,2026-08-28
Newegg - US,United States,US,Newegg - US,3P Marketplace,SKU-US-0015,ASUS Zenbook 14 OLED - Intel Core Ultra 7 155H (Laptop),,ASUS,Zenbook 14 OLED,Intel,Intel Core Ultra 7,Intel Core Ultra 7,155H,14th Gen / Meteor Lake,NVIDIA GeForce RTX 4060,Laptop,"16.0""",,32GB LPDDR5X,1TB NVMe SSD,SSD,Windows 11 Home,1660,1461,1660,1461,199,12,USD,,InStock,https://www.newegg.com/products/asus-zenbook-14-oled-intel-core-ultra-7,2026-08-28T08:15:27.551208+00:00,2026-08-28
Newegg - US,United States,US,Newegg - US,3P Marketplace,SKU-US-0016,Acer Aspire 5 - Intel Core i7 13700H (Laptop),,Acer,Aspire 5,Intel,Intel Core i7,Intel Core i7,13700H,13th Gen / Raptor Lake,Integrated Intel Arc Graphics,Laptop,"14.0""",,16GB DDR5,512GB NVMe SSD,SSD,Windows 11 Home,1707,1707,1707,1707,0,0,USD,,InStock,https://www.newegg.com/products/acer-aspire-5-intel-core-i7,2026-08-28T08:15:27.551208+00:00,2026-08-28
Newegg - US,United States,US,Newegg - US,3P Marketplace,SKU-US-0017,Samsung Galaxy Book4 360 - Intel Core 7 150U (Laptop),,Samsung,Galaxy Book4 360,Intel,Intel Core 7,Intel Core 7,150U,14th Gen / Series 1,Integrated Intel Arc Graphics,Laptop,"16.0""",,32GB LPDDR5X,512GB NVMe SSD,SSD,Windows 11 Home,1754,1754,1754,1754,0,0,USD,,InStock,https://www.newegg.com/products/samsung-galaxy-book4-360-intel-core-7,2026-08-28T08:15:27.551208+00:00,2026-08-28
Newegg - US,United States,US,Newegg - US,3P Marketplace,SKU-US-0018,MSI Cyborg 15 - AMD Ryzen 9 7945HX (Desktop PC),,MSI,Cyborg 15,AMD,AMD Ryzen 9,AMD Ryzen 9,7945HX,Zen 4 / Dragon Range,NVIDIA GeForce RTX 4060,Desktop,"27""",,16GB DDR5,1TB NVMe SSD,SSD,Windows 11 Home,1801,1585,1801,1585,216,12,USD,,InStock,https://www.newegg.com/products/msi-cyborg-15-amd-ryzen-9,2026-08-28T08:15:27.551208+00:00,2026-08-28
Newegg - US,United States,US,Newegg - US,3P Marketplace,SKU-US-0019,"Apple MacBook Air 15"" M3 - Snapdragon X Elite X1E-80-100 (Laptop)",,Apple,"MacBook Air 15"" M3",Qualcomm,Snapdragon X Elite,Snapdragon X Elite,X1E-80-100,Oryon ARM,Integrated Intel Arc Graphics,Laptop,"16.0""",,32GB LPDDR5X,512GB NVMe SSD,SSD,Windows 11 Home,1848,1848,1848,1848,0,0,USD,,InStock,https://www.newegg.com/products/apple-macbook-air-15-m3-snapdragon-x-elite,2026-08-28T08:15:27.551208+00:00,2026-08-28
Newegg - US,United States,US,Newegg - US,3P Marketplace,SKU-US-0020,Dell G15 Gaming (5530) - Intel Core Ultra 9 185H (Laptop),,Dell,G15 Gaming (5530),Intel,Intel Core Ultra 9,Intel Core Ultra 9,185H,14th Gen / Meteor Lake,Integrated Intel Arc Graphics,Laptop,"14.0""",,16GB DDR5,512GB NVMe SSD,SSD,Windows 11 Home,1895,1554,1895,1554,341,18,USD,,InStock,https://www.newegg.com/products/dell-g15-gaming-5530--intel-core-ultra-9,2026-08-28T08:15:27.551208+00:00,2026-08-28
Newegg - US,United States,US,Newegg - US,3P Marketplace,SKU-US-0021,HP Spectre x360 14 - Intel Core i9 14900HX (Laptop),,HP,Spectre x360 14,Intel,Intel Core i9,Intel Core i9,14900HX,14th Gen / Raptor Lake-HX,NVIDIA GeForce RTX 4060,Laptop,"16.0""",,32GB LPDDR5X,1TB NVMe SSD,SSD,Windows 11 Home,1942,1709,1942,1709,233,12,USD,,InStock,https://www.newegg.com/products/hp-spectre-x360-14-intel-core-i9,2026-08-28T08:15:27.551208+00:00,2026-08-28
Newegg - US,United States,US,Newegg - US,3P Marketplace,,"Lenovo Yoga Pro 9i (16"") - AMD Ryzen 5 7520U (Laptop)",,Lenovo,"Yoga Pro 9i (16"")",AMD,AMD Ryzen 5,AMD Ryzen 5,7520U,Zen 2 / Mendocino,Integrated Intel Arc Graphics,Laptop,"14.0""",,16GB DDR5,512GB NVMe SSD,SSD,Windows 11 Home,1989,1989,1989,1989,0,0,USD,,InStock,https://www.newegg.com/products/lenovo-yoga-pro-9i-16--amd-ryzen-5,2026-08-28T08:15:27.551208+00:00,2026-08-28
Newegg - US,United States,US,Newegg - US,3P Marketplace,SKU-US-0023,ASUS Vivobook S 15 OLED - Apple M3 M3 (Laptop),,ASUS,Vivobook S 15 OLED,Apple,Apple M3,Apple M3,M3,3nm Apple Silicon,Integrated Intel Arc Graphics,Laptop,"16.0""",,32GB LPDDR5X,512GB NVMe SSD,SSD,Windows 11 Home,2036,2036,2036,2036,0,0,USD,,InStock,https://www.newegg.com/products/asus-vivobook-s-15-oled-apple-m3,2026-08-28T08:15:27.551208+00:00,2026-08-28
Newegg - US,United States,US,Newegg - US,3P Marketplace,SKU-US-0024,Acer Predator Helios 16 - Intel Core Ultra 5 125H (Desktop PC),,Acer,Predator Helios 16,Intel,Intel Core Ultra 5,Intel Core Ultra 5,125H,14th Gen / Meteor Lake,NVIDIA GeForce RTX 4060,Desktop,"27""",,16GB DDR5,1TB NVMe SSD,SSD,Windows 11 Home,2083,1833,2083,1833,250,12,USD,,InStock,https://www.newegg.com/products/acer-predator-helios-16-intel-core-ultra-5,2026-08-28T08:15:27.551208+00:00,2026-08-28
Newegg - US,United States,US,Newegg - US,3P Marketplace,SKU-US-0025,Samsung Galaxy Book4 Ultra - Intel Core i5 1335U (Laptop),,Samsung,Galaxy Book4 Ultra,Intel,Intel Core i5,Intel Core i5,1335U,13th Gen / Raptor Lake,Integrated Intel Arc Graphics,Laptop,"16.0""",,32GB LPDDR5X,512GB NVMe SSD,SSD,Windows 11 Home,2130,1747,2130,1747,383,18,USD,,InStock,https://www.newegg.com/products/samsung-galaxy-book4-ultra-intel-core-i5,2026-08-28T08:15:27.551208+00:00,2026-08-28
Newegg - US,United States,US,Newegg - US,3P Marketplace,SKU-US-0026,MSI Stealth 16 AI Studio - AMD Ryzen 7 7840HS (Laptop),,MSI,Stealth 16 AI Studio,AMD,AMD Ryzen 7,AMD Ryzen 7,7840HS,Zen 4 / Phoenix,Integrated Intel Arc Graphics,Laptop,"14.0""",,16GB DDR5,512GB NVMe SSD,SSD,Windows 11 Home,2177,2177,2177,2177,0,0,USD,,InStock,https://www.newegg.com/products/msi-stealth-16-ai-studio-amd-ryzen-7,2026-08-28T08:15:27.551208+00:00,2026-08-28
Newegg - US,United States,US,Newegg - US,3P Marketplace,SKU-US-0027,"Apple MacBook Air 15"" M3 - Apple M3 Pro M3 Pro (Laptop)",,Apple,"MacBook Air 15"" M3",Apple,Apple M3 Pro,Apple M3 Pro,M3 Pro,3nm Apple Silicon,NVIDIA GeForce RTX 4060,Laptop,"16.0""",,32GB LPDDR5X,1TB NVMe SSD,SSD,Windows 11 Home,2224,1957,2224,1957,267,12,USD,,InStock,https://www.newegg.com/products/apple-macbook-air-15-m3-apple-m3-pro,2026-08-28T08:15:27.551208+00:00,2026-08-28
Newegg - US,United States,US,Newegg - US,3P Marketplace,SKU-US-0028,Dell XPS 14 (9440) - Intel Core Ultra 7 155H (Laptop),,Dell,XPS 14 (9440),Intel,Intel Core Ultra 7,Intel Core Ultra 7,155H,14th Gen / Meteor Lake,Integrated Intel Arc Graphics,Laptop,"14.0""",,16GB DDR5,512GB NVMe SSD,SSD,Windows 11 Home,2271,2271,2271,2271,0,0,USD,,InStock,https://www.newegg.com/products/dell-xps-14-9440--intel-core-ultra-7,2026-08-28T08:15:27.551208+00:00,2026-08-28
Newegg - US,United States,US,Newegg - US,3P Marketplace,SKU-US-0029,HP Spectre x360 16 - Intel Core i7 13700H (Laptop),,HP,Spectre x360 16,Intel,Intel Core i7,Intel Core i7,13700H,13th Gen / Raptor Lake,Integrated Intel Arc Graphics,Laptop,"16.0""",,32GB LPDDR5X,512GB NVMe SSD,SSD,Windows 11 Home,2318,2318,2318,2318,0,0,USD,,InStock,https://www.newegg.com/products/hp-spectre-x360-16-intel-core-i7,2026-08-28T08:15:27.551208+00:00,2026-08-28
Newegg - US,United States,US,Newegg - US,3P Marketplace,SKU-US-0030,Lenovo Yoga 7i 2-in-1 - Intel Core 7 150U (Desktop PC),,Lenovo,Yoga 7i 2-in-1,Intel,Intel Core 7,Intel Core 7,150U,14th Gen / Series 1,NVIDIA GeForce RTX 4060,Desktop,"27""",,16GB DDR5,1TB NVMe SSD,SSD,Windows 11 Home,2365,2081,2365,2081,284,12,USD,,InStock,https://www.newegg.com/products/lenovo-yoga-7i-2-in-1-intel-core-7,2026-08-28T08:15:27.551208+00:00,2026-08-28
Staples - US,United States,US,Staples - US,1P Retailer,SKU-US-0001,Acer Swift X 14 - Intel Core Ultra 9 185H (Laptop),,Acer,Swift X 14,Intel,Intel Core Ultra 9,Intel Core Ultra 9,185H,14th Gen / Meteor Lake,Integrated Intel Arc Graphics,Laptop,"16.0""",,32GB LPDDR5X,512GB NVMe SSD,SSD,Windows 11 Home,1091,1091,1091,1091,0,0,USD,,InStock,https://www.staples.com/products/acer-swift-x-14-intel-core-ultra-9,2026-08-28T08:15:27.551208+00:00,2026-08-28
Staples - US,United States,US,Staples - US,1P Retailer,SKU-US-0002,Samsung Galaxy Book4 360 - Intel Core i9 14900HX (Laptop),,Samsung,Galaxy Book4 360,Intel,Intel Core i9,Intel Core i9,14900HX,14th Gen / Raptor Lake-HX,Integrated Intel Arc Graphics,Laptop,"14.0""",,16GB DDR5,512GB NVMe SSD,SSD,Windows 11 Home,1138,1138,1138,1138,0,0,USD,,InStock,https://www.staples.com/products/samsung-galaxy-book4-360-intel-core-i9,2026-08-28T08:15:27.551208+00:00,2026-08-28
Staples - US,United States,US,Staples - US,1P Retailer,SKU-US-0003,MSI Cyborg 15 - AMD Ryzen 5 7520U (Laptop),,MSI,Cyborg 15,AMD,AMD Ryzen 5,AMD Ryzen 5,7520U,Zen 2 / Mendocino,NVIDIA GeForce RTX 4060,Laptop,"16.0""",,32GB LPDDR5X,1TB NVMe SSD,SSD,Windows 11 Home,1185,1043,1185,1043,142,12,USD,,InStock,https://www.staples.com/products/msi-cyborg-15-amd-ryzen-5,2026-08-28T08:15:27.551208+00:00,2026-08-28
Staples - US,United States,US,Staples - US,1P Retailer,SKU-US-0004,"Apple MacBook Pro 14"" M3 - Apple M3 M3 (Laptop)",,Apple,"MacBook Pro 14"" M3",Apple,Apple M3,Apple M3,M3,3nm Apple Silicon,Integrated Intel Arc Graphics,Laptop,"14.0""",,16GB DDR5,512GB NVMe SSD,SSD,Windows 11 Home,1232,1232,1232,1232,0,0,USD,,InStock,https://www.staples.com/products/apple-macbook-pro-14-m3-apple-m3,2026-08-28T08:15:27.551208+00:00,2026-08-28
Staples - US,United States,US,Staples - US,1P Retailer,SKU-US-0005,Dell Latitude 5540 - Intel Core Ultra 5 125H (Laptop),,Dell,Latitude 5540,Intel,Intel Core Ultra 5,Intel Core Ultra 5,125H,14th Gen / Meteor Lake,Integrated Intel Arc Graphics,Laptop,"16.0""",,32GB LPDDR5X,512GB NVMe SSD,SSD,Windows 11 Home,1279,1049,1279,1049,230,18,USD,,InStock,https://www.staples.com/products/dell-latitude-5540-intel-core-ultra-5,2026-08-28T08:15:27.551208+00:00,2026-08-28
Staples - US,United States,US,Staples - US,1P Retailer,SKU-US-0006,HP EliteBook 840 G10 - Intel Core i5 1335U (Desktop PC),,HP,EliteBook 840 G10,Intel,Intel Core i5,Intel Core i5,1335U,13th Gen / Raptor Lake,NVIDIA GeForce RTX 4060,Desktop,"27""",,16GB DDR5,1TB NVMe SSD,SSD,Windows 11 Home,1326,1167,1326,1167,159,12,USD,,InStock,https://www.staples.com/products/hp-elitebook-840-g10-intel-core-i5,2026-08-28T08:15:27.551208+00:00,2026-08-28
Staples - US,United States,US,Staples - US,1P Retailer,SKU-US-0007,Lenovo ThinkPad X1 Carbon Gen 12 - AMD Ryzen 7 7840HS (Laptop),,Lenovo,ThinkPad X1 Carbon Gen 12,AMD,AMD Ryzen 7,AMD Ryzen 7,7840HS,Zen 4 / Phoenix,Integrated Intel Arc Graphics,Laptop,"16.0""",,32GB LPDDR5X,512GB NVMe SSD,SSD,Windows 11 Home,1373,1373,1373,1373,0,0,USD,,InStock,https://www.staples.com/products/lenovo-thinkpad-x1-carbon-gen-12-amd-ryzen-7,2026-08-28T08:15:27.551208+00:00,2026-08-28
Staples - US,United States,US,Staples - US,1P Retailer,SKU-US-0008,ASUS Zenbook 14 OLED - Apple M3 Pro M3 Pro (Laptop),,ASUS,Zenbook 14 OLED,Apple,Apple M3 Pro,Apple M3 Pro,M3 Pro,3nm Apple Silicon,Integrated Intel Arc Graphics,Laptop,"14.0""",,16GB DDR5,512GB NVMe SSD,SSD,Windows 11 Home,1420,1420,1420,1420,0,0,USD,,InStock,https://www.staples.com/products/asus-zenbook-14-oled-apple-m3-pro,2026-08-28T08:15:27.551208+00:00,2026-08-28
Staples - US,United States,US,Staples - US,1P Retailer,SKU-US-0009,Acer Aspire 5 - Intel Core Ultra 7 155H (Laptop),,Acer,Aspire 5,Intel,Intel Core Ultra 7,Intel Core Ultra 7,155H,14th Gen / Meteor Lake,NVIDIA GeForce RTX 4060,Laptop,"16.0""",,32GB LPDDR5X,1TB NVMe SSD,SSD,Windows 11 Home,1467,1291,1467,1291,176,12,USD,,InStock,https://www.staples.com/products/acer-aspire-5-intel-core-ultra-7,2026-08-28T08:15:27.551208+00:00,2026-08-28
Staples - US,United States,US,Staples - US,1P Retailer,SKU-US-0010,Samsung Galaxy Book4 Ultra - Intel Core i7 13700H (Laptop),,Samsung,Galaxy Book4 Ultra,Intel,Intel Core i7,Intel Core i7,13700H,13th Gen / Raptor Lake,Integrated Intel Arc Graphics,Laptop,"14.0""",,16GB DDR5,512GB NVMe SSD,SSD,Windows 11 Home,1514,1241,1514,1241,273,18,USD,,InStock,https://www.staples.com/products/samsung-galaxy-book4-ultra-intel-core-i7,2026-08-28T08:15:27.551208+00:00,2026-08-28
Staples - US,United States,US,Staples - US,1P Retailer,,MSI Stealth 16 AI Studio - Intel Core 7 150U (Laptop),,MSI,Stealth 16 AI Studio,Intel,Intel Core 7,Intel Core 7,150U,14th Gen / Series 1,Integrated Intel Arc Graphics,Laptop,"16.0""",,32GB LPDDR5X,512GB NVMe SSD,SSD,Windows 11 Home,1561,1561,1561,1561,0,0,USD,,InStock,https://www.staples.com/products/msi-stealth-16-ai-studio-intel-core-7,2026-08-28T08:15:27.551208+00:00,2026-08-28
Staples - US,United States,US,Staples - US,1P Retailer,SKU-US-0012,"Apple MacBook Pro 14"" M3 - AMD Ryzen 9 7945HX (Desktop PC)",,Apple,"MacBook Pro 14"" M3",AMD,AMD Ryzen 9,AMD Ryzen 9,7945HX,Zen 4 / Dragon Range,NVIDIA GeForce RTX 4060,Desktop,"27""",,16GB DDR5,1TB NVMe SSD,SSD,Windows 11 Home,1608,1415,1608,1415,193,12,USD,,InStock,https://www.staples.com/products/apple-macbook-pro-14-m3-amd-ryzen-9,2026-08-28T08:15:27.551208+00:00,2026-08-28
Staples - US,United States,US,Staples - US,1P Retailer,SKU-US-0013,Dell G15 Gaming (5530) - Snapdragon X Elite X1E-80-100 (Laptop),,Dell,G15 Gaming (5530),Qualcomm,Snapdragon X Elite,Snapdragon X Elite,X1E-80-100,Oryon ARM,Integrated Intel Arc Graphics,Laptop,"16.0""",,32GB LPDDR5X,512GB NVMe SSD,SSD,Windows 11 Home,1655,1655,1655,1655,0,0,USD,,InStock,https://www.staples.com/products/dell-g15-gaming-5530--snapdragon-x-elite,2026-08-28T08:15:27.551208+00:00,2026-08-28
Staples - US,United States,US,Staples - US,1P Retailer,SKU-US-0014,HP Spectre x360 14 - Intel Core Ultra 9 185H (Laptop),,HP,Spectre x360 14,Intel,Intel Core Ultra 9,Intel Core Ultra 9,185H,14th Gen / Meteor Lake,Integrated Intel Arc Graphics,Laptop,"14.0""",,16GB DDR5,512GB NVMe SSD,SSD,Windows 11 Home,1702,1702,1702,1702,0,0,USD,,InStock,https://www.staples.com/products/hp-spectre-x360-14-intel-core-ultra-9,2026-08-28T08:15:27.551208+00:00,2026-08-28
Staples - US,United States,US,Staples - US,1P Retailer,SKU-US-0015,"Lenovo Yoga Pro 9i (16"") - Intel Core i9 14900HX (Laptop)",,Lenovo,"Yoga Pro 9i (16"")",Intel,Intel Core i9,Intel Core i9,14900HX,14th Gen / Raptor Lake-HX,NVIDIA GeForce RTX 4060,Laptop,"16.0""",,32GB LPDDR5X,1TB NVMe SSD,SSD,Windows 11 Home,1749,1539,1749,1539,210,12,USD,,InStock,https://www.staples.com/products/lenovo-yoga-pro-9i-16--intel-core-i9,2026-08-28T08:15:27.551208+00:00,2026-08-28
Staples - US,United States,US,Staples - US,1P Retailer,SKU-US-0016,ASUS Vivobook S 15 OLED - AMD Ryzen 5 7520U (Laptop),,ASUS,Vivobook S 15 OLED,AMD,AMD Ryzen 5,AMD Ryzen 5,7520U,Zen 2 / Mendocino,Integrated Intel Arc Graphics,Laptop,"14.0""",,16GB DDR5,512GB NVMe SSD,SSD,Windows 11 Home,1796,1796,1796,1796,0,0,USD,,InStock,https://www.staples.com/products/asus-vivobook-s-15-oled-amd-ryzen-5,2026-08-28T08:15:27.551208+00:00,2026-08-28
Staples - US,United States,US,Staples - US,1P Retailer,SKU-US-0017,Acer Predator Helios 16 - Apple M3 M3 (Laptop),,Acer,Predator Helios 16,Apple,Apple M3,Apple M3,M3,3nm Apple Silicon,Integrated Intel Arc Graphics,Laptop,"16.0""",,32GB LPDDR5X,512GB NVMe SSD,SSD,Windows 11 Home,1843,1843,1843,1843,0,0,USD,,InStock,https://www.staples.com/products/acer-predator-helios-16-apple-m3,2026-08-28T08:15:27.551208+00:00,2026-08-28
Staples - US,United States,US,Staples - US,1P Retailer,SKU-US-0018,Samsung Galaxy Book4 Pro - Intel Core Ultra 5 125H (Desktop PC),,Samsung,Galaxy Book4 Pro,Intel,Intel Core Ultra 5,Intel Core Ultra 5,125H,14th Gen / Meteor Lake,NVIDIA GeForce RTX 4060,Desktop,"27""",,16GB DDR5,1TB NVMe SSD,SSD,Windows 11 Home,1890,1663,1890,1663,227,12,USD,,InStock,https://www.staples.com/products/samsung-galaxy-book4-pro-intel-core-ultra-5,2026-08-28T08:15:27.551208+00:00,2026-08-28
Staples - US,United States,US,Staples - US,1P Retailer,SKU-US-0019,MSI Modern 14 - Intel Core i5 1335U (Laptop),,MSI,Modern 14,Intel,Intel Core i5,Intel Core i5,1335U,13th Gen / Raptor Lake,Integrated Intel Arc Graphics,Laptop,"16.0""",,32GB LPDDR5X,512GB NVMe SSD,SSD,Windows 11 Home,1937,1937,1937,1937,0,0,USD,,InStock,https://www.staples.com/products/msi-modern-14-intel-core-i5,2026-08-28T08:15:27.551208+00:00,2026-08-28
Staples - US,United States,US,Staples - US,1P Retailer,SKU-US-0020,"Apple MacBook Pro 14"" M3 - AMD Ryzen 7 7840HS (Laptop)",,Apple,"MacBook Pro 14"" M3",AMD,AMD Ryzen 7,AMD Ryzen 7,7840HS,Zen 4 / Phoenix,Integrated Intel Arc Graphics,Laptop,"14.0""",,16GB DDR5,512GB NVMe SSD,SSD,Windows 11 Home,1984,1627,1984,1627,357,18,USD,,InStock,https://www.staples.com/products/apple-macbook-pro-14-m3-amd-ryzen-7,2026-08-28T08:15:27.551208+00:00,2026-08-28
Staples - US,United States,US,Staples - US,1P Retailer,SKU-US-0021,Dell XPS 14 (9440) - Apple M3 Pro M3 Pro (Laptop),,Dell,XPS 14 (9440),Apple,Apple M3 Pro,Apple M3 Pro,M3 Pro,3nm Apple Silicon,NVIDIA GeForce RTX 4060,Laptop,"16.0""",,32GB LPDDR5X,1TB NVMe SSD,SSD,Windows 11 Home,2031,1787,2031,1787,244,12,USD,,InStock,https://www.staples.com/products/dell-xps-14-9440--apple-m3-pro,2026-08-28T08:15:27.551208+00:00,2026-08-28
Staples - US,United States,US,Staples - US,1P Retailer,,HP Spectre x360 16 - Intel Core Ultra 7 155H (Laptop),,HP,Spectre x360 16,Intel,Intel Core Ultra 7,Intel Core Ultra 7,155H,14th Gen / Meteor Lake,Integrated Intel Arc Graphics,Laptop,"14.0""",,16GB DDR5,512GB NVMe SSD,SSD,Windows 11 Home,2078,2078,2078,2078,0,0,USD,,InStock,https://www.staples.com/products/hp-spectre-x360-16-intel-core-ultra-7,2026-08-28T08:15:27.551208+00:00,2026-08-28
Staples - US,United States,US,Staples - US,1P Retailer,SKU-US-0023,Lenovo Yoga 7i 2-in-1 - Intel Core i7 13700H (Laptop),,Lenovo,Yoga 7i 2-in-1,Intel,Intel Core i7,Intel Core i7,13700H,13th Gen / Raptor Lake,Integrated Intel Arc Graphics,Laptop,"16.0""",,32GB LPDDR5X,512GB NVMe SSD,SSD,Windows 11 Home,2125,2125,2125,2125,0,0,USD,,InStock,https://www.staples.com/products/lenovo-yoga-7i-2-in-1-intel-core-i7,2026-08-28T08:15:27.551208+00:00,2026-08-28
Staples - US,United States,US,Staples - US,1P Retailer,SKU-US-0024,ASUS ROG Zephyrus G16 - Intel Core 7 150U (Desktop PC),,ASUS,ROG Zephyrus G16,Intel,Intel Core 7,Intel Core 7,150U,14th Gen / Series 1,NVIDIA GeForce RTX 4060,Desktop,"27""",,16GB DDR5,1TB NVMe SSD,SSD,Windows 11 Home,2172,1911,2172,1911,261,12,USD,,InStock,https://www.staples.com/products/asus-rog-zephyrus-g16-intel-core-7,2026-08-28T08:15:27.551208+00:00,2026-08-28
Staples - US,United States,US,Staples - US,1P Retailer,SKU-US-0025,Acer Nitro 16 - AMD Ryzen 9 7945HX (Laptop),,Acer,Nitro 16,AMD,AMD Ryzen 9,AMD Ryzen 9,7945HX,Zen 4 / Dragon Range,Integrated Intel Arc Graphics,Laptop,"16.0""",,32GB LPDDR5X,512GB NVMe SSD,SSD,Windows 11 Home,2219,1820,2219,1820,399,18,USD,,InStock,https://www.staples.com/products/acer-nitro-16-amd-ryzen-9,2026-08-28T08:15:27.551208+00:00,2026-08-28
Staples - US,United States,US,Staples - US,1P Retailer,SKU-US-0026,Samsung Galaxy Book4 360 - Snapdragon X Elite X1E-80-100 (Laptop),,Samsung,Galaxy Book4 360,Qualcomm,Snapdragon X Elite,Snapdragon X Elite,X1E-80-100,Oryon ARM,Integrated Intel Arc Graphics,Laptop,"14.0""",,16GB DDR5,512GB NVMe SSD,SSD,Windows 11 Home,2266,2266,2266,2266,0,0,USD,,InStock,https://www.staples.com/products/samsung-galaxy-book4-360-snapdragon-x-elite,2026-08-28T08:15:27.551208+00:00,2026-08-28
Dell,United States,US,Dell,OEM,SKU-US-0001,ASUS Zenbook 14 OLED - AMD Ryzen 7 7840HS (Laptop),,ASUS,Zenbook 14 OLED,AMD,AMD Ryzen 7,AMD Ryzen 7,7840HS,Zen 4 / Phoenix,Integrated Intel Arc Graphics,Laptop,"16.0""",,32GB LPDDR5X,512GB NVMe SSD,SSD,Windows 11 Home,1180,1180,1180,1180,0,0,USD,,InStock,https://www.dell.com/products/asus-zenbook-14-oled-amd-ryzen-7,2026-08-28T08:15:27.551208+00:00,2026-08-28
Dell,United States,US,Dell,OEM,SKU-US-0002,Acer Aspire 5 - Apple M3 Pro M3 Pro (Laptop),,Acer,Aspire 5,Apple,Apple M3 Pro,Apple M3 Pro,M3 Pro,3nm Apple Silicon,Integrated Intel Arc Graphics,Laptop,"14.0""",,16GB DDR5,512GB NVMe SSD,SSD,Windows 11 Home,1227,1227,1227,1227,0,0,USD,,InStock,https://www.dell.com/products/acer-aspire-5-apple-m3-pro,2026-08-28T08:15:27.551208+00:00,2026-08-28
Dell,United States,US,Dell,OEM,SKU-US-0003,Samsung Galaxy Book4 Pro - Intel Core Ultra 7 155H (Laptop),,Samsung,Galaxy Book4 Pro,Intel,Intel Core Ultra 7,Intel Core Ultra 7,155H,14th Gen / Meteor Lake,NVIDIA GeForce RTX 4060,Laptop,"16.0""",,32GB LPDDR5X,1TB NVMe SSD,SSD,Windows 11 Home,1274,1121,1274,1121,153,12,USD,,InStock,https://www.dell.com/products/samsung-galaxy-book4-pro-intel-core-ultra-7,2026-08-28T08:15:27.551208+00:00,2026-08-28
Dell,United States,US,Dell,OEM,SKU-US-0004,MSI Modern 14 - Intel Core i7 13700H (Laptop),,MSI,Modern 14,Intel,Intel Core i7,Intel Core i7,13700H,13th Gen / Raptor Lake,Integrated Intel Arc Graphics,Laptop,"14.0""",,16GB DDR5,512GB NVMe SSD,SSD,Windows 11 Home,1321,1321,1321,1321,0,0,USD,,InStock,https://www.dell.com/products/msi-modern-14-intel-core-i7,2026-08-28T08:15:27.551208+00:00,2026-08-28
Dell,United States,US,Dell,OEM,SKU-US-0005,"Apple MacBook Pro 16"" M3 Max - Intel Core 7 150U (Laptop)",,Apple,"MacBook Pro 16"" M3 Max",Intel,Intel Core 7,Intel Core 7,150U,14th Gen / Series 1,Integrated Intel Arc Graphics,Laptop,"16.0""",,32GB LPDDR5X,512GB NVMe SSD,SSD,Windows 11 Home,1368,1122,1368,1122,246,18,USD,,InStock,https://www.dell.com/products/apple-macbook-pro-16-m3-max-intel-core-7,2026-08-28T08:15:27.551208+00:00,2026-08-28
Dell,United States,US,Dell,OEM,SKU-US-0006,Dell G15 Gaming (5530) - AMD Ryzen 9 7945HX (Desktop PC),,Dell,G15 Gaming (5530),AMD,AMD Ryzen 9,AMD Ryzen 9,7945HX,Zen 4 / Dragon Range,NVIDIA GeForce RTX 4060,Desktop,"27""",,16GB DDR5,1TB NVMe SSD,SSD,Windows 11 Home,1415,1245,1415,1245,170,12,USD,,InStock,https://www.dell.com/products/dell-g15-gaming-5530--amd-ryzen-9,2026-08-28T08:15:27.551208+00:00,2026-08-28
Dell,United States,US,Dell,OEM,SKU-US-0007,HP Spectre x360 14 - Snapdragon X Elite X1E-80-100 (Laptop),,HP,Spectre x360 14,Qualcomm,Snapdragon X Elite,Snapdragon X Elite,X1E-80-100,Oryon ARM,Integrated Intel Arc Graphics,Laptop,"16.0""",,32GB LPDDR5X,512GB NVMe SSD,SSD,Windows 11 Home,1462,1462,1462,1462,0,0,USD,,InStock,https://www.dell.com/products/hp-spectre-x360-14-snapdragon-x-elite,2026-08-28T08:15:27.551208+00:00,2026-08-28
Dell,United States,US,Dell,OEM,SKU-US-0008,"Lenovo Yoga Pro 9i (16"") - Intel Core Ultra 9 185H (Laptop)",,Lenovo,"Yoga Pro 9i (16"")",Intel,Intel Core Ultra 9,Intel Core Ultra 9,185H,14th Gen / Meteor Lake,Integrated Intel Arc Graphics,Laptop,"14.0""",,16GB DDR5,512GB NVMe SSD,SSD,Windows 11 Home,1509,1509,1509,1509,0,0,USD,,InStock,https://www.dell.com/products/lenovo-yoga-pro-9i-16--intel-core-ultra-9,2026-08-28T08:15:27.551208+00:00,2026-08-28
Dell,United States,US,Dell,OEM,SKU-US-0009,ASUS Vivobook S 15 OLED - Intel Core i9 14900HX (Laptop),,ASUS,Vivobook S 15 OLED,Intel,Intel Core i9,Intel Core i9,14900HX,14th Gen / Raptor Lake-HX,NVIDIA GeForce RTX 4060,Laptop,"16.0""",,32GB LPDDR5X,1TB NVMe SSD,SSD,Windows 11 Home,1556,1369,1556,1369,187,12,USD,,InStock,https://www.dell.com/products/asus-vivobook-s-15-oled-intel-core-i9,2026-08-28T08:15:27.551208+00:00,2026-08-28
Dell,United States,US,Dell,OEM,SKU-US-0010,Acer Predator Helios 16 - AMD Ryzen 5 7520U (Laptop),,Acer,Predator Helios 16,AMD,AMD Ryzen 5,AMD Ryzen 5,7520U,Zen 2 / Mendocino,Integrated Intel Arc Graphics,Laptop,"14.0""",,16GB DDR5,512GB NVMe SSD,SSD,Windows 11 Home,1603,1314,1603,1314,289,18,USD,,InStock,https://www.dell.com/products/acer-predator-helios-16-amd-ryzen-5,2026-08-28T08:15:27.551208+00:00,2026-08-28
Dell,United States,US,Dell,OEM,,Samsung Galaxy Book4 360 - Apple M3 M3 (Laptop),,Samsung,Galaxy Book4 360,Apple,Apple M3,Apple M3,M3,3nm Apple Silicon,Integrated Intel Arc Graphics,Laptop,"16.0""",,32GB LPDDR5X,512GB NVMe SSD,SSD,Windows 11 Home,1650,1650,1650,1650,0,0,USD,,InStock,https://www.dell.com/products/samsung-galaxy-book4-360-apple-m3,2026-08-28T08:15:27.551208+00:00,2026-08-28
Dell,United States,US,Dell,OEM,SKU-US-0012,MSI Raider GE78 HX - Intel Core Ultra 5 125H (Desktop PC),,MSI,Raider GE78 HX,Intel,Intel Core Ultra 5,Intel Core Ultra 5,125H,14th Gen / Meteor Lake,NVIDIA GeForce RTX 4060,Desktop,"27""",,16GB DDR5,1TB NVMe SSD,SSD,Windows 11 Home,1697,1493,1697,1493,204,12,USD,,InStock,https://www.dell.com/products/msi-raider-ge78-hx-intel-core-ultra-5,2026-08-28T08:15:27.551208+00:00,2026-08-28
Dell,United States,US,Dell,OEM,SKU-US-0013,"Apple MacBook Pro 16"" M3 Max - Intel Core i5 1335U (Laptop)",,Apple,"MacBook Pro 16"" M3 Max",Intel,Intel Core i5,Intel Core i5,1335U,13th Gen / Raptor Lake,Integrated Intel Arc Graphics,Laptop,"16.0""",,32GB LPDDR5X,512GB NVMe SSD,SSD,Windows 11 Home,1744,1744,1744,1744,0,0,USD,,InStock,https://www.dell.com/products/apple-macbook-pro-16-m3-max-intel-core-i5,2026-08-28T08:15:27.551208+00:00,2026-08-28
Dell,United States,US,Dell,OEM,SKU-US-0014,Dell XPS 14 (9440) - AMD Ryzen 7 7840HS (Laptop),,Dell,XPS 14 (9440),AMD,AMD Ryzen 7,AMD Ryzen 7,7840HS,Zen 4 / Phoenix,Integrated Intel Arc Graphics,Laptop,"14.0""",,16GB DDR5,512GB NVMe SSD,SSD,Windows 11 Home,1791,1791,1791,1791,0,0,USD,,InStock,https://www.dell.com/products/dell-xps-14-9440--amd-ryzen-7,2026-08-28T08:15:27.551208+00:00,2026-08-28
Dell,United States,US,Dell,OEM,SKU-US-0015,HP Spectre x360 16 - Apple M3 Pro M3 Pro (Laptop),,HP,Spectre x360 16,Apple,Apple M3 Pro,Apple M3 Pro,M3 Pro,3nm Apple Silicon,NVIDIA GeForce RTX 4060,Laptop,"16.0""",,32GB LPDDR5X,1TB NVMe SSD,SSD,Windows 11 Home,1838,1617,1838,1617,221,12,USD,,InStock,https://www.dell.com/products/hp-spectre-x360-16-apple-m3-pro,2026-08-28T08:15:27.551208+00:00,2026-08-28
Dell,United States,US,Dell,OEM,SKU-US-0016,Lenovo Yoga 7i 2-in-1 - Intel Core Ultra 7 155H (Laptop),,Lenovo,Yoga 7i 2-in-1,Intel,Intel Core Ultra 7,Intel Core Ultra 7,155H,14th Gen / Meteor Lake,Integrated Intel Arc Graphics,Laptop,"14.0""",,16GB DDR5,512GB NVMe SSD,SSD,Windows 11 Home,1885,1885,1885,1885,0,0,USD,,InStock,https://www.dell.com/products/lenovo-yoga-7i-2-in-1-intel-core-ultra-7,2026-08-28T08:15:27.551208+00:00,2026-08-28
Dell,United States,US,Dell,OEM,SKU-US-0017,ASUS ROG Zephyrus G16 - Intel Core i7 13700H (Laptop),,ASUS,ROG Zephyrus G16,Intel,Intel Core i7,Intel Core i7,13700H,13th Gen / Raptor Lake,Integrated Intel Arc Graphics,Laptop,"16.0""",,32GB LPDDR5X,512GB NVMe SSD,SSD,Windows 11 Home,1932,1932,1932,1932,0,0,USD,,InStock,https://www.dell.com/products/asus-rog-zephyrus-g16-intel-core-i7,2026-08-28T08:15:27.551208+00:00,2026-08-28
Dell,United States,US,Dell,OEM,SKU-US-0018,Acer Nitro 16 - Intel Core 7 150U (Desktop PC),,Acer,Nitro 16,Intel,Intel Core 7,Intel Core 7,150U,14th Gen / Series 1,NVIDIA GeForce RTX 4060,Desktop,"27""",,16GB DDR5,1TB NVMe SSD,SSD,Windows 11 Home,1979,1742,1979,1742,237,12,USD,,InStock,https://www.dell.com/products/acer-nitro-16-intel-core-7,2026-08-28T08:15:27.551208+00:00,2026-08-28
Dell,United States,US,Dell,OEM,SKU-US-0019,Samsung Galaxy Book4 Ultra - AMD Ryzen 9 7945HX (Laptop),,Samsung,Galaxy Book4 Ultra,AMD,AMD Ryzen 9,AMD Ryzen 9,7945HX,Zen 4 / Dragon Range,Integrated Intel Arc Graphics,Laptop,"16.0""",,32GB LPDDR5X,512GB NVMe SSD,SSD,Windows 11 Home,2026,2026,2026,2026,0,0,USD,,InStock,https://www.dell.com/products/samsung-galaxy-book4-ultra-amd-ryzen-9,2026-08-28T08:15:27.551208+00:00,2026-08-28
Dell,United States,US,Dell,OEM,SKU-US-0020,MSI Prestige 16 AI Evo - Snapdragon X Elite X1E-80-100 (Laptop),,MSI,Prestige 16 AI Evo,Qualcomm,Snapdragon X Elite,Snapdragon X Elite,X1E-80-100,Oryon ARM,Integrated Intel Arc Graphics,Laptop,"14.0""",,16GB DDR5,512GB NVMe SSD,SSD,Windows 11 Home,2073,1700,2073,1700,373,18,USD,,InStock,https://www.dell.com/products/msi-prestige-16-ai-evo-snapdragon-x-elite,2026-08-28T08:15:27.551208+00:00,2026-08-28
Dell,United States,US,Dell,OEM,SKU-US-0021,"Apple MacBook Pro 16"" M3 Max - Intel Core Ultra 9 185H (Laptop)",,Apple,"MacBook Pro 16"" M3 Max",Intel,Intel Core Ultra 9,Intel Core Ultra 9,185H,14th Gen / Meteor Lake,NVIDIA GeForce RTX 4060,Laptop,"16.0""",,32GB LPDDR5X,1TB NVMe SSD,SSD,Windows 11 Home,2120,1866,2120,1866,254,12,USD,,InStock,https://www.dell.com/products/apple-macbook-pro-16-m3-max-intel-core-ultra-9,2026-08-28T08:15:27.551208+00:00,2026-08-28
Dell,United States,US,Dell,OEM,,Dell XPS 16 (9640) - Intel Core i9 14900HX (Laptop),,Dell,XPS 16 (9640),Intel,Intel Core i9,Intel Core i9,14900HX,14th Gen / Raptor Lake-HX,Integrated Intel Arc Graphics,Laptop,"14.0""",,16GB DDR5,512GB NVMe SSD,SSD,Windows 11 Home,2167,2167,2167,2167,0,0,USD,,InStock,https://www.dell.com/products/dell-xps-16-9640--intel-core-i9,2026-08-28T08:15:27.551208+00:00,2026-08-28
Dell,United States,US,Dell,OEM,SKU-US-0023,HP Envy x360 15 - AMD Ryzen 5 7520U (Laptop),,HP,Envy x360 15,AMD,AMD Ryzen 5,AMD Ryzen 5,7520U,Zen 2 / Mendocino,Integrated Intel Arc Graphics,Laptop,"16.0""",,32GB LPDDR5X,512GB NVMe SSD,SSD,Windows 11 Home,2214,2214,2214,2214,0,0,USD,,InStock,https://www.dell.com/products/hp-envy-x360-15-amd-ryzen-5,2026-08-28T08:15:27.551208+00:00,2026-08-28
Dell,United States,US,Dell,OEM,SKU-US-0024,Lenovo IdeaPad Slim 5 - Apple M3 M3 (Desktop PC),,Lenovo,IdeaPad Slim 5,Apple,Apple M3,Apple M3,M3,3nm Apple Silicon,NVIDIA GeForce RTX 4060,Desktop,"27""",,16GB DDR5,1TB NVMe SSD,SSD,Windows 11 Home,2261,1990,2261,1990,271,12,USD,,InStock,https://www.dell.com/products/lenovo-ideapad-slim-5-apple-m3,2026-08-28T08:15:27.551208+00:00,2026-08-28
Dell,United States,US,Dell,OEM,SKU-US-0025,ASUS ROG Strix SCAR 18 - Intel Core Ultra 5 125H (Laptop),,ASUS,ROG Strix SCAR 18,Intel,Intel Core Ultra 5,Intel Core Ultra 5,125H,14th Gen / Meteor Lake,Integrated Intel Arc Graphics,Laptop,"16.0""",,32GB LPDDR5X,512GB NVMe SSD,SSD,Windows 11 Home,2308,1893,2308,1893,415,18,USD,,InStock,https://www.dell.com/products/asus-rog-strix-scar-18-intel-core-ultra-5,2026-08-28T08:15:27.551208+00:00,2026-08-28
Dell,United States,US,Dell,OEM,SKU-US-0026,Acer TravelMate P6 - Intel Core i5 1335U (Laptop),,Acer,TravelMate P6,Intel,Intel Core i5,Intel Core i5,1335U,13th Gen / Raptor Lake,Integrated Intel Arc Graphics,Laptop,"14.0""",,16GB DDR5,512GB NVMe SSD,SSD,Windows 11 Home,2355,2355,2355,2355,0,0,USD,,InStock,https://www.dell.com/products/acer-travelmate-p6-intel-core-i5,2026-08-28T08:15:27.551208+00:00,2026-08-28
Dell,United States,US,Dell,OEM,SKU-US-0027,Samsung Galaxy Book4 Pro - AMD Ryzen 7 7840HS (Laptop),,Samsung,Galaxy Book4 Pro,AMD,AMD Ryzen 7,AMD Ryzen 7,7840HS,Zen 4 / Phoenix,NVIDIA GeForce RTX 4060,Laptop,"16.0""",,32GB LPDDR5X,1TB NVMe SSD,SSD,Windows 11 Home,2402,2114,2402,2114,288,12,USD,,InStock,https://www.dell.com/products/samsung-galaxy-book4-pro-amd-ryzen-7,2026-08-28T08:15:27.551208+00:00,2026-08-28
Dell,United States,US,Dell,OEM,SKU-US-0028,MSI Cyborg 15 - Apple M3 Pro M3 Pro (Laptop),,MSI,Cyborg 15,Apple,Apple M3 Pro,Apple M3 Pro,M3 Pro,3nm Apple Silicon,Integrated Intel Arc Graphics,Laptop,"14.0""",,16GB DDR5,512GB NVMe SSD,SSD,Windows 11 Home,2449,2449,2449,2449,0,0,USD,,InStock,https://www.dell.com/products/msi-cyborg-15-apple-m3-pro,2026-08-28T08:15:27.551208+00:00,2026-08-28
Dell,United States,US,Dell,OEM,SKU-US-0029,"Apple MacBook Pro 16"" M3 Max - Intel Core Ultra 7 155H (Laptop)",,Apple,"MacBook Pro 16"" M3 Max",Intel,Intel Core Ultra 7,Intel Core Ultra 7,155H,14th Gen / Meteor Lake,Integrated Intel Arc Graphics,Laptop,"16.0""",,32GB LPDDR5X,512GB NVMe SSD,SSD,Windows 11 Home,2496,2496,2496,2496,0,0,USD,,InStock,https://www.dell.com/products/apple-macbook-pro-16-m3-max-intel-core-ultra-7,2026-08-28T08:15:27.551208+00:00,2026-08-28
Dell,United States,US,Dell,OEM,SKU-US-0030,Dell Inspiron 15 (3520) - Intel Core i7 13700H (Desktop PC),,Dell,Inspiron 15 (3520),Intel,Intel Core i7,Intel Core i7,13700H,13th Gen / Raptor Lake,NVIDIA GeForce RTX 4060,Desktop,"27""",,16GB DDR5,1TB NVMe SSD,SSD,Windows 11 Home,2543,2238,2543,2238,305,12,USD,,InStock,https://www.dell.com/products/dell-inspiron-15-3520--intel-core-i7,2026-08-28T08:15:27.551208+00:00,2026-08-28
HP,United States,US,HP,OEM,SKU-US-0001,"Lenovo Yoga Pro 9i (16"") - Snapdragon X Elite X1E-80-100 (Laptop)",,Lenovo,"Yoga Pro 9i (16"")",Qualcomm,Snapdragon X Elite,Snapdragon X Elite,X1E-80-100,Oryon ARM,Integrated Intel Arc Graphics,Laptop,"16.0""",,32GB LPDDR5X,512GB NVMe SSD,SSD,Windows 11 Home,1269,1269,1269,1269,0,0,USD,,InStock,https://www.hp.com/products/lenovo-yoga-pro-9i-16--snapdragon-x-elite,2026-08-28T08:15:27.551208+00:00,2026-08-28
HP,United States,US,HP,OEM,SKU-US-0002,ASUS Vivobook S 15 OLED - Intel Core Ultra 9 185H (Laptop),,ASUS,Vivobook S 15 OLED,Intel,Intel Core Ultra 9,Intel Core Ultra 9,185H,14th Gen / Meteor Lake,Integrated Intel Arc Graphics,Laptop,"14.0""",,16GB DDR5,512GB NVMe SSD,SSD,Windows 11 Home,1316,1316,1316,1316,0,0,USD,,InStock,https://www.hp.com/products/asus-vivobook-s-15-oled-intel-core-ultra-9,2026-08-28T08:15:27.551208+00:00,2026-08-28
HP,United States,US,HP,OEM,SKU-US-0003,Acer Predator Helios 16 - Intel Core i9 14900HX (Laptop),,Acer,Predator Helios 16,Intel,Intel Core i9,Intel Core i9,14900HX,14th Gen / Raptor Lake-HX,NVIDIA GeForce RTX 4060,Laptop,"16.0""",,32GB LPDDR5X,1TB NVMe SSD,SSD,Windows 11 Home,1363,1199,1363,1199,164,12,USD,,InStock,https://www.hp.com/products/acer-predator-helios-16-intel-core-i9,2026-08-28T08:15:27.551208+00:00,2026-08-28
HP,United States,US,HP,OEM,SKU-US-0004,Samsung Galaxy Book4 Ultra - AMD Ryzen 5 7520U (Laptop),,Samsung,Galaxy Book4 Ultra,AMD,AMD Ryzen 5,AMD Ryzen 5,7520U,Zen 2 / Mendocino,Integrated Intel Arc Graphics,Laptop,"14.0""",,16GB DDR5,512GB NVMe SSD,SSD,Windows 11 Home,1410,1410,1410,1410,0,0,USD,,InStock,https://www.hp.com/products/samsung-galaxy-book4-ultra-amd-ryzen-5,2026-08-28T08:15:27.551208+00:00,2026-08-28
HP,United States,US,HP,OEM,SKU-US-0005,MSI Prestige 16 AI Evo - Apple M3 M3 (Laptop),,MSI,Prestige 16 AI Evo,Apple,Apple M3,Apple M3,M3,3nm Apple Silicon,Integrated Intel Arc Graphics,Laptop,"16.0""",,32GB LPDDR5X,512GB NVMe SSD,SSD,Windows 11 Home,1457,1195,1457,1195,262,18,USD,,InStock,https://www.hp.com/products/msi-prestige-16-ai-evo-apple-m3,2026-08-28T08:15:27.551208+00:00,2026-08-28
HP,United States,US,HP,OEM,SKU-US-0006,"Apple MacBook Air 13"" M3 - Intel Core Ultra 5 125H (Desktop PC)",,Apple,"MacBook Air 13"" M3",Intel,Intel Core Ultra 5,Intel Core Ultra 5,125H,14th Gen / Meteor Lake,NVIDIA GeForce RTX 4060,Desktop,"27""",,16GB DDR5,1TB NVMe SSD,SSD,Windows 11 Home,1504,1324,1504,1324,180,12,USD,,InStock,https://www.hp.com/products/apple-macbook-air-13-m3-intel-core-ultra-5,2026-08-28T08:15:27.551208+00:00,2026-08-28
HP,United States,US,HP,OEM,SKU-US-0007,Dell XPS 14 (9440) - Intel Core i5 1335U (Laptop),,Dell,XPS 14 (9440),Intel,Intel Core i5,Intel Core i5,1335U,13th Gen / Raptor Lake,Integrated Intel Arc Graphics,Laptop,"16.0""",,32GB LPDDR5X,512GB NVMe SSD,SSD,Windows 11 Home,1551,1551,1551,1551,0,0,USD,,InStock,https://www.hp.com/products/dell-xps-14-9440--intel-core-i5,2026-08-28T08:15:27.551208+00:00,2026-08-28
HP,United States,US,HP,OEM,SKU-US-0008,HP Spectre x360 16 - AMD Ryzen 7 7840HS (Laptop),,HP,Spectre x360 16,AMD,AMD Ryzen 7,AMD Ryzen 7,7840HS,Zen 4 / Phoenix,Integrated Intel Arc Graphics,Laptop,"14.0""",,16GB DDR5,512GB NVMe SSD,SSD,Windows 11 Home,1598,1598,1598,1598,0,0,USD,,InStock,https://www.hp.com/products/hp-spectre-x360-16-amd-ryzen-7,2026-08-28T08:15:27.551208+00:00,2026-08-28
HP,United States,US,HP,OEM,SKU-US-0009,Lenovo Yoga 7i 2-in-1 - Apple M3 Pro M3 Pro (Laptop),,Lenovo,Yoga 7i 2-in-1,Apple,Apple M3 Pro,Apple M3 Pro,M3 Pro,3nm Apple Silicon,NVIDIA GeForce RTX 4060,Laptop,"16.0""",,32GB LPDDR5X,1TB NVMe SSD,SSD,Windows 11 Home,1645,1448,1645,1448,197,12,USD,,InStock,https://www.hp.com/products/lenovo-yoga-7i-2-in-1-apple-m3-pro,2026-08-28T08:15:27.551208+00:00,2026-08-28
HP,United States,US,HP,OEM,SKU-US-0010,ASUS ROG Zephyrus G16 - Intel Core Ultra 7 155H (Laptop),,ASUS,ROG Zephyrus G16,Intel,Intel Core Ultra 7,Intel Core Ultra 7,155H,14th Gen / Meteor Lake,Integrated Intel Arc Graphics,Laptop,"14.0""",,16GB DDR5,512GB NVMe SSD,SSD,Windows 11 Home,1692,1387,1692,1387,305,18,USD,,InStock,https://www.hp.com/products/asus-rog-zephyrus-g16-intel-core-ultra-7,2026-08-28T08:15:27.551208+00:00,2026-08-28
HP,United States,US,HP,OEM,,Acer Nitro 16 - Intel Core i7 13700H (Laptop),,Acer,Nitro 16,Intel,Intel Core i7,Intel Core i7,13700H,13th Gen / Raptor Lake,Integrated Intel Arc Graphics,Laptop,"16.0""",,32GB LPDDR5X,512GB NVMe SSD,SSD,Windows 11 Home,1739,1739,1739,1739,0,0,USD,,InStock,https://www.hp.com/products/acer-nitro-16-intel-core-i7,2026-08-28T08:15:27.551208+00:00,2026-08-28
HP,United States,US,HP,OEM,SKU-US-0012,Samsung Galaxy Book4 Pro - Intel Core 7 150U (Desktop PC),,Samsung,Galaxy Book4 Pro,Intel,Intel Core 7,Intel Core 7,150U,14th Gen / Series 1,NVIDIA GeForce RTX 4060,Desktop,"27""",,16GB DDR5,1TB NVMe SSD,SSD,Windows 11 Home,1786,1572,1786,1572,214,12,USD,,InStock,https://www.hp.com/products/samsung-galaxy-book4-pro-intel-core-7,2026-08-28T08:15:27.551208+00:00,2026-08-28
HP,United States,US,HP,OEM,SKU-US-0013,MSI Cyborg 15 - AMD Ryzen 9 7945HX (Laptop),,MSI,Cyborg 15,AMD,AMD Ryzen 9,AMD Ryzen 9,7945HX,Zen 4 / Dragon Range,Integrated Intel Arc Graphics,Laptop,"16.0""",,32GB LPDDR5X,512GB NVMe SSD,SSD,Windows 11 Home,1833,1833,1833,1833,0,0,USD,,InStock,https://www.hp.com/products/msi-cyborg-15-amd-ryzen-9,2026-08-28T08:15:27.551208+00:00,2026-08-28
HP,United States,US,HP,OEM,SKU-US-0014,"Apple MacBook Air 13"" M3 - Snapdragon X Elite X1E-80-100 (Laptop)",,Apple,"MacBook Air 13"" M3",Qualcomm,Snapdragon X Elite,Snapdragon X Elite,X1E-80-100,Oryon ARM,Integrated Intel Arc Graphics,Laptop,"14.0""",,16GB DDR5,512GB NVMe SSD,SSD,Windows 11 Home,1880,1880,1880,1880,0,0,USD,,InStock,https://www.hp.com/products/apple-macbook-air-13-m3-snapdragon-x-elite,2026-08-28T08:15:27.551208+00:00,2026-08-28
HP,United States,US,HP,OEM,SKU-US-0015,Dell XPS 16 (9640) - Intel Core Ultra 9 185H (Laptop),,Dell,XPS 16 (9640),Intel,Intel Core Ultra 9,Intel Core Ultra 9,185H,14th Gen / Meteor Lake,NVIDIA GeForce RTX 4060,Laptop,"16.0""",,32GB LPDDR5X,1TB NVMe SSD,SSD,Windows 11 Home,1927,1696,1927,1696,231,12,USD,,InStock,https://www.hp.com/products/dell-xps-16-9640--intel-core-ultra-9,2026-08-28T08:15:27.551208+00:00,2026-08-28
HP,United States,US,HP,OEM,SKU-US-0016,HP Envy x360 15 - Intel Core i9 14900HX (Laptop),,HP,Envy x360 15,Intel,Intel Core i9,Intel Core i9,14900HX,14th Gen / Raptor Lake-HX,Integrated Intel Arc Graphics,Laptop,"14.0""",,16GB DDR5,512GB NVMe SSD,SSD,Windows 11 Home,1974,1974,1974,1974,0,0,USD,,InStock,https://www.hp.com/products/hp-envy-x360-15-intel-core-i9,2026-08-28T08:15:27.551208+00:00,2026-08-28
HP,United States,US,HP,OEM,SKU-US-0017,Lenovo IdeaPad Slim 5 - AMD Ryzen 5 7520U (Laptop),,Lenovo,IdeaPad Slim 5,AMD,AMD Ryzen 5,AMD Ryzen 5,7520U,Zen 2 / Mendocino,Integrated Intel Arc Graphics,Laptop,"16.0""",,32GB LPDDR5X,512GB NVMe SSD,SSD,Windows 11 Home,2021,2021,2021,2021,0,0,USD,,InStock,https://www.hp.com/products/lenovo-ideapad-slim-5-amd-ryzen-5,2026-08-28T08:15:27.551208+00:00,2026-08-28
HP,United States,US,HP,OEM,SKU-US-0018,ASUS ROG Strix SCAR 18 - Apple M3 M3 (Desktop PC),,ASUS,ROG Strix SCAR 18,Apple,Apple M3,Apple M3,M3,3nm Apple Silicon,NVIDIA GeForce RTX 4060,Desktop,"27""",,16GB DDR5,1TB NVMe SSD,SSD,Windows 11 Home,2068,1820,2068,1820,248,12,USD,,InStock,https://www.hp.com/products/asus-rog-strix-scar-18-apple-m3,2026-08-28T08:15:27.551208+00:00,2026-08-28
HP,United States,US,HP,OEM,SKU-US-0019,Acer TravelMate P6 - Intel Core Ultra 5 125H (Laptop),,Acer,TravelMate P6,Intel,Intel Core Ultra 5,Intel Core Ultra 5,125H,14th Gen / Meteor Lake,Integrated Intel Arc Graphics,Laptop,"16.0""",,32GB LPDDR5X,512GB NVMe SSD,SSD,Windows 11 Home,2115,2115,2115,2115,0,0,USD,,InStock,https://www.hp.com/products/acer-travelmate-p6-intel-core-ultra-5,2026-08-28T08:15:27.551208+00:00,2026-08-28
HP,United States,US,HP,OEM,SKU-US-0020,Samsung Galaxy Book4 360 - Intel Core i5 1335U (Laptop),,Samsung,Galaxy Book4 360,Intel,Intel Core i5,Intel Core i5,1335U,13th Gen / Raptor Lake,Integrated Intel Arc Graphics,Laptop,"14.0""",,16GB DDR5,512GB NVMe SSD,SSD,Windows 11 Home,2162,1773,2162,1773,389,18,USD,,InStock,https://www.hp.com/products/samsung-galaxy-book4-360-intel-core-i5,2026-08-28T08:15:27.551208+00:00,2026-08-28
HP,United States,US,HP,OEM,SKU-US-0021,MSI Stealth 16 AI Studio - AMD Ryzen 7 7840HS (Laptop),,MSI,Stealth 16 AI Studio,AMD,AMD Ryzen 7,AMD Ryzen 7,7840HS,Zen 4 / Phoenix,NVIDIA GeForce RTX 4060,Laptop,"16.0""",,32GB LPDDR5X,1TB NVMe SSD,SSD,Windows 11 Home,2209,1944,2209,1944,265,12,USD,,InStock,https://www.hp.com/products/msi-stealth-16-ai-studio-amd-ryzen-7,2026-08-28T08:15:27.551208+00:00,2026-08-28
HP,United States,US,HP,OEM,,"Apple MacBook Air 13"" M3 - Apple M3 Pro M3 Pro (Laptop)",,Apple,"MacBook Air 13"" M3",Apple,Apple M3 Pro,Apple M3 Pro,M3 Pro,3nm Apple Silicon,Integrated Intel Arc Graphics,Laptop,"14.0""",,16GB DDR5,512GB NVMe SSD,SSD,Windows 11 Home,2256,2256,2256,2256,0,0,USD,,InStock,https://www.hp.com/products/apple-macbook-air-13-m3-apple-m3-pro,2026-08-28T08:15:27.551208+00:00,2026-08-28
HP,United States,US,HP,OEM,SKU-US-0023,Dell Inspiron 15 (3520) - Intel Core Ultra 7 155H (Laptop),,Dell,Inspiron 15 (3520),Intel,Intel Core Ultra 7,Intel Core Ultra 7,155H,14th Gen / Meteor Lake,Integrated Intel Arc Graphics,Laptop,"16.0""",,32GB LPDDR5X,512GB NVMe SSD,SSD,Windows 11 Home,2303,2303,2303,2303,0,0,USD,,InStock,https://www.hp.com/products/dell-inspiron-15-3520--intel-core-ultra-7,2026-08-28T08:15:27.551208+00:00,2026-08-28
HP,United States,US,HP,OEM,SKU-US-0024,HP Pavilion Plus 14 - Intel Core i7 13700H (Desktop PC),,HP,Pavilion Plus 14,Intel,Intel Core i7,Intel Core i7,13700H,13th Gen / Raptor Lake,NVIDIA GeForce RTX 4060,Desktop,"27""",,16GB DDR5,1TB NVMe SSD,SSD,Windows 11 Home,2350,2068,2350,2068,282,12,USD,,InStock,https://www.hp.com/products/hp-pavilion-plus-14-intel-core-i7,2026-08-28T08:15:27.551208+00:00,2026-08-28
HP,United States,US,HP,OEM,SKU-US-0025,Lenovo Legion Pro 7i - Intel Core 7 150U (Laptop),,Lenovo,Legion Pro 7i,Intel,Intel Core 7,Intel Core 7,150U,14th Gen / Series 1,Integrated Intel Arc Graphics,Laptop,"16.0""",,32GB LPDDR5X,512GB NVMe SSD,SSD,Windows 11 Home,2397,1966,2397,1966,431,18,USD,,InStock,https://www.hp.com/products/lenovo-legion-pro-7i-intel-core-7,2026-08-28T08:15:27.551208+00:00,2026-08-28
HP,United States,US,HP,OEM,SKU-US-0026,ASUS TUF Gaming A15 - AMD Ryzen 9 7945HX (Laptop),,ASUS,TUF Gaming A15,AMD,AMD Ryzen 9,AMD Ryzen 9,7945HX,Zen 4 / Dragon Range,Integrated Intel Arc Graphics,Laptop,"14.0""",,16GB DDR5,512GB NVMe SSD,SSD,Windows 11 Home,2444,2444,2444,2444,0,0,USD,,InStock,https://www.hp.com/products/asus-tuf-gaming-a15-amd-ryzen-9,2026-08-28T08:15:27.551208+00:00,2026-08-28
HP,United States,US,HP,OEM,SKU-US-0027,Acer Spin 5 - Snapdragon X Elite X1E-80-100 (Laptop),,Acer,Spin 5,Qualcomm,Snapdragon X Elite,Snapdragon X Elite,X1E-80-100,Oryon ARM,NVIDIA GeForce RTX 4060,Laptop,"16.0""",,32GB LPDDR5X,1TB NVMe SSD,SSD,Windows 11 Home,2491,2192,2491,2192,299,12,USD,,InStock,https://www.hp.com/products/acer-spin-5-snapdragon-x-elite,2026-08-28T08:15:27.551208+00:00,2026-08-28
HP,United States,US,HP,OEM,SKU-US-0028,Samsung Galaxy Book4 Ultra - Intel Core Ultra 9 185H (Laptop),,Samsung,Galaxy Book4 Ultra,Intel,Intel Core Ultra 9,Intel Core Ultra 9,185H,14th Gen / Meteor Lake,Integrated Intel Arc Graphics,Laptop,"14.0""",,16GB DDR5,512GB NVMe SSD,SSD,Windows 11 Home,2538,2538,2538,2538,0,0,USD,,InStock,https://www.hp.com/products/samsung-galaxy-book4-ultra-intel-core-ultra-9,2026-08-28T08:15:27.551208+00:00,2026-08-28
HP,United States,US,HP,OEM,SKU-US-0029,MSI Modern 14 - Intel Core i9 14900HX (Laptop),,MSI,Modern 14,Intel,Intel Core i9,Intel Core i9,14900HX,14th Gen / Raptor Lake-HX,Integrated Intel Arc Graphics,Laptop,"16.0""",,32GB LPDDR5X,512GB NVMe SSD,SSD,Windows 11 Home,2585,2585,2585,2585,0,0,USD,,InStock,https://www.hp.com/products/msi-modern-14-intel-core-i9,2026-08-28T08:15:27.551208+00:00,2026-08-28
HP,United States,US,HP,OEM,SKU-US-0030,"Apple MacBook Air 13"" M3 - AMD Ryzen 5 7520U (Desktop PC)",,Apple,"MacBook Air 13"" M3",AMD,AMD Ryzen 5,AMD Ryzen 5,7520U,Zen 2 / Mendocino,NVIDIA GeForce RTX 4060,Desktop,"27""",,16GB DDR5,1TB NVMe SSD,SSD,Windows 11 Home,2632,2316,2632,2316,316,12,USD,,InStock,https://www.hp.com/products/apple-macbook-air-13-m3-amd-ryzen-5,2026-08-28T08:15:27.551208+00:00,2026-08-28
Lenovo,United States,US,Lenovo,OEM,SKU-US-0001,HP Spectre x360 16 - Intel Core i5 1335U (Laptop),,HP,Spectre x360 16,Intel,Intel Core i5,Intel Core i5,1335U,13th Gen / Raptor Lake,Integrated Intel Arc Graphics,Laptop,"16.0""",,32GB LPDDR5X,512GB NVMe SSD,SSD,Windows 11 Home,1358,1358,1358,1358,0,0,USD,,InStock,https://www.lenovo.com/products/hp-spectre-x360-16-intel-core-i5,2026-08-28T08:15:27.551208+00:00,2026-08-28
Lenovo,United States,US,Lenovo,OEM,SKU-US-0002,Lenovo Yoga 7i 2-in-1 - AMD Ryzen 7 7840HS (Laptop),,Lenovo,Yoga 7i 2-in-1,AMD,AMD Ryzen 7,AMD Ryzen 7,7840HS,Zen 4 / Phoenix,Integrated Intel Arc Graphics,Laptop,"14.0""",,16GB DDR5,512GB NVMe SSD,SSD,Windows 11 Home,1405,1405,1405,1405,0,0,USD,,InStock,https://www.lenovo.com/products/lenovo-yoga-7i-2-in-1-amd-ryzen-7,2026-08-28T08:15:27.551208+00:00,2026-08-28
Lenovo,United States,US,Lenovo,OEM,SKU-US-0003,ASUS ROG Zephyrus G16 - Apple M3 Pro M3 Pro (Laptop),,ASUS,ROG Zephyrus G16,Apple,Apple M3 Pro,Apple M3 Pro,M3 Pro,3nm Apple Silicon,NVIDIA GeForce RTX 4060,Laptop,"16.0""",,32GB LPDDR5X,1TB NVMe SSD,SSD,Windows 11 Home,1452,1278,1452,1278,174,12,USD,,InStock,https://www.lenovo.com/products/asus-rog-zephyrus-g16-apple-m3-pro,2026-08-28T08:15:27.551208+00:00,2026-08-28
Lenovo,United States,US,Lenovo,OEM,SKU-US-0004,Acer Nitro 16 - Intel Core Ultra 7 155H (Laptop),,Acer,Nitro 16,Intel,Intel Core Ultra 7,Intel Core Ultra 7,155H,14th Gen / Meteor Lake,Integrated Intel Arc Graphics,Laptop,"14.0""",,16GB DDR5,512GB NVMe SSD,SSD,Windows 11 Home,1499,1499,1499,1499,0,0,USD,,InStock,https://www.lenovo.com/products/acer-nitro-16-intel-core-ultra-7,2026-08-28T08:15:27.551208+00:00,2026-08-28
Lenovo,United States,US,Lenovo,OEM,SKU-US-0005,Samsung Galaxy Book4 360 - Intel Core i7 13700H (Laptop),,Samsung,Galaxy Book4 360,Intel,Intel Core i7,Intel Core i7,13700H,13th Gen / Raptor Lake,Integrated Intel Arc Graphics,Laptop,"16.0""",,32GB LPDDR5X,512GB NVMe SSD,SSD,Windows 11 Home,1546,1268,1546,1268,278,18,USD,,InStock,https://www.lenovo.com/products/samsung-galaxy-book4-360-intel-core-i7,2026-08-28T08:15:27.551208+00:00,2026-08-28
Lenovo,United States,US,Lenovo,OEM,SKU-US-0006,MSI Stealth 16 AI Studio - Intel Core 7 150U (Desktop PC),,MSI,Stealth 16 AI Studio,Intel,Intel Core 7,Intel Core 7,150U,14th Gen / Series 1,NVIDIA GeForce RTX 4060,Desktop,"27""",,16GB DDR5,1TB NVMe SSD,SSD,Windows 11 Home,1593,1402,1593,1402,191,12,USD,,InStock,https://www.lenovo.com/products/msi-stealth-16-ai-studio-intel-core-7,2026-08-28T08:15:27.551208+00:00,2026-08-28
Lenovo,United States,US,Lenovo,OEM,SKU-US-0007,"Apple MacBook Air 15"" M3 - AMD Ryzen 9 7945HX (Laptop)",,Apple,"MacBook Air 15"" M3",AMD,AMD Ryzen 9,AMD Ryzen 9,7945HX,Zen 4 / Dragon Range,Integrated Intel Arc Graphics,Laptop,"16.0""",,32GB LPDDR5X,512GB NVMe SSD,SSD,Windows 11 Home,1640,1640,1640,1640,0,0,USD,,InStock,https://www.lenovo.com/products/apple-macbook-air-15-m3-amd-ryzen-9,2026-08-28T08:15:27.551208+00:00,2026-08-28
Lenovo,United States,US,Lenovo,OEM,SKU-US-0008,Dell XPS 16 (9640) - Snapdragon X Elite X1E-80-100 (Laptop),,Dell,XPS 16 (9640),Qualcomm,Snapdragon X Elite,Snapdragon X Elite,X1E-80-100,Oryon ARM,Integrated Intel Arc Graphics,Laptop,"14.0""",,16GB DDR5,512GB NVMe SSD,SSD,Windows 11 Home,1687,1687,1687,1687,0,0,USD,,InStock,https://www.lenovo.com/products/dell-xps-16-9640--snapdragon-x-elite,2026-08-28T08:15:27.551208+00:00,2026-08-28
Lenovo,United States,US,Lenovo,OEM,SKU-US-0009,HP Envy x360 15 - Intel Core Ultra 9 185H (Laptop),,HP,Envy x360 15,Intel,Intel Core Ultra 9,Intel Core Ultra 9,185H,14th Gen / Meteor Lake,NVIDIA GeForce RTX 4060,Laptop,"16.0""",,32GB LPDDR5X,1TB NVMe SSD,SSD,Windows 11 Home,1734,1526,1734,1526,208,12,USD,,InStock,https://www.lenovo.com/products/hp-envy-x360-15-intel-core-ultra-9,2026-08-28T08:15:27.551208+00:00,2026-08-28
Lenovo,United States,US,Lenovo,OEM,SKU-US-0010,Lenovo IdeaPad Slim 5 - Intel Core i9 14900HX (Laptop),,Lenovo,IdeaPad Slim 5,Intel,Intel Core i9,Intel Core i9,14900HX,14th Gen / Raptor Lake-HX,Integrated Intel Arc Graphics,Laptop,"14.0""",,16GB DDR5,512GB NVMe SSD,SSD,Windows 11 Home,1781,1460,1781,1460,321,18,USD,,InStock,https://www.lenovo.com/products/lenovo-ideapad-slim-5-intel-core-i9,2026-08-28T08:15:27.551208+00:00,2026-08-28
Lenovo,United States,US,Lenovo,OEM,,ASUS ROG Strix SCAR 18 - AMD Ryzen 5 7520U (Laptop),,ASUS,ROG Strix SCAR 18,AMD,AMD Ryzen 5,AMD Ryzen 5,7520U,Zen 2 / Mendocino,Integrated Intel Arc Graphics,Laptop,"16.0""",,32GB LPDDR5X,512GB NVMe SSD,SSD,Windows 11 Home,1828,1828,1828,1828,0,0,USD,,InStock,https://www.lenovo.com/products/asus-rog-strix-scar-18-amd-ryzen-5,2026-08-28T08:15:27.551208+00:00,2026-08-28
Lenovo,United States,US,Lenovo,OEM,SKU-US-0012,Acer TravelMate P6 - Apple M3 M3 (Desktop PC),,Acer,TravelMate P6,Apple,Apple M3,Apple M3,M3,3nm Apple Silicon,NVIDIA GeForce RTX 4060,Desktop,"27""",,16GB DDR5,1TB NVMe SSD,SSD,Windows 11 Home,1875,1650,1875,1650,225,12,USD,,InStock,https://www.lenovo.com/products/acer-travelmate-p6-apple-m3,2026-08-28T08:15:27.551208+00:00,2026-08-28
Lenovo,United States,US,Lenovo,OEM,SKU-US-0013,Samsung Galaxy Book4 Ultra - Intel Core Ultra 5 125H (Laptop),,Samsung,Galaxy Book4 Ultra,Intel,Intel Core Ultra 5,Intel Core Ultra 5,125H,14th Gen / Meteor Lake,Integrated Intel Arc Graphics,Laptop,"16.0""",,32GB LPDDR5X,512GB NVMe SSD,SSD,Windows 11 Home,1922,1922,1922,1922,0,0,USD,,InStock,https://www.lenovo.com/products/samsung-galaxy-book4-ultra-intel-core-ultra-5,2026-08-28T08:15:27.551208+00:00,2026-08-28
Lenovo,United States,US,Lenovo,OEM,SKU-US-0014,MSI Modern 14 - Intel Core i5 1335U (Laptop),,MSI,Modern 14,Intel,Intel Core i5,Intel Core i5,1335U,13th Gen / Raptor Lake,Integrated Intel Arc Graphics,Laptop,"14.0""",,16GB DDR5,512GB NVMe SSD,SSD,Windows 11 Home,1969,1969,1969,1969,0,0,USD,,InStock,https://www.lenovo.com/products/msi-modern-14-intel-core-i5,2026-08-28T08:15:27.551208+00:00,2026-08-28
Lenovo,United States,US,Lenovo,OEM,SKU-US-0015,"Apple MacBook Air 15"" M3 - AMD Ryzen 7 7840HS (Laptop)",,Apple,"MacBook Air 15"" M3",AMD,AMD Ryzen 7,AMD Ryzen 7,7840HS,Zen 4 / Phoenix,NVIDIA GeForce RTX 4060,Laptop,"16.0""",,32GB LPDDR5X,1TB NVMe SSD,SSD,Windows 11 Home,2016,1774,2016,1774,242,12,USD,,InStock,https://www.lenovo.com/products/apple-macbook-air-15-m3-amd-ryzen-7,2026-08-28T08:15:27.551208+00:00,2026-08-28
Lenovo,United States,US,Lenovo,OEM,SKU-US-0016,Dell Inspiron 15 (3520) - Apple M3 Pro M3 Pro (Laptop),,Dell,Inspiron 15 (3520),Apple,Apple M3 Pro,Apple M3 Pro,M3 Pro,3nm Apple Silicon,Integrated Intel Arc Graphics,Laptop,"14.0""",,16GB DDR5,512GB NVMe SSD,SSD,Windows 11 Home,2063,2063,2063,2063,0,0,USD,,InStock,https://www.lenovo.com/products/dell-inspiron-15-3520--apple-m3-pro,2026-08-28T08:15:27.551208+00:00,2026-08-28
Lenovo,United States,US,Lenovo,OEM,SKU-US-0017,HP Pavilion Plus 14 - Intel Core Ultra 7 155H (Laptop),,HP,Pavilion Plus 14,Intel,Intel Core Ultra 7,Intel Core Ultra 7,155H,14th Gen / Meteor Lake,Integrated Intel Arc Graphics,Laptop,"16.0""",,32GB LPDDR5X,512GB NVMe SSD,SSD,Windows 11 Home,2110,2110,2110,2110,0,0,USD,,InStock,https://www.lenovo.com/products/hp-pavilion-plus-14-intel-core-ultra-7,2026-08-28T08:15:27.551208+00:00,2026-08-28
Lenovo,United States,US,Lenovo,OEM,SKU-US-0018,Lenovo Legion Pro 7i - Intel Core i7 13700H (Desktop PC),,Lenovo,Legion Pro 7i,Intel,Intel Core i7,Intel Core i7,13700H,13th Gen / Raptor Lake,NVIDIA GeForce RTX 4060,Desktop,"27""",,16GB DDR5,1TB NVMe SSD,SSD,Windows 11 Home,2157,1898,2157,1898,259,12,USD,,InStock,https://www.lenovo.com/products/lenovo-legion-pro-7i-intel-core-i7,2026-08-28T08:15:27.551208+00:00,2026-08-28
Lenovo,United States,US,Lenovo,OEM,SKU-US-0019,ASUS TUF Gaming A15 - Intel Core 7 150U (Laptop),,ASUS,TUF Gaming A15,Intel,Intel Core 7,Intel Core 7,150U,14th Gen / Series 1,Integrated Intel Arc Graphics,Laptop,"16.0""",,32GB LPDDR5X,512GB NVMe SSD,SSD,Windows 11 Home,2204,2204,2204,2204,0,0,USD,,InStock,https://www.lenovo.com/products/asus-tuf-gaming-a15-intel-core-7,2026-08-28T08:15:27.551208+00:00,2026-08-28
Lenovo,United States,US,Lenovo,OEM,SKU-US-0020,Acer Spin 5 - AMD Ryzen 9 7945HX (Laptop),,Acer,Spin 5,AMD,AMD Ryzen 9,AMD Ryzen 9,7945HX,Zen 4 / Dragon Range,Integrated Intel Arc Graphics,Laptop,"14.0""",,16GB DDR5,512GB NVMe SSD,SSD,Windows 11 Home,2251,1846,2251,1846,405,18,USD,,InStock,https://www.lenovo.com/products/acer-spin-5-amd-ryzen-9,2026-08-28T08:15:27.551208+00:00,2026-08-28
Lenovo,United States,US,Lenovo,OEM,SKU-US-0021,Samsung Galaxy Book4 Pro - Snapdragon X Elite X1E-80-100 (Laptop),,Samsung,Galaxy Book4 Pro,Qualcomm,Snapdragon X Elite,Snapdragon X Elite,X1E-80-100,Oryon ARM,NVIDIA GeForce RTX 4060,Laptop,"16.0""",,32GB LPDDR5X,1TB NVMe SSD,SSD,Windows 11 Home,2298,2022,2298,2022,276,12,USD,,InStock,https://www.lenovo.com/products/samsung-galaxy-book4-pro-snapdragon-x-elite,2026-08-28T08:15:27.551208+00:00,2026-08-28
Lenovo,United States,US,Lenovo,OEM,,MSI Raider GE78 HX - Intel Core Ultra 9 185H (Laptop),,MSI,Raider GE78 HX,Intel,Intel Core Ultra 9,Intel Core Ultra 9,185H,14th Gen / Meteor Lake,Integrated Intel Arc Graphics,Laptop,"14.0""",,16GB DDR5,512GB NVMe SSD,SSD,Windows 11 Home,2345,2345,2345,2345,0,0,USD,,InStock,https://www.lenovo.com/products/msi-raider-ge78-hx-intel-core-ultra-9,2026-08-28T08:15:27.551208+00:00,2026-08-28
Lenovo,United States,US,Lenovo,OEM,SKU-US-0023,"Apple MacBook Air 15"" M3 - Intel Core i9 14900HX (Laptop)",,Apple,"MacBook Air 15"" M3",Intel,Intel Core i9,Intel Core i9,14900HX,14th Gen / Raptor Lake-HX,Integrated Intel Arc Graphics,Laptop,"16.0""",,32GB LPDDR5X,512GB NVMe SSD,SSD,Windows 11 Home,2392,2392,2392,2392,0,0,USD,,InStock,https://www.lenovo.com/products/apple-macbook-air-15-m3-intel-core-i9,2026-08-28T08:15:27.551208+00:00,2026-08-28
Lenovo,United States,US,Lenovo,OEM,SKU-US-0024,Dell Inspiron 16 Plus (7640) - AMD Ryzen 5 7520U (Desktop PC),,Dell,Inspiron 16 Plus (7640),AMD,AMD Ryzen 5,AMD Ryzen 5,7520U,Zen 2 / Mendocino,NVIDIA GeForce RTX 4060,Desktop,"27""",,16GB DDR5,1TB NVMe SSD,SSD,Windows 11 Home,2439,2146,2439,2146,293,12,USD,,InStock,https://www.lenovo.com/products/dell-inspiron-16-plus-7640--amd-ryzen-5,2026-08-28T08:15:27.551208+00:00,2026-08-28
Lenovo,United States,US,Lenovo,OEM,SKU-US-0025,HP OMEN 16 Transcend - Apple M3 M3 (Laptop),,HP,OMEN 16 Transcend,Apple,Apple M3,Apple M3,M3,3nm Apple Silicon,Integrated Intel Arc Graphics,Laptop,"16.0""",,32GB LPDDR5X,512GB NVMe SSD,SSD,Windows 11 Home,2486,2039,2486,2039,447,18,USD,,InStock,https://www.lenovo.com/products/hp-omen-16-transcend-apple-m3,2026-08-28T08:15:27.551208+00:00,2026-08-28
Lenovo,United States,US,Lenovo,OEM,SKU-US-0026,Lenovo ThinkBook 16 Gen 6 - Intel Core Ultra 5 125H (Laptop),,Lenovo,ThinkBook 16 Gen 6,Intel,Intel Core Ultra 5,Intel Core Ultra 5,125H,14th Gen / Meteor Lake,Integrated Intel Arc Graphics,Laptop,"14.0""",,16GB DDR5,512GB NVMe SSD,SSD,Windows 11 Home,2533,2533,2533,2533,0,0,USD,,InStock,https://www.lenovo.com/products/lenovo-thinkbook-16-gen-6-intel-core-ultra-5,2026-08-28T08:15:27.551208+00:00,2026-08-28
Lenovo,United States,US,Lenovo,OEM,SKU-US-0027,ASUS ExpertBook B9 - Intel Core i5 1335U (Laptop),,ASUS,ExpertBook B9,Intel,Intel Core i5,Intel Core i5,1335U,13th Gen / Raptor Lake,NVIDIA GeForce RTX 4060,Laptop,"16.0""",,32GB LPDDR5X,1TB NVMe SSD,SSD,Windows 11 Home,2580,2270,2580,2270,310,12,USD,,InStock,https://www.lenovo.com/products/asus-expertbook-b9-intel-core-i5,2026-08-28T08:15:27.551208+00:00,2026-08-28
Lenovo,United States,US,Lenovo,OEM,SKU-US-0028,Acer Swift Go 14 AI - AMD Ryzen 7 7840HS (Laptop),,Acer,Swift Go 14 AI,AMD,AMD Ryzen 7,AMD Ryzen 7,7840HS,Zen 4 / Phoenix,Integrated Intel Arc Graphics,Laptop,"14.0""",,16GB DDR5,512GB NVMe SSD,SSD,Windows 11 Home,2627,2627,2627,2627,0,0,USD,,InStock,https://www.lenovo.com/products/acer-swift-go-14-ai-amd-ryzen-7,2026-08-28T08:15:27.551208+00:00,2026-08-28
Lenovo,United States,US,Lenovo,OEM,SKU-US-0029,Samsung Galaxy Book4 360 - Apple M3 Pro M3 Pro (Laptop),,Samsung,Galaxy Book4 360,Apple,Apple M3 Pro,Apple M3 Pro,M3 Pro,3nm Apple Silicon,Integrated Intel Arc Graphics,Laptop,"16.0""",,32GB LPDDR5X,512GB NVMe SSD,SSD,Windows 11 Home,2674,2674,2674,2674,0,0,USD,,InStock,https://www.lenovo.com/products/samsung-galaxy-book4-360-apple-m3-pro,2026-08-28T08:15:27.551208+00:00,2026-08-28
Lenovo,United States,US,Lenovo,OEM,SKU-US-0030,MSI Prestige 16 AI Evo - Intel Core Ultra 7 155H (Desktop PC),,MSI,Prestige 16 AI Evo,Intel,Intel Core Ultra 7,Intel Core Ultra 7,155H,14th Gen / Meteor Lake,NVIDIA GeForce RTX 4060,Desktop,"27""",,16GB DDR5,1TB NVMe SSD,SSD,Windows 11 Home,2721,2394,2721,2394,327,12,USD,,InStock,https://www.lenovo.com/products/msi-prestige-16-ai-evo-intel-core-ultra-7,2026-08-28T08:15:27.551208+00:00,2026-08-28
Lenovo,United States,US,Lenovo,OEM,SKU-US-0031,"Apple MacBook Air 15"" M3 - Intel Core i7 13700H (Laptop)",,Apple,"MacBook Air 15"" M3",Intel,Intel Core i7,Intel Core i7,13700H,13th Gen / Raptor Lake,Integrated Intel Arc Graphics,Laptop,"16.0""",,32GB LPDDR5X,512GB NVMe SSD,SSD,Windows 11 Home,2768,2768,2768,2768,0,0,USD,,InStock,https://www.lenovo.com/products/apple-macbook-air-15-m3-intel-core-i7,2026-08-28T08:15:27.551208+00:00,2026-08-28
Acer,Global,Global,Acer,OEM,SKU-Global-0001,Dell XPS 16 (9640) - AMD Ryzen 9 7945HX (Laptop),,Dell,XPS 16 (9640),AMD,AMD Ryzen 9,AMD Ryzen 9,7945HX,Zen 4 / Dragon Range,Integrated Intel Arc Graphics,Laptop,"16.0""",,32GB LPDDR5X,512GB NVMe SSD,SSD,Windows 11 Home,1447,1447,1447,1447,0,0,USD,,InStock,https://store.acer.com/products/dell-xps-16-9640--amd-ryzen-9,2026-08-28T08:15:27.551208+00:00,2026-08-28
Acer,Global,Global,Acer,OEM,SKU-Global-0002,HP Envy x360 15 - Snapdragon X Elite X1E-80-100 (Laptop),,HP,Envy x360 15,Qualcomm,Snapdragon X Elite,Snapdragon X Elite,X1E-80-100,Oryon ARM,Integrated Intel Arc Graphics,Laptop,"14.0""",,16GB DDR5,512GB NVMe SSD,SSD,Windows 11 Home,1494,1494,1494,1494,0,0,USD,,InStock,https://store.acer.com/products/hp-envy-x360-15-snapdragon-x-elite,2026-08-28T08:15:27.551208+00:00,2026-08-28
Acer,Global,Global,Acer,OEM,SKU-Global-0003,Lenovo IdeaPad Slim 5 - Intel Core Ultra 9 185H (Laptop),,Lenovo,IdeaPad Slim 5,Intel,Intel Core Ultra 9,Intel Core Ultra 9,185H,14th Gen / Meteor Lake,NVIDIA GeForce RTX 4060,Laptop,"16.0""",,32GB LPDDR5X,1TB NVMe SSD,SSD,Windows 11 Home,1541,1356,1541,1356,185,12,USD,,InStock,https://store.acer.com/products/lenovo-ideapad-slim-5-intel-core-ultra-9,2026-08-28T08:15:27.551208+00:00,2026-08-28
Acer,Global,Global,Acer,OEM,SKU-Global-0004,ASUS ROG Strix SCAR 18 - Intel Core i9 14900HX (Laptop),,ASUS,ROG Strix SCAR 18,Intel,Intel Core i9,Intel Core i9,14900HX,14th Gen / Raptor Lake-HX,Integrated Intel Arc Graphics,Laptop,"14.0""",,16GB DDR5,512GB NVMe SSD,SSD,Windows 11 Home,1588,1588,1588,1588,0,0,USD,,InStock,https://store.acer.com/products/asus-rog-strix-scar-18-intel-core-i9,2026-08-28T08:15:27.551208+00:00,2026-08-28
Acer,Global,Global,Acer,OEM,SKU-Global-0005,Acer TravelMate P6 - AMD Ryzen 5 7520U (Laptop),,Acer,TravelMate P6,AMD,AMD Ryzen 5,AMD Ryzen 5,7520U,Zen 2 / Mendocino,Integrated Intel Arc Graphics,Laptop,"16.0""",,32GB LPDDR5X,512GB NVMe SSD,SSD,Windows 11 Home,1635,1341,1635,1341,294,18,USD,,InStock,https://store.acer.com/products/acer-travelmate-p6-amd-ryzen-5,2026-08-28T08:15:27.551208+00:00,2026-08-28
Acer,Global,Global,Acer,OEM,SKU-Global-0006,Samsung Galaxy Book4 Pro - Apple M3 M3 (Desktop PC),,Samsung,Galaxy Book4 Pro,Apple,Apple M3,Apple M3,M3,3nm Apple Silicon,NVIDIA GeForce RTX 4060,Desktop,"27""",,16GB DDR5,1TB NVMe SSD,SSD,Windows 11 Home,1682,1480,1682,1480,202,12,USD,,InStock,https://store.acer.com/products/samsung-galaxy-book4-pro-apple-m3,2026-08-28T08:15:27.551208+00:00,2026-08-28
Acer,Global,Global,Acer,OEM,SKU-Global-0007,MSI Raider GE78 HX - Intel Core Ultra 5 125H (Laptop),,MSI,Raider GE78 HX,Intel,Intel Core Ultra 5,Intel Core Ultra 5,125H,14th Gen / Meteor Lake,Integrated Intel Arc Graphics,Laptop,"16.0""",,32GB LPDDR5X,512GB NVMe SSD,SSD,Windows 11 Home,1729,1729,1729,1729,0,0,USD,,InStock,https://store.acer.com/products/msi-raider-ge78-hx-intel-core-ultra-5,2026-08-28T08:15:27.551208+00:00,2026-08-28
Acer,Global,Global,Acer,OEM,SKU-Global-0008,"Apple MacBook Pro 14"" M3 - Intel Core i5 1335U (Laptop)",,Apple,"MacBook Pro 14"" M3",Intel,Intel Core i5,Intel Core i5,1335U,13th Gen / Raptor Lake,Integrated Intel Arc Graphics,Laptop,"14.0""",,16GB DDR5,512GB NVMe SSD,SSD,Windows 11 Home,1776,1776,1776,1776,0,0,USD,,InStock,https://store.acer.com/products/apple-macbook-pro-14-m3-intel-core-i5,2026-08-28T08:15:27.551208+00:00,2026-08-28
Acer,Global,Global,Acer,OEM,SKU-Global-0009,Dell Inspiron 15 (3520) - AMD Ryzen 7 7840HS (Laptop),,Dell,Inspiron 15 (3520),AMD,AMD Ryzen 7,AMD Ryzen 7,7840HS,Zen 4 / Phoenix,NVIDIA GeForce RTX 4060,Laptop,"16.0""",,32GB LPDDR5X,1TB NVMe SSD,SSD,Windows 11 Home,1823,1604,1823,1604,219,12,USD,,InStock,https://store.acer.com/products/dell-inspiron-15-3520--amd-ryzen-7,2026-08-28T08:15:27.551208+00:00,2026-08-28
Acer,Global,Global,Acer,OEM,SKU-Global-0010,HP Pavilion Plus 14 - Apple M3 Pro M3 Pro (Laptop),,HP,Pavilion Plus 14,Apple,Apple M3 Pro,Apple M3 Pro,M3 Pro,3nm Apple Silicon,Integrated Intel Arc Graphics,Laptop,"14.0""",,16GB DDR5,512GB NVMe SSD,SSD,Windows 11 Home,1870,1533,1870,1533,337,18,USD,,InStock,https://store.acer.com/products/hp-pavilion-plus-14-apple-m3-pro,2026-08-28T08:15:27.551208+00:00,2026-08-28
Acer,Global,Global,Acer,OEM,,Lenovo Legion Pro 7i - Intel Core Ultra 7 155H (Laptop),,Lenovo,Legion Pro 7i,Intel,Intel Core Ultra 7,Intel Core Ultra 7,155H,14th Gen / Meteor Lake,Integrated Intel Arc Graphics,Laptop,"16.0""",,32GB LPDDR5X,512GB NVMe SSD,SSD,Windows 11 Home,1917,1917,1917,1917,0,0,USD,,InStock,https://store.acer.com/products/lenovo-legion-pro-7i-intel-core-ultra-7,2026-08-28T08:15:27.551208+00:00,2026-08-28
Acer,Global,Global,Acer,OEM,SKU-Global-0012,ASUS TUF Gaming A15 - Intel Core i7 13700H (Desktop PC),,ASUS,TUF Gaming A15,Intel,Intel Core i7,Intel Core i7,13700H,13th Gen / Raptor Lake,NVIDIA GeForce RTX 4060,Desktop,"27""",,16GB DDR5,1TB NVMe SSD,SSD,Windows 11 Home,1964,1728,1964,1728,236,12,USD,,InStock,https://store.acer.com/products/asus-tuf-gaming-a15-intel-core-i7,2026-08-28T08:15:27.551208+00:00,2026-08-28
Acer,Global,Global,Acer,OEM,SKU-Global-0013,Acer Spin 5 - Intel Core 7 150U (Laptop),,Acer,Spin 5,Intel,Intel Core 7,Intel Core 7,150U,14th Gen / Series 1,Integrated Intel Arc Graphics,Laptop,"16.0""",,32GB LPDDR5X,512GB NVMe SSD,SSD,Windows 11 Home,2011,2011,2011,2011,0,0,USD,,InStock,https://store.acer.com/products/acer-spin-5-intel-core-7,2026-08-28T08:15:27.551208+00:00,2026-08-28
Acer,Global,Global,Acer,OEM,SKU-Global-0014,Samsung Galaxy Book4 360 - AMD Ryzen 9 7945HX (Laptop),,Samsung,Galaxy Book4 360,AMD,AMD Ryzen 9,AMD Ryzen 9,7945HX,Zen 4 / Dragon Range,Integrated Intel Arc Graphics,Laptop,"14.0""",,16GB DDR5,512GB NVMe SSD,SSD,Windows 11 Home,2058,2058,2058,2058,0,0,USD,,InStock,https://store.acer.com/products/samsung-galaxy-book4-360-amd-ryzen-9,2026-08-28T08:15:27.551208+00:00,2026-08-28
Acer,Global,Global,Acer,OEM,SKU-Global-0015,MSI Prestige 16 AI Evo - Snapdragon X Elite X1E-80-100 (Laptop),,MSI,Prestige 16 AI Evo,Qualcomm,Snapdragon X Elite,Snapdragon X Elite,X1E-80-100,Oryon ARM,NVIDIA GeForce RTX 4060,Laptop,"16.0""",,32GB LPDDR5X,1TB NVMe SSD,SSD,Windows 11 Home,2105,1852,2105,1852,253,12,USD,,InStock,https://store.acer.com/products/msi-prestige-16-ai-evo-snapdragon-x-elite,2026-08-28T08:15:27.551208+00:00,2026-08-28
Acer,Global,Global,Acer,OEM,SKU-Global-0016,"Apple MacBook Pro 14"" M3 - Intel Core Ultra 9 185H (Laptop)",,Apple,"MacBook Pro 14"" M3",Intel,Intel Core Ultra 9,Intel Core Ultra 9,185H,14th Gen / Meteor Lake,Integrated Intel Arc Graphics,Laptop,"14.0""",,16GB DDR5,512GB NVMe SSD,SSD,Windows 11 Home,2152,2152,2152,2152,0,0,USD,,InStock,https://store.acer.com/products/apple-macbook-pro-14-m3-intel-core-ultra-9,2026-08-28T08:15:27.551208+00:00,2026-08-28
Acer,Global,Global,Acer,OEM,SKU-Global-0017,Dell Inspiron 16 Plus (7640) - Intel Core i9 14900HX (Laptop),,Dell,Inspiron 16 Plus (7640),Intel,Intel Core i9,Intel Core i9,14900HX,14th Gen / Raptor Lake-HX,Integrated Intel Arc Graphics,Laptop,"16.0""",,32GB LPDDR5X,512GB NVMe SSD,SSD,Windows 11 Home,2199,2199,2199,2199,0,0,USD,,InStock,https://store.acer.com/products/dell-inspiron-16-plus-7640--intel-core-i9,2026-08-28T08:15:27.551208+00:00,2026-08-28
Acer,Global,Global,Acer,OEM,SKU-Global-0018,HP OMEN 16 Transcend - AMD Ryzen 5 7520U (Desktop PC),,HP,OMEN 16 Transcend,AMD,AMD Ryzen 5,AMD Ryzen 5,7520U,Zen 2 / Mendocino,NVIDIA GeForce RTX 4060,Desktop,"27""",,16GB DDR5,1TB NVMe SSD,SSD,Windows 11 Home,2246,1976,2246,1976,270,12,USD,,InStock,https://store.acer.com/products/hp-omen-16-transcend-amd-ryzen-5,2026-08-28T08:15:27.551208+00:00,2026-08-28
Acer,Global,Global,Acer,OEM,SKU-Global-0019,Lenovo ThinkBook 16 Gen 6 - Apple M3 M3 (Laptop),,Lenovo,ThinkBook 16 Gen 6,Apple,Apple M3,Apple M3,M3,3nm Apple Silicon,Integrated Intel Arc Graphics,Laptop,"16.0""",,32GB LPDDR5X,512GB NVMe SSD,SSD,Windows 11 Home,2293,2293,2293,2293,0,0,USD,,InStock,https://store.acer.com/products/lenovo-thinkbook-16-gen-6-apple-m3,2026-08-28T08:15:27.551208+00:00,2026-08-28
Acer,Global,Global,Acer,OEM,SKU-Global-0020,ASUS ExpertBook B9 - Intel Core Ultra 5 125H (Laptop),,ASUS,ExpertBook B9,Intel,Intel Core Ultra 5,Intel Core Ultra 5,125H,14th Gen / Meteor Lake,Integrated Intel Arc Graphics,Laptop,"14.0""",,16GB DDR5,512GB NVMe SSD,SSD,Windows 11 Home,2340,1919,2340,1919,421,18,USD,,InStock,https://store.acer.com/products/asus-expertbook-b9-intel-core-ultra-5,2026-08-28T08:15:27.551208+00:00,2026-08-28
Acer,Global,Global,Acer,OEM,SKU-Global-0021,Acer Swift Go 14 AI - Intel Core i5 1335U (Laptop),,Acer,Swift Go 14 AI,Intel,Intel Core i5,Intel Core i5,1335U,13th Gen / Raptor Lake,NVIDIA GeForce RTX 4060,Laptop,"16.0""",,32GB LPDDR5X,1TB NVMe SSD,SSD,Windows 11 Home,2387,2101,2387,2101,286,12,USD,,InStock,https://store.acer.com/products/acer-swift-go-14-ai-intel-core-i5,2026-08-28T08:15:27.551208+00:00,2026-08-28
Acer,Global,Global,Acer,OEM,,Samsung Galaxy Book4 Ultra - AMD Ryzen 7 7840HS (Laptop),,Samsung,Galaxy Book4 Ultra,AMD,AMD Ryzen 7,AMD Ryzen 7,7840HS,Zen 4 / Phoenix,Integrated Intel Arc Graphics,Laptop,"14.0""",,16GB DDR5,512GB NVMe SSD,SSD,Windows 11 Home,2434,2434,2434,2434,0,0,USD,,InStock,https://store.acer.com/products/samsung-galaxy-book4-ultra-amd-ryzen-7,2026-08-28T08:15:27.551208+00:00,2026-08-28
Acer,Global,Global,Acer,OEM,SKU-Global-0023,MSI Cyborg 15 - Apple M3 Pro M3 Pro (Laptop),,MSI,Cyborg 15,Apple,Apple M3 Pro,Apple M3 Pro,M3 Pro,3nm Apple Silicon,Integrated Intel Arc Graphics,Laptop,"16.0""",,32GB LPDDR5X,512GB NVMe SSD,SSD,Windows 11 Home,2481,2481,2481,2481,0,0,USD,,InStock,https://store.acer.com/products/msi-cyborg-15-apple-m3-pro,2026-08-28T08:15:27.551208+00:00,2026-08-28
Acer,Global,Global,Acer,OEM,SKU-Global-0024,"Apple MacBook Pro 14"" M3 - Intel Core Ultra 7 155H (Desktop PC)",,Apple,"MacBook Pro 14"" M3",Intel,Intel Core Ultra 7,Intel Core Ultra 7,155H,14th Gen / Meteor Lake,NVIDIA GeForce RTX 4060,Desktop,"27""",,16GB DDR5,1TB NVMe SSD,SSD,Windows 11 Home,2528,2225,2528,2225,303,12,USD,,InStock,https://store.acer.com/products/apple-macbook-pro-14-m3-intel-core-ultra-7,2026-08-28T08:15:27.551208+00:00,2026-08-28
Acer,Global,Global,Acer,OEM,SKU-Global-0025,Dell Alienware m16 R2 - Intel Core i7 13700H (Laptop),,Dell,Alienware m16 R2,Intel,Intel Core i7,Intel Core i7,13700H,13th Gen / Raptor Lake,Integrated Intel Arc Graphics,Laptop,"16.0""",,32GB LPDDR5X,512GB NVMe SSD,SSD,Windows 11 Home,2575,2111,2575,2111,464,18,USD,,InStock,https://store.acer.com/products/dell-alienware-m16-r2-intel-core-i7,2026-08-28T08:15:27.551208+00:00,2026-08-28
Acer,Global,Global,Acer,OEM,SKU-Global-0026,HP Victus 15 - Intel Core 7 150U (Laptop),,HP,Victus 15,Intel,Intel Core 7,Intel Core 7,150U,14th Gen / Series 1,Integrated Intel Arc Graphics,Laptop,"14.0""",,16GB DDR5,512GB NVMe SSD,SSD,Windows 11 Home,2622,2622,2622,2622,0,0,USD,,InStock,https://store.acer.com/products/hp-victus-15-intel-core-7,2026-08-28T08:15:27.551208+00:00,2026-08-28
Acer,Global,Global,Acer,OEM,SKU-Global-0027,Lenovo LOQ 15IRX9 - AMD Ryzen 9 7945HX (Laptop),,Lenovo,LOQ 15IRX9,AMD,AMD Ryzen 9,AMD Ryzen 9,7945HX,Zen 4 / Dragon Range,NVIDIA GeForce RTX 4060,Laptop,"16.0""",,32GB LPDDR5X,1TB NVMe SSD,SSD,Windows 11 Home,2669,2349,2669,2349,320,12,USD,,InStock,https://store.acer.com/products/lenovo-loq-15irx9-amd-ryzen-9,2026-08-28T08:15:27.551208+00:00,2026-08-28
Acer,Global,Global,Acer,OEM,SKU-Global-0028,ASUS Zenbook Duo (2024) - Snapdragon X Elite X1E-80-100 (Laptop),,ASUS,Zenbook Duo (2024),Qualcomm,Snapdragon X Elite,Snapdragon X Elite,X1E-80-100,Oryon ARM,Integrated Intel Arc Graphics,Laptop,"14.0""",,16GB DDR5,512GB NVMe SSD,SSD,Windows 11 Home,2716,2716,2716,2716,0,0,USD,,InStock,https://store.acer.com/products/asus-zenbook-duo-2024--snapdragon-x-elite,2026-08-28T08:15:27.551208+00:00,2026-08-28
Best Buy - CA,Canada,CA,Best Buy - CA,1P Retailer,SKU-CA-0001,"Apple MacBook Pro 16"" M3 Max - Intel Core Ultra 5 125H (Laptop)",,Apple,"MacBook Pro 16"" M3 Max",Intel,Intel Core Ultra 5,Intel Core Ultra 5,125H,14th Gen / Meteor Lake,Integrated Intel Arc Graphics,Laptop,"16.0""",,32GB LPDDR5X,512GB NVMe SSD,SSD,Windows 11 Home,1536,1536,1536,1536,0,0,USD,,InStock,https://www.bestbuy.ca/products/apple-macbook-pro-16-m3-max-intel-core-ultra-5,2026-08-28T08:15:27.551208+00:00,2026-08-28
Best Buy - CA,Canada,CA,Best Buy - CA,1P Retailer,SKU-CA-0002,Dell Inspiron 15 (3520) - Intel Core i5 1335U (Laptop),,Dell,Inspiron 15 (3520),Intel,Intel Core i5,Intel Core i5,1335U,13th Gen / Raptor Lake,Integrated Intel Arc Graphics,Laptop,"14.0""",,16GB DDR5,512GB NVMe SSD,SSD,Windows 11 Home,1583,1583,1583,1583,0,0,USD,,InStock,https://www.bestbuy.ca/products/dell-inspiron-15-3520--intel-core-i5,2026-08-28T08:15:27.551208+00:00,2026-08-28
Best Buy - CA,Canada,CA,Best Buy - CA,1P Retailer,SKU-CA-0003,HP Pavilion Plus 14 - AMD Ryzen 7 7840HS (Laptop),,HP,Pavilion Plus 14,AMD,AMD Ryzen 7,AMD Ryzen 7,7840HS,Zen 4 / Phoenix,NVIDIA GeForce RTX 4060,Laptop,"16.0""",,32GB LPDDR5X,1TB NVMe SSD,SSD,Windows 11 Home,1630,1434,1630,1434,196,12,USD,,InStock,https://www.bestbuy.ca/products/hp-pavilion-plus-14-amd-ryzen-7,2026-08-28T08:15:27.551208+00:00,2026-08-28
Best Buy - CA,Canada,CA,Best Buy - CA,1P Retailer,SKU-CA-0004,Lenovo Legion Pro 7i - Apple M3 Pro M3 Pro (Laptop),,Lenovo,Legion Pro 7i,Apple,Apple M3 Pro,Apple M3 Pro,M3 Pro,3nm Apple Silicon,Integrated Intel Arc Graphics,Laptop,"14.0""",,16GB DDR5,512GB NVMe SSD,SSD,Windows 11 Home,1677,1677,1677,1677,0,0,USD,,InStock,https://www.bestbuy.ca/products/lenovo-legion-pro-7i-apple-m3-pro,2026-08-28T08:15:27.551208+00:00,2026-08-28
Best Buy - CA,Canada,CA,Best Buy - CA,1P Retailer,SKU-CA-0005,ASUS TUF Gaming A15 - Intel Core Ultra 7 155H (Laptop),,ASUS,TUF Gaming A15,Intel,Intel Core Ultra 7,Intel Core Ultra 7,155H,14th Gen / Meteor Lake,Integrated Intel Arc Graphics,Laptop,"16.0""",,32GB LPDDR5X,512GB NVMe SSD,SSD,Windows 11 Home,1724,1414,1724,1414,310,18,USD,,InStock,https://www.bestbuy.ca/products/asus-tuf-gaming-a15-intel-core-ultra-7,2026-08-28T08:15:27.551208+00:00,2026-08-28
Best Buy - CA,Canada,CA,Best Buy - CA,1P Retailer,SKU-CA-0006,Acer Spin 5 - Intel Core i7 13700H (Desktop PC),,Acer,Spin 5,Intel,Intel Core i7,Intel Core i7,13700H,13th Gen / Raptor Lake,NVIDIA GeForce RTX 4060,Desktop,"27""",,16GB DDR5,1TB NVMe SSD,SSD,Windows 11 Home,1771,1558,1771,1558,213,12,USD,,InStock,https://www.bestbuy.ca/products/acer-spin-5-intel-core-i7,2026-08-28T08:15:27.551208+00:00,2026-08-28
Best Buy - CA,Canada,CA,Best Buy - CA,1P Retailer,SKU-CA-0007,Samsung Galaxy Book4 Ultra - Intel Core 7 150U (Laptop),,Samsung,Galaxy Book4 Ultra,Intel,Intel Core 7,Intel Core 7,150U,14th Gen / Series 1,Integrated Intel Arc Graphics,Laptop,"16.0""",,32GB LPDDR5X,512GB NVMe SSD,SSD,Windows 11 Home,1818,1818,1818,1818,0,0,USD,,InStock,https://www.bestbuy.ca/products/samsung-galaxy-book4-ultra-intel-core-7,2026-08-28T08:15:27.551208+00:00,2026-08-28
Best Buy - CA,Canada,CA,Best Buy - CA,1P Retailer,SKU-CA-0008,MSI Cyborg 15 - AMD Ryzen 9 7945HX (Laptop),,MSI,Cyborg 15,AMD,AMD Ryzen 9,AMD Ryzen 9,7945HX,Zen 4 / Dragon Range,Integrated Intel Arc Graphics,Laptop,"14.0""",,16GB DDR5,512GB NVMe SSD,SSD,Windows 11 Home,1865,1865,1865,1865,0,0,USD,,InStock,https://www.bestbuy.ca/products/msi-cyborg-15-amd-ryzen-9,2026-08-28T08:15:27.551208+00:00,2026-08-28
Best Buy - CA,Canada,CA,Best Buy - CA,1P Retailer,SKU-CA-0009,"Apple MacBook Pro 16"" M3 Max - Snapdragon X Elite X1E-80-100 (Laptop)",,Apple,"MacBook Pro 16"" M3 Max",Qualcomm,Snapdragon X Elite,Snapdragon X Elite,X1E-80-100,Oryon ARM,NVIDIA GeForce RTX 4060,Laptop,"16.0""",,32GB LPDDR5X,1TB NVMe SSD,SSD,Windows 11 Home,1912,1683,1912,1683,229,12,USD,,InStock,https://www.bestbuy.ca/products/apple-macbook-pro-16-m3-max-snapdragon-x-elite,2026-08-28T08:15:27.551208+00:00,2026-08-28
Best Buy - CA,Canada,CA,Best Buy - CA,1P Retailer,SKU-CA-0010,Dell Inspiron 16 Plus (7640) - Intel Core Ultra 9 185H (Laptop),,Dell,Inspiron 16 Plus (7640),Intel,Intel Core Ultra 9,Intel Core Ultra 9,185H,14th Gen / Meteor Lake,Integrated Intel Arc Graphics,Laptop,"14.0""",,16GB DDR5,512GB NVMe SSD,SSD,Windows 11 Home,1959,1606,1959,1606,353,18,USD,,InStock,https://www.bestbuy.ca/products/dell-inspiron-16-plus-7640--intel-core-ultra-9,2026-08-28T08:15:27.551208+00:00,2026-08-28
Best Buy - CA,Canada,CA,Best Buy - CA,1P Retailer,,HP OMEN 16 Transcend - Intel Core i9 14900HX (Laptop),,HP,OMEN 16 Transcend,Intel,Intel Core i9,Intel Core i9,14900HX,14th Gen / Raptor Lake-HX,Integrated Intel Arc Graphics,Laptop,"16.0""",,32GB LPDDR5X,512GB NVMe SSD,SSD,Windows 11 Home,2006,2006,2006,2006,0,0,USD,,InStock,https://www.bestbuy.ca/products/hp-omen-16-transcend-intel-core-i9,2026-08-28T08:15:27.551208+00:00,2026-08-28
Best Buy - CA,Canada,CA,Best Buy - CA,1P Retailer,SKU-CA-0012,Lenovo ThinkBook 16 Gen 6 - AMD Ryzen 5 7520U (Desktop PC),,Lenovo,ThinkBook 16 Gen 6,AMD,AMD Ryzen 5,AMD Ryzen 5,7520U,Zen 2 / Mendocino,NVIDIA GeForce RTX 4060,Desktop,"27""",,16GB DDR5,1TB NVMe SSD,SSD,Windows 11 Home,2053,1807,2053,1807,246,12,USD,,InStock,https://www.bestbuy.ca/products/lenovo-thinkbook-16-gen-6-amd-ryzen-5,2026-08-28T08:15:27.551208+00:00,2026-08-28
Best Buy - CA,Canada,CA,Best Buy - CA,1P Retailer,SKU-CA-0013,ASUS ExpertBook B9 - Apple M3 M3 (Laptop),,ASUS,ExpertBook B9,Apple,Apple M3,Apple M3,M3,3nm Apple Silicon,Integrated Intel Arc Graphics,Laptop,"16.0""",,32GB LPDDR5X,512GB NVMe SSD,SSD,Windows 11 Home,2100,2100,2100,2100,0,0,USD,,InStock,https://www.bestbuy.ca/products/asus-expertbook-b9-apple-m3,2026-08-28T08:15:27.551208+00:00,2026-08-28
Best Buy - CA,Canada,CA,Best Buy - CA,1P Retailer,SKU-CA-0014,Acer Swift Go 14 AI - Intel Core Ultra 5 125H (Laptop),,Acer,Swift Go 14 AI,Intel,Intel Core Ultra 5,Intel Core Ultra 5,125H,14th Gen / Meteor Lake,Integrated Intel Arc Graphics,Laptop,"14.0""",,16GB DDR5,512GB NVMe SSD,SSD,Windows 11 Home,2147,2147,2147,2147,0,0,USD,,InStock,https://www.bestbuy.ca/products/acer-swift-go-14-ai-intel-core-ultra-5,2026-08-28T08:15:27.551208+00:00,2026-08-28
Best Buy - CA,Canada,CA,Best Buy - CA,1P Retailer,SKU-CA-0015,Samsung Galaxy Book4 Pro - Intel Core i5 1335U (Laptop),,Samsung,Galaxy Book4 Pro,Intel,Intel Core i5,Intel Core i5,1335U,13th Gen / Raptor Lake,NVIDIA GeForce RTX 4060,Laptop,"16.0""",,32GB LPDDR5X,1TB NVMe SSD,SSD,Windows 11 Home,2194,1931,2194,1931,263,12,USD,,InStock,https://www.bestbuy.ca/products/samsung-galaxy-book4-pro-intel-core-i5,2026-08-28T08:15:27.551208+00:00,2026-08-28
Best Buy - CA,Canada,CA,Best Buy - CA,1P Retailer,SKU-CA-0016,MSI Stealth 16 AI Studio - AMD Ryzen 7 7840HS (Laptop),,MSI,Stealth 16 AI Studio,AMD,AMD Ryzen 7,AMD Ryzen 7,7840HS,Zen 4 / Phoenix,Integrated Intel Arc Graphics,Laptop,"14.0""",,16GB DDR5,512GB NVMe SSD,SSD,Windows 11 Home,2241,2241,2241,2241,0,0,USD,,InStock,https://www.bestbuy.ca/products/msi-stealth-16-ai-studio-amd-ryzen-7,2026-08-28T08:15:27.551208+00:00,2026-08-28
Best Buy - CA,Canada,CA,Best Buy - CA,1P Retailer,SKU-CA-0017,"Apple MacBook Pro 16"" M3 Max - Apple M3 Pro M3 Pro (Laptop)",,Apple,"MacBook Pro 16"" M3 Max",Apple,Apple M3 Pro,Apple M3 Pro,M3 Pro,3nm Apple Silicon,Integrated Intel Arc Graphics,Laptop,"16.0""",,32GB LPDDR5X,512GB NVMe SSD,SSD,Windows 11 Home,2288,2288,2288,2288,0,0,USD,,InStock,https://www.bestbuy.ca/products/apple-macbook-pro-16-m3-max-apple-m3-pro,2026-08-28T08:15:27.551208+00:00,2026-08-28
Best Buy - CA,Canada,CA,Best Buy - CA,1P Retailer,SKU-CA-0018,Dell Alienware m16 R2 - Intel Core Ultra 7 155H (Desktop PC),,Dell,Alienware m16 R2,Intel,Intel Core Ultra 7,Intel Core Ultra 7,155H,14th Gen / Meteor Lake,NVIDIA GeForce RTX 4060,Desktop,"27""",,16GB DDR5,1TB NVMe SSD,SSD,Windows 11 Home,2335,2055,2335,2055,280,12,USD,,InStock,https://www.bestbuy.ca/products/dell-alienware-m16-r2-intel-core-ultra-7,2026-08-28T08:15:27.551208+00:00,2026-08-28
Best Buy - CA,Canada,CA,Best Buy - CA,1P Retailer,SKU-CA-0019,HP Victus 15 - Intel Core i7 13700H (Laptop),,HP,Victus 15,Intel,Intel Core i7,Intel Core i7,13700H,13th Gen / Raptor Lake,Integrated Intel Arc Graphics,Laptop,"16.0""",,32GB LPDDR5X,512GB NVMe SSD,SSD,Windows 11 Home,2382,2382,2382,2382,0,0,USD,,InStock,https://www.bestbuy.ca/products/hp-victus-15-intel-core-i7,2026-08-28T08:15:27.551208+00:00,2026-08-28
Best Buy - CA,Canada,CA,Best Buy - CA,1P Retailer,SKU-CA-0020,Lenovo LOQ 15IRX9 - Intel Core 7 150U (Laptop),,Lenovo,LOQ 15IRX9,Intel,Intel Core 7,Intel Core 7,150U,14th Gen / Series 1,Integrated Intel Arc Graphics,Laptop,"14.0""",,16GB DDR5,512GB NVMe SSD,SSD,Windows 11 Home,2429,1992,2429,1992,437,18,USD,,InStock,https://www.bestbuy.ca/products/lenovo-loq-15irx9-intel-core-7,2026-08-28T08:15:27.551208+00:00,2026-08-28
Best Buy - CA,Canada,CA,Best Buy - CA,1P Retailer,SKU-CA-0021,ASUS Zenbook Duo (2024) - AMD Ryzen 9 7945HX (Laptop),,ASUS,Zenbook Duo (2024),AMD,AMD Ryzen 9,AMD Ryzen 9,7945HX,Zen 4 / Dragon Range,NVIDIA GeForce RTX 4060,Laptop,"16.0""",,32GB LPDDR5X,1TB NVMe SSD,SSD,Windows 11 Home,2476,2179,2476,2179,297,12,USD,,InStock,https://www.bestbuy.ca/products/asus-zenbook-duo-2024--amd-ryzen-9,2026-08-28T08:15:27.551208+00:00,2026-08-28
Best Buy - CA,Canada,CA,Best Buy - CA,1P Retailer,,Acer Swift X 14 - Snapdragon X Elite X1E-80-100 (Laptop),,Acer,Swift X 14,Qualcomm,Snapdragon X Elite,Snapdragon X Elite,X1E-80-100,Oryon ARM,Integrated Intel Arc Graphics,Laptop,"14.0""",,16GB DDR5,512GB NVMe SSD,SSD,Windows 11 Home,2523,2523,2523,2523,0,0,USD,,InStock,https://www.bestbuy.ca/products/acer-swift-x-14-snapdragon-x-elite,2026-08-28T08:15:27.551208+00:00,2026-08-28
Best Buy - CA,Canada,CA,Best Buy - CA,1P Retailer,SKU-CA-0023,Samsung Galaxy Book4 360 - Intel Core Ultra 9 185H (Laptop),,Samsung,Galaxy Book4 360,Intel,Intel Core Ultra 9,Intel Core Ultra 9,185H,14th Gen / Meteor Lake,Integrated Intel Arc Graphics,Laptop,"16.0""",,32GB LPDDR5X,512GB NVMe SSD,SSD,Windows 11 Home,2570,2570,2570,2570,0,0,USD,,InStock,https://www.bestbuy.ca/products/samsung-galaxy-book4-360-intel-core-ultra-9,2026-08-28T08:15:27.551208+00:00,2026-08-28
Best Buy - CA,Canada,CA,Best Buy - CA,1P Retailer,SKU-CA-0024,MSI Modern 14 - Intel Core i9 14900HX (Desktop PC),,MSI,Modern 14,Intel,Intel Core i9,Intel Core i9,14900HX,14th Gen / Raptor Lake-HX,NVIDIA GeForce RTX 4060,Desktop,"27""",,16GB DDR5,1TB NVMe SSD,SSD,Windows 11 Home,2617,2303,2617,2303,314,12,USD,,InStock,https://www.bestbuy.ca/products/msi-modern-14-intel-core-i9,2026-08-28T08:15:27.551208+00:00,2026-08-28
Best Buy - CA,Canada,CA,Best Buy - CA,1P Retailer,SKU-CA-0025,"Apple MacBook Pro 16"" M3 Max - AMD Ryzen 5 7520U (Laptop)",,Apple,"MacBook Pro 16"" M3 Max",AMD,AMD Ryzen 5,AMD Ryzen 5,7520U,Zen 2 / Mendocino,Integrated Intel Arc Graphics,Laptop,"16.0""",,32GB LPDDR5X,512GB NVMe SSD,SSD,Windows 11 Home,2664,2184,2664,2184,480,18,USD,,InStock,https://www.bestbuy.ca/products/apple-macbook-pro-16-m3-max-amd-ryzen-5,2026-08-28T08:15:27.551208+00:00,2026-08-28
Best Buy - CA,Canada,CA,Best Buy - CA,1P Retailer,SKU-CA-0026,Dell Latitude 5540 - Apple M3 M3 (Laptop),,Dell,Latitude 5540,Apple,Apple M3,Apple M3,M3,3nm Apple Silicon,Integrated Intel Arc Graphics,Laptop,"14.0""",,16GB DDR5,512GB NVMe SSD,SSD,Windows 11 Home,2711,2711,2711,2711,0,0,USD,,InStock,https://www.bestbuy.ca/products/dell-latitude-5540-apple-m3,2026-08-28T08:15:27.551208+00:00,2026-08-28
Best Buy - CA,Canada,CA,Best Buy - CA,1P Retailer,SKU-CA-0027,HP EliteBook 840 G10 - Intel Core Ultra 5 125H (Laptop),,HP,EliteBook 840 G10,Intel,Intel Core Ultra 5,Intel Core Ultra 5,125H,14th Gen / Meteor Lake,NVIDIA GeForce RTX 4060,Laptop,"16.0""",,32GB LPDDR5X,1TB NVMe SSD,SSD,Windows 11 Home,2758,2427,2758,2427,331,12,USD,,InStock,https://www.bestbuy.ca/products/hp-elitebook-840-g10-intel-core-ultra-5,2026-08-28T08:15:27.551208+00:00,2026-08-28
Best Buy - CA,Canada,CA,Best Buy - CA,1P Retailer,SKU-CA-0028,Lenovo ThinkPad X1 Carbon Gen 12 - Intel Core i5 1335U (Laptop),,Lenovo,ThinkPad X1 Carbon Gen 12,Intel,Intel Core i5,Intel Core i5,1335U,13th Gen / Raptor Lake,Integrated Intel Arc Graphics,Laptop,"14.0""",,16GB DDR5,512GB NVMe SSD,SSD,Windows 11 Home,605,605,605,605,0,0,USD,,InStock,https://www.bestbuy.ca/products/lenovo-thinkpad-x1-carbon-gen-12-intel-core-i5,2026-08-28T08:15:27.551208+00:00,2026-08-28
Best Buy - CA,Canada,CA,Best Buy - CA,1P Retailer,SKU-CA-0029,ASUS Zenbook 14 OLED - AMD Ryzen 7 7840HS (Laptop),,ASUS,Zenbook 14 OLED,AMD,AMD Ryzen 7,AMD Ryzen 7,7840HS,Zen 4 / Phoenix,Integrated Intel Arc Graphics,Laptop,"16.0""",,32GB LPDDR5X,512GB NVMe SSD,SSD,Windows 11 Home,652,652,652,652,0,0,USD,,InStock,https://www.bestbuy.ca/products/asus-zenbook-14-oled-amd-ryzen-7,2026-08-28T08:15:27.551208+00:00,2026-08-28
Best Buy - CA,Canada,CA,Best Buy - CA,1P Retailer,SKU-CA-0030,Acer Aspire 5 - Apple M3 Pro M3 Pro (Desktop PC),,Acer,Aspire 5,Apple,Apple M3 Pro,Apple M3 Pro,M3 Pro,3nm Apple Silicon,NVIDIA GeForce RTX 4060,Desktop,"27""",,16GB DDR5,1TB NVMe SSD,SSD,Windows 11 Home,699,615,699,615,84,12,USD,,InStock,https://www.bestbuy.ca/products/acer-aspire-5-apple-m3-pro,2026-08-28T08:15:27.551208+00:00,2026-08-28
Amazon - CA,Canada,CA,Amazon - CA,3P Marketplace,SKU-CA-0001,MSI Stealth 16 AI Studio - Intel Core 7 150U (Laptop),,MSI,Stealth 16 AI Studio,Intel,Intel Core 7,Intel Core 7,150U,14th Gen / Series 1,Integrated Intel Arc Graphics,Laptop,"16.0""",,32GB LPDDR5X,512GB NVMe SSD,SSD,Windows 11 Home,1625,1625,1625,1625,0,0,USD,,InStock,https://www.amazon.ca/products/msi-stealth-16-ai-studio-intel-core-7,2026-08-28T08:15:27.551208+00:00,2026-08-28
Amazon - CA,Canada,CA,Amazon - CA,3P Marketplace,SKU-CA-0002,"Apple MacBook Air 13"" M3 - AMD Ryzen 9 7945HX (Laptop)",,Apple,"MacBook Air 13"" M3",AMD,AMD Ryzen 9,AMD Ryzen 9,7945HX,Zen 4 / Dragon Range,Integrated Intel Arc Graphics,Laptop,"14.0""",,16GB DDR5,512GB NVMe SSD,SSD,Windows 11 Home,1672,1672,1672,1672,0,0,USD,,InStock,https://www.amazon.ca/products/apple-macbook-air-13-m3-amd-ryzen-9,2026-08-28T08:15:27.551208+00:00,2026-08-28
Amazon - CA,Canada,CA,Amazon - CA,3P Marketplace,SKU-CA-0003,Dell Inspiron 16 Plus (7640) - Snapdragon X Elite X1E-80-100 (Laptop),,Dell,Inspiron 16 Plus (7640),Qualcomm,Snapdragon X Elite,Snapdragon X Elite,X1E-80-100,Oryon ARM,NVIDIA GeForce RTX 4060,Laptop,"16.0""",,32GB LPDDR5X,1TB NVMe SSD,SSD,Windows 11 Home,1719,1513,1719,1513,206,12,USD,,InStock,https://www.amazon.ca/products/dell-inspiron-16-plus-7640--snapdragon-x-elite,2026-08-28T08:15:27.551208+00:00,2026-08-28
Amazon - CA,Canada,CA,Amazon - CA,3P Marketplace,SKU-CA-0004,HP OMEN 16 Transcend - Intel Core Ultra 9 185H (Laptop),,HP,OMEN 16 Transcend,Intel,Intel Core Ultra 9,Intel Core Ultra 9,185H,14th Gen / Meteor Lake,Integrated Intel Arc Graphics,Laptop,"14.0""",,16GB DDR5,512GB NVMe SSD,SSD,Windows 11 Home,1766,1766,1766,1766,0,0,USD,,InStock,https://www.amazon.ca/products/hp-omen-16-transcend-intel-core-ultra-9,2026-08-28T08:15:27.551208+00:00,2026-08-28
Amazon - CA,Canada,CA,Amazon - CA,3P Marketplace,SKU-CA-0005,Lenovo ThinkBook 16 Gen 6 - Intel Core i9 14900HX (Laptop),,Lenovo,ThinkBook 16 Gen 6,Intel,Intel Core i9,Intel Core i9,14900HX,14th Gen / Raptor Lake-HX,Integrated Intel Arc Graphics,Laptop,"16.0""",,32GB LPDDR5X,512GB NVMe SSD,SSD,Windows 11 Home,1813,1487,1813,1487,326,18,USD,,InStock,https://www.amazon.ca/products/lenovo-thinkbook-16-gen-6-intel-core-i9,2026-08-28T08:15:27.551208+00:00,2026-08-28
Amazon - CA,Canada,CA,Amazon - CA,3P Marketplace,SKU-CA-0006,ASUS ExpertBook B9 - AMD Ryzen 5 7520U (Desktop PC),,ASUS,ExpertBook B9,AMD,AMD Ryzen 5,AMD Ryzen 5,7520U,Zen 2 / Mendocino,NVIDIA GeForce RTX 4060,Desktop,"27""",,16GB DDR5,1TB NVMe SSD,SSD,Windows 11 Home,1860,1637,1860,1637,223,12,USD,,InStock,https://www.amazon.ca/products/asus-expertbook-b9-amd-ryzen-5,2026-08-28T08:15:27.551208+00:00,2026-08-28
Amazon - CA,Canada,CA,Amazon - CA,3P Marketplace,SKU-CA-0007,Acer Swift Go 14 AI - Apple M3 M3 (Laptop),,Acer,Swift Go 14 AI,Apple,Apple M3,Apple M3,M3,3nm Apple Silicon,Integrated Intel Arc Graphics,Laptop,"16.0""",,32GB LPDDR5X,512GB NVMe SSD,SSD,Windows 11 Home,1907,1907,1907,1907,0,0,USD,,InStock,https://www.amazon.ca/products/acer-swift-go-14-ai-apple-m3,2026-08-28T08:15:27.551208+00:00,2026-08-28
Amazon - CA,Canada,CA,Amazon - CA,3P Marketplace,SKU-CA-0008,Samsung Galaxy Book4 360 - Intel Core Ultra 5 125H (Laptop),,Samsung,Galaxy Book4 360,Intel,Intel Core Ultra 5,Intel Core Ultra 5,125H,14th Gen / Meteor Lake,Integrated Intel Arc Graphics,Laptop,"14.0""",,16GB DDR5,512GB NVMe SSD,SSD,Windows 11 Home,1954,1954,1954,1954,0,0,USD,,InStock,https://www.amazon.ca/products/samsung-galaxy-book4-360-intel-core-ultra-5,2026-08-28T08:15:27.551208+00:00,2026-08-28
Amazon - CA,Canada,CA,Amazon - CA,3P Marketplace,SKU-CA-0009,MSI Modern 14 - Intel Core i5 1335U (Laptop),,MSI,Modern 14,Intel,Intel Core i5,Intel Core i5,1335U,13th Gen / Raptor Lake,NVIDIA GeForce RTX 4060,Laptop,"16.0""",,32GB LPDDR5X,1TB NVMe SSD,SSD,Windows 11 Home,2001,1761,2001,1761,240,12,USD,,InStock,https://www.amazon.ca/products/msi-modern-14-intel-core-i5,2026-08-28T08:15:27.551208+00:00,2026-08-28
Amazon - CA,Canada,CA,Amazon - CA,3P Marketplace,SKU-CA-0010,"Apple MacBook Air 13"" M3 - AMD Ryzen 7 7840HS (Laptop)",,Apple,"MacBook Air 13"" M3",AMD,AMD Ryzen 7,AMD Ryzen 7,7840HS,Zen 4 / Phoenix,Integrated Intel Arc Graphics,Laptop,"14.0""",,16GB DDR5,512GB NVMe SSD,SSD,Windows 11 Home,2048,1679,2048,1679,369,18,USD,,InStock,https://www.amazon.ca/products/apple-macbook-air-13-m3-amd-ryzen-7,2026-08-28T08:15:27.551208+00:00,2026-08-28
Amazon - CA,Canada,CA,Amazon - CA,3P Marketplace,,Dell Alienware m16 R2 - Apple M3 Pro M3 Pro (Laptop),,Dell,Alienware m16 R2,Apple,Apple M3 Pro,Apple M3 Pro,M3 Pro,3nm Apple Silicon,Integrated Intel Arc Graphics,Laptop,"16.0""",,32GB LPDDR5X,512GB NVMe SSD,SSD,Windows 11 Home,2095,2095,2095,2095,0,0,USD,,InStock,https://www.amazon.ca/products/dell-alienware-m16-r2-apple-m3-pro,2026-08-28T08:15:27.551208+00:00,2026-08-28
Amazon - CA,Canada,CA,Amazon - CA,3P Marketplace,SKU-CA-0012,HP Victus 15 - Intel Core Ultra 7 155H (Desktop PC),,HP,Victus 15,Intel,Intel Core Ultra 7,Intel Core Ultra 7,155H,14th Gen / Meteor Lake,NVIDIA GeForce RTX 4060,Desktop,"27""",,16GB DDR5,1TB NVMe SSD,SSD,Windows 11 Home,2142,1885,2142,1885,257,12,USD,,InStock,https://www.amazon.ca/products/hp-victus-15-intel-core-ultra-7,2026-08-28T08:15:27.551208+00:00,2026-08-28
Amazon - CA,Canada,CA,Amazon - CA,3P Marketplace,SKU-CA-0013,Lenovo LOQ 15IRX9 - Intel Core i7 13700H (Laptop),,Lenovo,LOQ 15IRX9,Intel,Intel Core i7,Intel Core i7,13700H,13th Gen / Raptor Lake,Integrated Intel Arc Graphics,Laptop,"16.0""",,32GB LPDDR5X,512GB NVMe SSD,SSD,Windows 11 Home,2189,2189,2189,2189,0,0,USD,,InStock,https://www.amazon.ca/products/lenovo-loq-15irx9-intel-core-i7,2026-08-28T08:15:27.551208+00:00,2026-08-28
Amazon - CA,Canada,CA,Amazon - CA,3P Marketplace,SKU-CA-0014,ASUS Zenbook Duo (2024) - Intel Core 7 150U (Laptop),,ASUS,Zenbook Duo (2024),Intel,Intel Core 7,Intel Core 7,150U,14th Gen / Series 1,Integrated Intel Arc Graphics,Laptop,"14.0""",,16GB DDR5,512GB NVMe SSD,SSD,Windows 11 Home,2236,2236,2236,2236,0,0,USD,,InStock,https://www.amazon.ca/products/asus-zenbook-duo-2024--intel-core-7,2026-08-28T08:15:27.551208+00:00,2026-08-28
Amazon - CA,Canada,CA,Amazon - CA,3P Marketplace,SKU-CA-0015,Acer Swift X 14 - AMD Ryzen 9 7945HX (Laptop),,Acer,Swift X 14,AMD,AMD Ryzen 9,AMD Ryzen 9,7945HX,Zen 4 / Dragon Range,NVIDIA GeForce RTX 4060,Laptop,"16.0""",,32GB LPDDR5X,1TB NVMe SSD,SSD,Windows 11 Home,2283,2009,2283,2009,274,12,USD,,InStock,https://www.amazon.ca/products/acer-swift-x-14-amd-ryzen-9,2026-08-28T08:15:27.551208+00:00,2026-08-28
Amazon - CA,Canada,CA,Amazon - CA,3P Marketplace,SKU-CA-0016,Samsung Galaxy Book4 Ultra - Snapdragon X Elite X1E-80-100 (Laptop),,Samsung,Galaxy Book4 Ultra,Qualcomm,Snapdragon X Elite,Snapdragon X Elite,X1E-80-100,Oryon ARM,Integrated Intel Arc Graphics,Laptop,"14.0""",,16GB DDR5,512GB NVMe SSD,SSD,Windows 11 Home,2330,2330,2330,2330,0,0,USD,,InStock,https://www.amazon.ca/products/samsung-galaxy-book4-ultra-snapdragon-x-elite,2026-08-28T08:15:27.551208+00:00,2026-08-28
Amazon - CA,Canada,CA,Amazon - CA,3P Marketplace,SKU-CA-0017,MSI Raider GE78 HX - Intel Core Ultra 9 185H (Laptop),,MSI,Raider GE78 HX,Intel,Intel Core Ultra 9,Intel Core Ultra 9,185H,14th Gen / Meteor Lake,Integrated Intel Arc Graphics,Laptop,"16.0""",,32GB LPDDR5X,512GB NVMe SSD,SSD,Windows 11 Home,2377,2377,2377,2377,0,0,USD,,InStock,https://www.amazon.ca/products/msi-raider-ge78-hx-intel-core-ultra-9,2026-08-28T08:15:27.551208+00:00,2026-08-28
Amazon - CA,Canada,CA,Amazon - CA,3P Marketplace,SKU-CA-0018,"Apple MacBook Air 13"" M3 - Intel Core i9 14900HX (Desktop PC)",,Apple,"MacBook Air 13"" M3",Intel,Intel Core i9,Intel Core i9,14900HX,14th Gen / Raptor Lake-HX,NVIDIA GeForce RTX 4060,Desktop,"27""",,16GB DDR5,1TB NVMe SSD,SSD,Windows 11 Home,2424,2133,2424,2133,291,12,USD,,InStock,https://www.amazon.ca/products/apple-macbook-air-13-m3-intel-core-i9,2026-08-28T08:15:27.551208+00:00,2026-08-28
Amazon - CA,Canada,CA,Amazon - CA,3P Marketplace,SKU-CA-0019,Dell Latitude 5540 - AMD Ryzen 5 7520U (Laptop),,Dell,Latitude 5540,AMD,AMD Ryzen 5,AMD Ryzen 5,7520U,Zen 2 / Mendocino,Integrated Intel Arc Graphics,Laptop,"16.0""",,32GB LPDDR5X,512GB NVMe SSD,SSD,Windows 11 Home,2471,2471,2471,2471,0,0,USD,,InStock,https://www.amazon.ca/products/dell-latitude-5540-amd-ryzen-5,2026-08-28T08:15:27.551208+00:00,2026-08-28
Amazon - CA,Canada,CA,Amazon - CA,3P Marketplace,SKU-CA-0020,HP EliteBook 840 G10 - Apple M3 M3 (Laptop),,HP,EliteBook 840 G10,Apple,Apple M3,Apple M3,M3,3nm Apple Silicon,Integrated Intel Arc Graphics,Laptop,"14.0""",,16GB DDR5,512GB NVMe SSD,SSD,Windows 11 Home,2518,2065,2518,2065,453,18,USD,,InStock,https://www.amazon.ca/products/hp-elitebook-840-g10-apple-m3,2026-08-28T08:15:27.551208+00:00,2026-08-28
Amazon - CA,Canada,CA,Amazon - CA,3P Marketplace,SKU-CA-0021,Lenovo ThinkPad X1 Carbon Gen 12 - Intel Core Ultra 5 125H (Laptop),,Lenovo,ThinkPad X1 Carbon Gen 12,Intel,Intel Core Ultra 5,Intel Core Ultra 5,125H,14th Gen / Meteor Lake,NVIDIA GeForce RTX 4060,Laptop,"16.0""",,32GB LPDDR5X,1TB NVMe SSD,SSD,Windows 11 Home,2565,2257,2565,2257,308,12,USD,,InStock,https://www.amazon.ca/products/lenovo-thinkpad-x1-carbon-gen-12-intel-core-ultra-5,2026-08-28T08:15:27.551208+00:00,2026-08-28
Amazon - CA,Canada,CA,Amazon - CA,3P Marketplace,,ASUS Zenbook 14 OLED - Intel Core i5 1335U (Laptop),,ASUS,Zenbook 14 OLED,Intel,Intel Core i5,Intel Core i5,1335U,13th Gen / Raptor Lake,Integrated Intel Arc Graphics,Laptop,"14.0""",,16GB DDR5,512GB NVMe SSD,SSD,Windows 11 Home,2612,2612,2612,2612,0,0,USD,,InStock,https://www.amazon.ca/products/asus-zenbook-14-oled-intel-core-i5,2026-08-28T08:15:27.551208+00:00,2026-08-28
Amazon - CA,Canada,CA,Amazon - CA,3P Marketplace,SKU-CA-0023,Acer Aspire 5 - AMD Ryzen 7 7840HS (Laptop),,Acer,Aspire 5,AMD,AMD Ryzen 7,AMD Ryzen 7,7840HS,Zen 4 / Phoenix,Integrated Intel Arc Graphics,Laptop,"16.0""",,32GB LPDDR5X,512GB NVMe SSD,SSD,Windows 11 Home,2659,2659,2659,2659,0,0,USD,,InStock,https://www.amazon.ca/products/acer-aspire-5-amd-ryzen-7,2026-08-28T08:15:27.551208+00:00,2026-08-28
Amazon - CA,Canada,CA,Amazon - CA,3P Marketplace,SKU-CA-0024,Samsung Galaxy Book4 Pro - Apple M3 Pro M3 Pro (Desktop PC),,Samsung,Galaxy Book4 Pro,Apple,Apple M3 Pro,Apple M3 Pro,M3 Pro,3nm Apple Silicon,NVIDIA GeForce RTX 4060,Desktop,"27""",,16GB DDR5,1TB NVMe SSD,SSD,Windows 11 Home,2706,2381,2706,2381,325,12,USD,,InStock,https://www.amazon.ca/products/samsung-galaxy-book4-pro-apple-m3-pro,2026-08-28T08:15:27.551208+00:00,2026-08-28
Amazon - CA,Canada,CA,Amazon - CA,3P Marketplace,SKU-CA-0025,MSI Prestige 16 AI Evo - Intel Core Ultra 7 155H (Laptop),,MSI,Prestige 16 AI Evo,Intel,Intel Core Ultra 7,Intel Core Ultra 7,155H,14th Gen / Meteor Lake,Integrated Intel Arc Graphics,Laptop,"16.0""",,32GB LPDDR5X,512GB NVMe SSD,SSD,Windows 11 Home,2753,2257,2753,2257,496,18,USD,,InStock,https://www.amazon.ca/products/msi-prestige-16-ai-evo-intel-core-ultra-7,2026-08-28T08:15:27.551208+00:00,2026-08-28
Amazon - CA,Canada,CA,Amazon - CA,3P Marketplace,SKU-CA-0026,"Apple MacBook Air 13"" M3 - Intel Core i7 13700H (Laptop)",,Apple,"MacBook Air 13"" M3",Intel,Intel Core i7,Intel Core i7,13700H,13th Gen / Raptor Lake,Integrated Intel Arc Graphics,Laptop,"14.0""",,16GB DDR5,512GB NVMe SSD,SSD,Windows 11 Home,600,600,600,600,0,0,USD,,InStock,https://www.amazon.ca/products/apple-macbook-air-13-m3-intel-core-i7,2026-08-28T08:15:27.551208+00:00,2026-08-28
Amazon - CA,Canada,CA,Amazon - CA,3P Marketplace,SKU-CA-0027,Dell G15 Gaming (5530) - Intel Core 7 150U (Laptop),,Dell,G15 Gaming (5530),Intel,Intel Core 7,Intel Core 7,150U,14th Gen / Series 1,NVIDIA GeForce RTX 4060,Laptop,"16.0""",,32GB LPDDR5X,1TB NVMe SSD,SSD,Windows 11 Home,647,569,647,569,78,12,USD,,InStock,https://www.amazon.ca/products/dell-g15-gaming-5530--intel-core-7,2026-08-28T08:15:27.551208+00:00,2026-08-28
Amazon - CA,Canada,CA,Amazon - CA,3P Marketplace,SKU-CA-0028,HP Spectre x360 14 - AMD Ryzen 9 7945HX (Laptop),,HP,Spectre x360 14,AMD,AMD Ryzen 9,AMD Ryzen 9,7945HX,Zen 4 / Dragon Range,Integrated Intel Arc Graphics,Laptop,"14.0""",,16GB DDR5,512GB NVMe SSD,SSD,Windows 11 Home,694,694,694,694,0,0,USD,,InStock,https://www.amazon.ca/products/hp-spectre-x360-14-amd-ryzen-9,2026-08-28T08:15:27.551208+00:00,2026-08-28
Amazon - CA,Canada,CA,Amazon - CA,3P Marketplace,SKU-CA-0029,"Lenovo Yoga Pro 9i (16"") - Snapdragon X Elite X1E-80-100 (Laptop)",,Lenovo,"Yoga Pro 9i (16"")",Qualcomm,Snapdragon X Elite,Snapdragon X Elite,X1E-80-100,Oryon ARM,Integrated Intel Arc Graphics,Laptop,"16.0""",,32GB LPDDR5X,512GB NVMe SSD,SSD,Windows 11 Home,741,741,741,741,0,0,USD,,InStock,https://www.amazon.ca/products/lenovo-yoga-pro-9i-16--snapdragon-x-elite,2026-08-28T08:15:27.551208+00:00,2026-08-28
Amazon - CA,Canada,CA,Amazon - CA,3P Marketplace,SKU-CA-0030,ASUS Vivobook S 15 OLED - Intel Core Ultra 9 185H (Desktop PC),,ASUS,Vivobook S 15 OLED,Intel,Intel Core Ultra 9,Intel Core Ultra 9,185H,14th Gen / Meteor Lake,NVIDIA GeForce RTX 4060,Desktop,"27""",,16GB DDR5,1TB NVMe SSD,SSD,Windows 11 Home,788,693,788,693,95,12,USD,,InStock,https://www.amazon.ca/products/asus-vivobook-s-15-oled-intel-core-ultra-9,2026-08-28T08:15:27.551208+00:00,2026-08-28
Amazon - CA,Canada,CA,Amazon - CA,3P Marketplace,SKU-CA-0031,Acer Predator Helios 16 - Intel Core i9 14900HX (Laptop),,Acer,Predator Helios 16,Intel,Intel Core i9,Intel Core i9,14900HX,14th Gen / Raptor Lake-HX,Integrated Intel Arc Graphics,Laptop,"16.0""",,32GB LPDDR5X,512GB NVMe SSD,SSD,Windows 11 Home,835,835,835,835,0,0,USD,,InStock,https://www.amazon.ca/products/acer-predator-helios-16-intel-core-i9,2026-08-28T08:15:27.551208+00:00,2026-08-28
Amazon - CA,Canada,CA,Amazon - CA,3P Marketplace,SKU-CA-0032,Samsung Galaxy Book4 360 - AMD Ryzen 5 7520U (Laptop),,Samsung,Galaxy Book4 360,AMD,AMD Ryzen 5,AMD Ryzen 5,7520U,Zen 2 / Mendocino,Integrated Intel Arc Graphics,Laptop,"14.0""",,16GB DDR5,512GB NVMe SSD,SSD,Windows 11 Home,882,882,882,882,0,0,USD,,InStock,https://www.amazon.ca/products/samsung-galaxy-book4-360-amd-ryzen-5,2026-08-28T08:15:27.551208+00:00,2026-08-28
Amazon - UK,United Kingdom,UK,Amazon - UK,3P Marketplace,SKU-UK-0001,Samsung Galaxy Book4 Ultra - Apple M3 M3 (Laptop),,Samsung,Galaxy Book4 Ultra,Apple,Apple M3,Apple M3,M3,3nm Apple Silicon,Integrated Intel Arc Graphics,Laptop,"16.0""",,32GB LPDDR5X,512GB NVMe SSD,SSD,Windows 11 Home,1714,1714,1714,1714,0,0,USD,,InStock,https://www.amazon.co.uk/products/samsung-galaxy-book4-ultra-apple-m3,2026-08-28T08:15:27.551208+00:00,2026-08-28
Amazon - UK,United Kingdom,UK,Amazon - UK,3P Marketplace,SKU-UK-0002,MSI Raider GE78 HX - Intel Core Ultra 5 125H (Laptop),,MSI,Raider GE78 HX,Intel,Intel Core Ultra 5,Intel Core Ultra 5,125H,14th Gen / Meteor Lake,Integrated Intel Arc Graphics,Laptop,"14.0""",,16GB DDR5,512GB NVMe SSD,SSD,Windows 11 Home,1761,1761,1761,1761,0,0,USD,,InStock,https://www.amazon.co.uk/products/msi-raider-ge78-hx-intel-core-ultra-5,2026-08-28T08:15:27.551208+00:00,2026-08-28
Amazon - UK,United Kingdom,UK,Amazon - UK,3P Marketplace,SKU-UK-0003,"Apple MacBook Air 15"" M3 - Intel Core i5 1335U (Laptop)",,Apple,"MacBook Air 15"" M3",Intel,Intel Core i5,Intel Core i5,1335U,13th Gen / Raptor Lake,NVIDIA GeForce RTX 4060,Laptop,"16.0""",,32GB LPDDR5X,1TB NVMe SSD,SSD,Windows 11 Home,1808,1591,1808,1591,217,12,USD,,InStock,https://www.amazon.co.uk/products/apple-macbook-air-15-m3-intel-core-i5,2026-08-28T08:15:27.551208+00:00,2026-08-28
Amazon - UK,United Kingdom,UK,Amazon - UK,3P Marketplace,SKU-UK-0004,Dell Alienware m16 R2 - AMD Ryzen 7 7840HS (Laptop),,Dell,Alienware m16 R2,AMD,AMD Ryzen 7,AMD Ryzen 7,7840HS,Zen 4 / Phoenix,Integrated Intel Arc Graphics,Laptop,"14.0""",,16GB DDR5,512GB NVMe SSD,SSD,Windows 11 Home,1855,1855,1855,1855,0,0,USD,,InStock,https://www.amazon.co.uk/products/dell-alienware-m16-r2-amd-ryzen-7,2026-08-28T08:15:27.551208+00:00,2026-08-28
Amazon - UK,United Kingdom,UK,Amazon - UK,3P Marketplace,SKU-UK-0005,HP Victus 15 - Apple M3 Pro M3 Pro (Laptop),,HP,Victus 15,Apple,Apple M3 Pro,Apple M3 Pro,M3 Pro,3nm Apple Silicon,Integrated Intel Arc Graphics,Laptop,"16.0""",,32GB LPDDR5X,512GB NVMe SSD,SSD,Windows 11 Home,1902,1560,1902,1560,342,18,USD,,InStock,https://www.amazon.co.uk/products/hp-victus-15-apple-m3-pro,2026-08-28T08:15:27.551208+00:00,2026-08-28
Amazon - UK,United Kingdom,UK,Amazon - UK,3P Marketplace,SKU-UK-0006,Lenovo LOQ 15IRX9 - Intel Core Ultra 7 155H (Desktop PC),,Lenovo,LOQ 15IRX9,Intel,Intel Core Ultra 7,Intel Core Ultra 7,155H,14th Gen / Meteor Lake,NVIDIA GeForce RTX 4060,Desktop,"27""",,16GB DDR5,1TB NVMe SSD,SSD,Windows 11 Home,1949,1715,1949,1715,234,12,USD,,InStock,https://www.amazon.co.uk/products/lenovo-loq-15irx9-intel-core-ultra-7,2026-08-28T08:15:27.551208+00:00,2026-08-28
Amazon - UK,United Kingdom,UK,Amazon - UK,3P Marketplace,SKU-UK-0007,ASUS Zenbook Duo (2024) - Intel Core i7 13700H (Laptop),,ASUS,Zenbook Duo (2024),Intel,Intel Core i7,Intel Core i7,13700H,13th Gen / Raptor Lake,Integrated Intel Arc Graphics,Laptop,"16.0""",,32GB LPDDR5X,512GB NVMe SSD,SSD,Windows 11 Home,1996,1996,1996,1996,0,0,USD,,InStock,https://www.amazon.co.uk/products/asus-zenbook-duo-2024--intel-core-i7,2026-08-28T08:15:27.551208+00:00,2026-08-28
Amazon - UK,United Kingdom,UK,Amazon - UK,3P Marketplace,SKU-UK-0008,Acer Swift X 14 - Intel Core 7 150U (Laptop),,Acer,Swift X 14,Intel,Intel Core 7,Intel Core 7,150U,14th Gen / Series 1,Integrated Intel Arc Graphics,Laptop,"14.0""",,16GB DDR5,512GB NVMe SSD,SSD,Windows 11 Home,2043,2043,2043,2043,0,0,USD,,InStock,https://www.amazon.co.uk/products/acer-swift-x-14-intel-core-7,2026-08-28T08:15:27.551208+00:00,2026-08-28
Amazon - UK,United Kingdom,UK,Amazon - UK,3P Marketplace,SKU-UK-0009,Samsung Galaxy Book4 Pro - AMD Ryzen 9 7945HX (Laptop),,Samsung,Galaxy Book4 Pro,AMD,AMD Ryzen 9,AMD Ryzen 9,7945HX,Zen 4 / Dragon Range,NVIDIA GeForce RTX 4060,Laptop,"16.0""",,32GB LPDDR5X,1TB NVMe SSD,SSD,Windows 11 Home,2090,1839,2090,1839,251,12,USD,,InStock,https://www.amazon.co.uk/products/samsung-galaxy-book4-pro-amd-ryzen-9,2026-08-28T08:15:27.551208+00:00,2026-08-28
Amazon - UK,United Kingdom,UK,Amazon - UK,3P Marketplace,SKU-UK-0010,MSI Prestige 16 AI Evo - Snapdragon X Elite X1E-80-100 (Laptop),,MSI,Prestige 16 AI Evo,Qualcomm,Snapdragon X Elite,Snapdragon X Elite,X1E-80-100,Oryon ARM,Integrated Intel Arc Graphics,Laptop,"14.0""",,16GB DDR5,512GB NVMe SSD,SSD,Windows 11 Home,2137,1752,2137,1752,385,18,USD,,InStock,https://www.amazon.co.uk/products/msi-prestige-16-ai-evo-snapdragon-x-elite,2026-08-28T08:15:27.551208+00:00,2026-08-28
Amazon - UK,United Kingdom,UK,Amazon - UK,3P Marketplace,,"Apple MacBook Air 15"" M3 - Intel Core Ultra 9 185H (Laptop)",,Apple,"MacBook Air 15"" M3",Intel,Intel Core Ultra 9,Intel Core Ultra 9,185H,14th Gen / Meteor Lake,Integrated Intel Arc Graphics,Laptop,"16.0""",,32GB LPDDR5X,512GB NVMe SSD,SSD,Windows 11 Home,2184,2184,2184,2184,0,0,USD,,InStock,https://www.amazon.co.uk/products/apple-macbook-air-15-m3-intel-core-ultra-9,2026-08-28T08:15:27.551208+00:00,2026-08-28
Amazon - UK,United Kingdom,UK,Amazon - UK,3P Marketplace,SKU-UK-0012,Dell Latitude 5540 - Intel Core i9 14900HX (Desktop PC),,Dell,Latitude 5540,Intel,Intel Core i9,Intel Core i9,14900HX,14th Gen / Raptor Lake-HX,NVIDIA GeForce RTX 4060,Desktop,"27""",,16GB DDR5,1TB NVMe SSD,SSD,Windows 11 Home,2231,1963,2231,1963,268,12,USD,,InStock,https://www.amazon.co.uk/products/dell-latitude-5540-intel-core-i9,2026-08-28T08:15:27.551208+00:00,2026-08-28
Amazon - UK,United Kingdom,UK,Amazon - UK,3P Marketplace,SKU-UK-0013,HP EliteBook 840 G10 - AMD Ryzen 5 7520U (Laptop),,HP,EliteBook 840 G10,AMD,AMD Ryzen 5,AMD Ryzen 5,7520U,Zen 2 / Mendocino,Integrated Intel Arc Graphics,Laptop,"16.0""",,32GB LPDDR5X,512GB NVMe SSD,SSD,Windows 11 Home,2278,2278,2278,2278,0,0,USD,,InStock,https://www.amazon.co.uk/products/hp-elitebook-840-g10-amd-ryzen-5,2026-08-28T08:15:27.551208+00:00,2026-08-28
Amazon - UK,United Kingdom,UK,Amazon - UK,3P Marketplace,SKU-UK-0014,Lenovo ThinkPad X1 Carbon Gen 12 - Apple M3 M3 (Laptop),,Lenovo,ThinkPad X1 Carbon Gen 12,Apple,Apple M3,Apple M3,M3,3nm Apple Silicon,Integrated Intel Arc Graphics,Laptop,"14.0""",,16GB DDR5,512GB NVMe SSD,SSD,Windows 11 Home,2325,2325,2325,2325,0,0,USD,,InStock,https://www.amazon.co.uk/products/lenovo-thinkpad-x1-carbon-gen-12-apple-m3,2026-08-28T08:15:27.551208+00:00,2026-08-28
Amazon - UK,United Kingdom,UK,Amazon - UK,3P Marketplace,SKU-UK-0015,ASUS Zenbook 14 OLED - Intel Core Ultra 5 125H (Laptop),,ASUS,Zenbook 14 OLED,Intel,Intel Core Ultra 5,Intel Core Ultra 5,125H,14th Gen / Meteor Lake,NVIDIA GeForce RTX 4060,Laptop,"16.0""",,32GB LPDDR5X,1TB NVMe SSD,SSD,Windows 11 Home,2372,2087,2372,2087,285,12,USD,,InStock,https://www.amazon.co.uk/products/asus-zenbook-14-oled-intel-core-ultra-5,2026-08-28T08:15:27.551208+00:00,2026-08-28
Amazon - UK,United Kingdom,UK,Amazon - UK,3P Marketplace,SKU-UK-0016,Acer Aspire 5 - Intel Core i5 1335U (Laptop),,Acer,Aspire 5,Intel,Intel Core i5,Intel Core i5,1335U,13th Gen / Raptor Lake,Integrated Intel Arc Graphics,Laptop,"14.0""",,16GB DDR5,512GB NVMe SSD,SSD,Windows 11 Home,2419,2419,2419,2419,0,0,USD,,InStock,https://www.amazon.co.uk/products/acer-aspire-5-intel-core-i5,2026-08-28T08:15:27.551208+00:00,2026-08-28
Amazon - UK,United Kingdom,UK,Amazon - UK,3P Marketplace,SKU-UK-0017,Samsung Galaxy Book4 360 - AMD Ryzen 7 7840HS (Laptop),,Samsung,Galaxy Book4 360,AMD,AMD Ryzen 7,AMD Ryzen 7,7840HS,Zen 4 / Phoenix,Integrated Intel Arc Graphics,Laptop,"16.0""",,32GB LPDDR5X,512GB NVMe SSD,SSD,Windows 11 Home,2466,2466,2466,2466,0,0,USD,,InStock,https://www.amazon.co.uk/products/samsung-galaxy-book4-360-amd-ryzen-7,2026-08-28T08:15:27.551208+00:00,2026-08-28
Amazon - UK,United Kingdom,UK,Amazon - UK,3P Marketplace,SKU-UK-0018,MSI Cyborg 15 - Apple M3 Pro M3 Pro (Desktop PC),,MSI,Cyborg 15,Apple,Apple M3 Pro,Apple M3 Pro,M3 Pro,3nm Apple Silicon,NVIDIA GeForce RTX 4060,Desktop,"27""",,16GB DDR5,1TB NVMe SSD,SSD,Windows 11 Home,2513,2211,2513,2211,302,12,USD,,InStock,https://www.amazon.co.uk/products/msi-cyborg-15-apple-m3-pro,2026-08-28T08:15:27.551208+00:00,2026-08-28
Amazon - UK,United Kingdom,UK,Amazon - UK,3P Marketplace,SKU-UK-0019,"Apple MacBook Air 15"" M3 - Intel Core Ultra 7 155H (Laptop)",,Apple,"MacBook Air 15"" M3",Intel,Intel Core Ultra 7,Intel Core Ultra 7,155H,14th Gen / Meteor Lake,Integrated Intel Arc Graphics,Laptop,"16.0""",,32GB LPDDR5X,512GB NVMe SSD,SSD,Windows 11 Home,2560,2560,2560,2560,0,0,USD,,InStock,https://www.amazon.co.uk/products/apple-macbook-air-15-m3-intel-core-ultra-7,2026-08-28T08:15:27.551208+00:00,2026-08-28
Amazon - UK,United Kingdom,UK,Amazon - UK,3P Marketplace,SKU-UK-0020,Dell G15 Gaming (5530) - Intel Core i7 13700H (Laptop),,Dell,G15 Gaming (5530),Intel,Intel Core i7,Intel Core i7,13700H,13th Gen / Raptor Lake,Integrated Intel Arc Graphics,Laptop,"14.0""",,16GB DDR5,512GB NVMe SSD,SSD,Windows 11 Home,2607,2138,2607,2138,469,18,USD,,InStock,https://www.amazon.co.uk/products/dell-g15-gaming-5530--intel-core-i7,2026-08-28T08:15:27.551208+00:00,2026-08-28
Amazon - UK,United Kingdom,UK,Amazon - UK,3P Marketplace,SKU-UK-0021,HP Spectre x360 14 - Intel Core 7 150U (Laptop),,HP,Spectre x360 14,Intel,Intel Core 7,Intel Core 7,150U,14th Gen / Series 1,NVIDIA GeForce RTX 4060,Laptop,"16.0""",,32GB LPDDR5X,1TB NVMe SSD,SSD,Windows 11 Home,2654,2336,2654,2336,318,12,USD,,InStock,https://www.amazon.co.uk/products/hp-spectre-x360-14-intel-core-7,2026-08-28T08:15:27.551208+00:00,2026-08-28
Amazon - UK,United Kingdom,UK,Amazon - UK,3P Marketplace,,"Lenovo Yoga Pro 9i (16"") - AMD Ryzen 9 7945HX (Laptop)",,Lenovo,"Yoga Pro 9i (16"")",AMD,AMD Ryzen 9,AMD Ryzen 9,7945HX,Zen 4 / Dragon Range,Integrated Intel Arc Graphics,Laptop,"14.0""",,16GB DDR5,512GB NVMe SSD,SSD,Windows 11 Home,2701,2701,2701,2701,0,0,USD,,InStock,https://www.amazon.co.uk/products/lenovo-yoga-pro-9i-16--amd-ryzen-9,2026-08-28T08:15:27.551208+00:00,2026-08-28
Amazon - UK,United Kingdom,UK,Amazon - UK,3P Marketplace,SKU-UK-0023,ASUS Vivobook S 15 OLED - Snapdragon X Elite X1E-80-100 (Laptop),,ASUS,Vivobook S 15 OLED,Qualcomm,Snapdragon X Elite,Snapdragon X Elite,X1E-80-100,Oryon ARM,Integrated Intel Arc Graphics,Laptop,"16.0""",,32GB LPDDR5X,512GB NVMe SSD,SSD,Windows 11 Home,2748,2748,2748,2748,0,0,USD,,InStock,https://www.amazon.co.uk/products/asus-vivobook-s-15-oled-snapdragon-x-elite,2026-08-28T08:15:27.551208+00:00,2026-08-28
Amazon - UK,United Kingdom,UK,Amazon - UK,3P Marketplace,SKU-UK-0024,Acer Predator Helios 16 - Intel Core Ultra 9 185H (Desktop PC),,Acer,Predator Helios 16,Intel,Intel Core Ultra 9,Intel Core Ultra 9,185H,14th Gen / Meteor Lake,NVIDIA GeForce RTX 4060,Desktop,"27""",,16GB DDR5,1TB NVMe SSD,SSD,Windows 11 Home,2795,2460,2795,2460,335,12,USD,,InStock,https://www.amazon.co.uk/products/acer-predator-helios-16-intel-core-ultra-9,2026-08-28T08:15:27.551208+00:00,2026-08-28
Amazon - UK,United Kingdom,UK,Amazon - UK,3P Marketplace,SKU-UK-0025,Samsung Galaxy Book4 Ultra - Intel Core i9 14900HX (Laptop),,Samsung,Galaxy Book4 Ultra,Intel,Intel Core i9,Intel Core i9,14900HX,14th Gen / Raptor Lake-HX,Integrated Intel Arc Graphics,Laptop,"16.0""",,32GB LPDDR5X,512GB NVMe SSD,SSD,Windows 11 Home,642,526,642,526,116,18,USD,,InStock,https://www.amazon.co.uk/products/samsung-galaxy-book4-ultra-intel-core-i9,2026-08-28T08:15:27.551208+00:00,2026-08-28
Amazon - UK,United Kingdom,UK,Amazon - UK,3P Marketplace,SKU-UK-0026,MSI Stealth 16 AI Studio - AMD Ryzen 5 7520U (Laptop),,MSI,Stealth 16 AI Studio,AMD,AMD Ryzen 5,AMD Ryzen 5,7520U,Zen 2 / Mendocino,Integrated Intel Arc Graphics,Laptop,"14.0""",,16GB DDR5,512GB NVMe SSD,SSD,Windows 11 Home,689,689,689,689,0,0,USD,,InStock,https://www.amazon.co.uk/products/msi-stealth-16-ai-studio-amd-ryzen-5,2026-08-28T08:15:27.551208+00:00,2026-08-28
Amazon - UK,United Kingdom,UK,Amazon - UK,3P Marketplace,SKU-UK-0027,"Apple MacBook Air 15"" M3 - Apple M3 M3 (Laptop)",,Apple,"MacBook Air 15"" M3",Apple,Apple M3,Apple M3,M3,3nm Apple Silicon,NVIDIA GeForce RTX 4060,Laptop,"16.0""",,32GB LPDDR5X,1TB NVMe SSD,SSD,Windows 11 Home,736,648,736,648,88,12,USD,,InStock,https://www.amazon.co.uk/products/apple-macbook-air-15-m3-apple-m3,2026-08-28T08:15:27.551208+00:00,2026-08-28
Amazon - UK,United Kingdom,UK,Amazon - UK,3P Marketplace,SKU-UK-0028,Dell XPS 14 (9440) - Intel Core Ultra 5 125H (Laptop),,Dell,XPS 14 (9440),Intel,Intel Core Ultra 5,Intel Core Ultra 5,125H,14th Gen / Meteor Lake,Integrated Intel Arc Graphics,Laptop,"14.0""",,16GB DDR5,512GB NVMe SSD,SSD,Windows 11 Home,783,783,783,783,0,0,USD,,InStock,https://www.amazon.co.uk/products/dell-xps-14-9440--intel-core-ultra-5,2026-08-28T08:15:27.551208+00:00,2026-08-28
Amazon - UK,United Kingdom,UK,Amazon - UK,3P Marketplace,SKU-UK-0029,HP Spectre x360 16 - Intel Core i5 1335U (Laptop),,HP,Spectre x360 16,Intel,Intel Core i5,Intel Core i5,1335U,13th Gen / Raptor Lake,Integrated Intel Arc Graphics,Laptop,"16.0""",,32GB LPDDR5X,512GB NVMe SSD,SSD,Windows 11 Home,830,830,830,830,0,0,USD,,InStock,https://www.amazon.co.uk/products/hp-spectre-x360-16-intel-core-i5,2026-08-28T08:15:27.551208+00:00,2026-08-28
Amazon - UK,United Kingdom,UK,Amazon - UK,3P Marketplace,SKU-UK-0030,Lenovo Yoga 7i 2-in-1 - AMD Ryzen 7 7840HS (Desktop PC),,Lenovo,Yoga 7i 2-in-1,AMD,AMD Ryzen 7,AMD Ryzen 7,7840HS,Zen 4 / Phoenix,NVIDIA GeForce RTX 4060,Desktop,"27""",,16GB DDR5,1TB NVMe SSD,SSD,Windows 11 Home,877,772,877,772,105,12,USD,,InStock,https://www.amazon.co.uk/products/lenovo-yoga-7i-2-in-1-amd-ryzen-7,2026-08-28T08:15:27.551208+00:00,2026-08-28
Amazon - UK,United Kingdom,UK,Amazon - UK,3P Marketplace,SKU-UK-0031,ASUS ROG Zephyrus G16 - Apple M3 Pro M3 Pro (Laptop),,ASUS,ROG Zephyrus G16,Apple,Apple M3 Pro,Apple M3 Pro,M3 Pro,3nm Apple Silicon,Integrated Intel Arc Graphics,Laptop,"16.0""",,32GB LPDDR5X,512GB NVMe SSD,SSD,Windows 11 Home,924,924,924,924,0,0,USD,,InStock,https://www.amazon.co.uk/products/asus-rog-zephyrus-g16-apple-m3-pro,2026-08-28T08:15:27.551208+00:00,2026-08-28
Amazon - UK,United Kingdom,UK,Amazon - UK,3P Marketplace,SKU-UK-0032,Acer Nitro 16 - Intel Core Ultra 7 155H (Laptop),,Acer,Nitro 16,Intel,Intel Core Ultra 7,Intel Core Ultra 7,155H,14th Gen / Meteor Lake,Integrated Intel Arc Graphics,Laptop,"14.0""",,16GB DDR5,512GB NVMe SSD,SSD,Windows 11 Home,971,971,971,971,0,0,USD,,InStock,https://www.amazon.co.uk/products/acer-nitro-16-intel-core-ultra-7,2026-08-28T08:15:27.551208+00:00,2026-08-28
Amazon - UK,United Kingdom,UK,Amazon - UK,3P Marketplace,,Samsung Galaxy Book4 Pro - Intel Core i7 13700H (Laptop),,Samsung,Galaxy Book4 Pro,Intel,Intel Core i7,Intel Core i7,13700H,13th Gen / Raptor Lake,NVIDIA GeForce RTX 4060,Laptop,"16.0""",,32GB LPDDR5X,1TB NVMe SSD,SSD,Windows 11 Home,1018,896,1018,896,122,12,USD,,InStock,https://www.amazon.co.uk/products/samsung-galaxy-book4-pro-intel-core-i7,2026-08-28T08:15:27.551208+00:00,2026-08-28
Currys - UK,United Kingdom,UK,Currys - UK,1P Retailer,SKU-UK-0001,Acer Swift X 14 - Intel Core i7 13700H (Laptop),,Acer,Swift X 14,Intel,Intel Core i7,Intel Core i7,13700H,13th Gen / Raptor Lake,Integrated Intel Arc Graphics,Laptop,"16.0""",,32GB LPDDR5X,512GB NVMe SSD,SSD,Windows 11 Home,1803,1803,1803,1803,0,0,USD,,InStock,https://www.currys.co.uk/products/acer-swift-x-14-intel-core-i7,2026-08-28T08:15:27.551208+00:00,2026-08-28
Currys - UK,United Kingdom,UK,Currys - UK,1P Retailer,SKU-UK-0002,Samsung Galaxy Book4 360 - Intel Core 7 150U (Laptop),,Samsung,Galaxy Book4 360,Intel,Intel Core 7,Intel Core 7,150U,14th Gen / Series 1,Integrated Intel Arc Graphics,Laptop,"14.0""",,16GB DDR5,512GB NVMe SSD,SSD,Windows 11 Home,1850,1850,1850,1850,0,0,USD,,InStock,https://www.currys.co.uk/products/samsung-galaxy-book4-360-intel-core-7,2026-08-28T08:15:27.551208+00:00,2026-08-28
Currys - UK,United Kingdom,UK,Currys - UK,1P Retailer,SKU-UK-0003,MSI Cyborg 15 - AMD Ryzen 9 7945HX (Laptop),,MSI,Cyborg 15,AMD,AMD Ryzen 9,AMD Ryzen 9,7945HX,Zen 4 / Dragon Range,NVIDIA GeForce RTX 4060,Laptop,"16.0""",,32GB LPDDR5X,1TB NVMe SSD,SSD,Windows 11 Home,1897,1669,1897,1669,228,12,USD,,InStock,https://www.currys.co.uk/products/msi-cyborg-15-amd-ryzen-9,2026-08-28T08:15:27.551208+00:00,2026-08-28
Currys - UK,United Kingdom,UK,Currys - UK,1P Retailer,SKU-UK-0004,"Apple MacBook Pro 14"" M3 - Snapdragon X Elite X1E-80-100 (Laptop)",,Apple,"MacBook Pro 14"" M3",Qualcomm,Snapdragon X Elite,Snapdragon X Elite,X1E-80-100,Oryon ARM,Integrated Intel Arc Graphics,Laptop,"14.0""",,16GB DDR5,512GB NVMe SSD,SSD,Windows 11 Home,1944,1944,1944,1944,0,0,USD,,InStock,https://www.currys.co.uk/products/apple-macbook-pro-14-m3-snapdragon-x-elite,2026-08-28T08:15:27.551208+00:00,2026-08-28
Currys - UK,United Kingdom,UK,Currys - UK,1P Retailer,SKU-UK-0005,Dell Latitude 5540 - Intel Core Ultra 9 185H (Laptop),,Dell,Latitude 5540,Intel,Intel Core Ultra 9,Intel Core Ultra 9,185H,14th Gen / Meteor Lake,Integrated Intel Arc Graphics,Laptop,"16.0""",,32GB LPDDR5X,512GB NVMe SSD,SSD,Windows 11 Home,1991,1633,1991,1633,358,18,USD,,InStock,https://www.currys.co.uk/products/dell-latitude-5540-intel-core-ultra-9,2026-08-28T08:15:27.551208+00:00,2026-08-28
Currys - UK,United Kingdom,UK,Currys - UK,1P Retailer,SKU-UK-0006,HP EliteBook 840 G10 - Intel Core i9 14900HX (Desktop PC),,HP,EliteBook 840 G10,Intel,Intel Core i9,Intel Core i9,14900HX,14th Gen / Raptor Lake-HX,NVIDIA GeForce RTX 4060,Desktop,"27""",,16GB DDR5,1TB NVMe SSD,SSD,Windows 11 Home,2038,1793,2038,1793,245,12,USD,,InStock,https://www.currys.co.uk/products/hp-elitebook-840-g10-intel-core-i9,2026-08-28T08:15:27.551208+00:00,2026-08-28
Currys - UK,United Kingdom,UK,Currys - UK,1P Retailer,SKU-UK-0007,Lenovo ThinkPad X1 Carbon Gen 12 - AMD Ryzen 5 7520U (Laptop),,Lenovo,ThinkPad X1 Carbon Gen 12,AMD,AMD Ryzen 5,AMD Ryzen 5,7520U,Zen 2 / Mendocino,Integrated Intel Arc Graphics,Laptop,"16.0""",,32GB LPDDR5X,512GB NVMe SSD,SSD,Windows 11 Home,2085,2085,2085,2085,0,0,USD,,InStock,https://www.currys.co.uk/products/lenovo-thinkpad-x1-carbon-gen-12-amd-ryzen-5,2026-08-28T08:15:27.551208+00:00,2026-08-28
Currys - UK,United Kingdom,UK,Currys - UK,1P Retailer,SKU-UK-0008,ASUS Zenbook 14 OLED - Apple M3 M3 (Laptop),,ASUS,Zenbook 14 OLED,Apple,Apple M3,Apple M3,M3,3nm Apple Silicon,Integrated Intel Arc Graphics,Laptop,"14.0""",,16GB DDR5,512GB NVMe SSD,SSD,Windows 11 Home,2132,2132,2132,2132,0,0,USD,,InStock,https://www.currys.co.uk/products/asus-zenbook-14-oled-apple-m3,2026-08-28T08:15:27.551208+00:00,2026-08-28
Currys - UK,United Kingdom,UK,Currys - UK,1P Retailer,SKU-UK-0009,Acer Aspire 5 - Intel Core Ultra 5 125H (Laptop),,Acer,Aspire 5,Intel,Intel Core Ultra 5,Intel Core Ultra 5,125H,14th Gen / Meteor Lake,NVIDIA GeForce RTX 4060,Laptop,"16.0""",,32GB LPDDR5X,1TB NVMe SSD,SSD,Windows 11 Home,2179,1918,2179,1918,261,12,USD,,InStock,https://www.currys.co.uk/products/acer-aspire-5-intel-core-ultra-5,2026-08-28T08:15:27.551208+00:00,2026-08-28
Currys - UK,United Kingdom,UK,Currys - UK,1P Retailer,SKU-UK-0010,Samsung Galaxy Book4 Ultra - Intel Core i5 1335U (Laptop),,Samsung,Galaxy Book4 Ultra,Intel,Intel Core i5,Intel Core i5,1335U,13th Gen / Raptor Lake,Integrated Intel Arc Graphics,Laptop,"14.0""",,16GB DDR5,512GB NVMe SSD,SSD,Windows 11 Home,2226,1825,2226,1825,401,18,USD,,InStock,https://www.currys.co.uk/products/samsung-galaxy-book4-ultra-intel-core-i5,2026-08-28T08:15:27.551208+00:00,2026-08-28
Currys - UK,United Kingdom,UK,Currys - UK,1P Retailer,,MSI Stealth 16 AI Studio - AMD Ryzen 7 7840HS (Laptop),,MSI,Stealth 16 AI Studio,AMD,AMD Ryzen 7,AMD Ryzen 7,7840HS,Zen 4 / Phoenix,Integrated Intel Arc Graphics,Laptop,"16.0""",,32GB LPDDR5X,512GB NVMe SSD,SSD,Windows 11 Home,2273,2273,2273,2273,0,0,USD,,InStock,https://www.currys.co.uk/products/msi-stealth-16-ai-studio-amd-ryzen-7,2026-08-28T08:15:27.551208+00:00,2026-08-28
Currys - UK,United Kingdom,UK,Currys - UK,1P Retailer,SKU-UK-0012,"Apple MacBook Pro 14"" M3 - Apple M3 Pro M3 Pro (Desktop PC)",,Apple,"MacBook Pro 14"" M3",Apple,Apple M3 Pro,Apple M3 Pro,M3 Pro,3nm Apple Silicon,NVIDIA GeForce RTX 4060,Desktop,"27""",,16GB DDR5,1TB NVMe SSD,SSD,Windows 11 Home,2320,2042,2320,2042,278,12,USD,,InStock,https://www.currys.co.uk/products/apple-macbook-pro-14-m3-apple-m3-pro,2026-08-28T08:15:27.551208+00:00,2026-08-28
Currys - UK,United Kingdom,UK,Currys - UK,1P Retailer,SKU-UK-0013,Dell G15 Gaming (5530) - Intel Core Ultra 7 155H (Laptop),,Dell,G15 Gaming (5530),Intel,Intel Core Ultra 7,Intel Core Ultra 7,155H,14th Gen / Meteor Lake,Integrated Intel Arc Graphics,Laptop,"16.0""",,32GB LPDDR5X,512GB NVMe SSD,SSD,Windows 11 Home,2367,2367,2367,2367,0,0,USD,,InStock,https://www.currys.co.uk/products/dell-g15-gaming-5530--intel-core-ultra-7,2026-08-28T08:15:27.551208+00:00,2026-08-28
Currys - UK,United Kingdom,UK,Currys - UK,1P Retailer,SKU-UK-0014,HP Spectre x360 14 - Intel Core i7 13700H (Laptop),,HP,Spectre x360 14,Intel,Intel Core i7,Intel Core i7,13700H,13th Gen / Raptor Lake,Integrated Intel Arc Graphics,Laptop,"14.0""",,16GB DDR5,512GB NVMe SSD,SSD,Windows 11 Home,2414,2414,2414,2414,0,0,USD,,InStock,https://www.currys.co.uk/products/hp-spectre-x360-14-intel-core-i7,2026-08-28T08:15:27.551208+00:00,2026-08-28
Currys - UK,United Kingdom,UK,Currys - UK,1P Retailer,SKU-UK-0015,"Lenovo Yoga Pro 9i (16"") - Intel Core 7 150U (Laptop)",,Lenovo,"Yoga Pro 9i (16"")",Intel,Intel Core 7,Intel Core 7,150U,14th Gen / Series 1,NVIDIA GeForce RTX 4060,Laptop,"16.0""",,32GB LPDDR5X,1TB NVMe SSD,SSD,Windows 11 Home,2461,2166,2461,2166,295,12,USD,,InStock,https://www.currys.co.uk/products/lenovo-yoga-pro-9i-16--intel-core-7,2026-08-28T08:15:27.551208+00:00,2026-08-28
Currys - UK,United Kingdom,UK,Currys - UK,1P Retailer,SKU-UK-0016,ASUS Vivobook S 15 OLED - AMD Ryzen 9 7945HX (Laptop),,ASUS,Vivobook S 15 OLED,AMD,AMD Ryzen 9,AMD Ryzen 9,7945HX,Zen 4 / Dragon Range,Integrated Intel Arc Graphics,Laptop,"14.0""",,16GB DDR5,512GB NVMe SSD,SSD,Windows 11 Home,2508,2508,2508,2508,0,0,USD,,InStock,https://www.currys.co.uk/products/asus-vivobook-s-15-oled-amd-ryzen-9,2026-08-28T08:15:27.551208+00:00,2026-08-28
Currys - UK,United Kingdom,UK,Currys - UK,1P Retailer,SKU-UK-0017,Acer Predator Helios 16 - Snapdragon X Elite X1E-80-100 (Laptop),,Acer,Predator Helios 16,Qualcomm,Snapdragon X Elite,Snapdragon X Elite,X1E-80-100,Oryon ARM,Integrated Intel Arc Graphics,Laptop,"16.0""",,32GB LPDDR5X,512GB NVMe SSD,SSD,Windows 11 Home,2555,2555,2555,2555,0,0,USD,,InStock,https://www.currys.co.uk/products/acer-predator-helios-16-snapdragon-x-elite,2026-08-28T08:15:27.551208+00:00,2026-08-28
Currys - UK,United Kingdom,UK,Currys - UK,1P Retailer,SKU-UK-0018,Samsung Galaxy Book4 Pro - Intel Core Ultra 9 185H (Desktop PC),,Samsung,Galaxy Book4 Pro,Intel,Intel Core Ultra 9,Intel Core Ultra 9,185H,14th Gen / Meteor Lake,NVIDIA GeForce RTX 4060,Desktop,"27""",,16GB DDR5,1TB NVMe SSD,SSD,Windows 11 Home,2602,2290,2602,2290,312,12,USD,,InStock,https://www.currys.co.uk/products/samsung-galaxy-book4-pro-intel-core-ultra-9,2026-08-28T08:15:27.551208+00:00,2026-08-28
Currys - UK,United Kingdom,UK,Currys - UK,1P Retailer,SKU-UK-0019,MSI Modern 14 - Intel Core i9 14900HX (Laptop),,MSI,Modern 14,Intel,Intel Core i9,Intel Core i9,14900HX,14th Gen / Raptor Lake-HX,Integrated Intel Arc Graphics,Laptop,"16.0""",,32GB LPDDR5X,512GB NVMe SSD,SSD,Windows 11 Home,2649,2649,2649,2649,0,0,USD,,InStock,https://www.currys.co.uk/products/msi-modern-14-intel-core-i9,2026-08-28T08:15:27.551208+00:00,2026-08-28
Currys - UK,United Kingdom,UK,Currys - UK,1P Retailer,SKU-UK-0020,"Apple MacBook Pro 14"" M3 - AMD Ryzen 5 7520U (Laptop)",,Apple,"MacBook Pro 14"" M3",AMD,AMD Ryzen 5,AMD Ryzen 5,7520U,Zen 2 / Mendocino,Integrated Intel Arc Graphics,Laptop,"14.0""",,16GB DDR5,512GB NVMe SSD,SSD,Windows 11 Home,2696,2211,2696,2211,485,18,USD,,InStock,https://www.currys.co.uk/products/apple-macbook-pro-14-m3-amd-ryzen-5,2026-08-28T08:15:27.551208+00:00,2026-08-28
Currys - UK,United Kingdom,UK,Currys - UK,1P Retailer,SKU-UK-0021,Dell XPS 14 (9440) - Apple M3 M3 (Laptop),,Dell,XPS 14 (9440),Apple,Apple M3,Apple M3,M3,3nm Apple Silicon,NVIDIA GeForce RTX 4060,Laptop,"16.0""",,32GB LPDDR5X,1TB NVMe SSD,SSD,Windows 11 Home,2743,2414,2743,2414,329,12,USD,,InStock,https://www.currys.co.uk/products/dell-xps-14-9440--apple-m3,2026-08-28T08:15:27.551208+00:00,2026-08-28
Currys - UK,United Kingdom,UK,Currys - UK,1P Retailer,,HP Spectre x360 16 - Intel Core Ultra 5 125H (Laptop),,HP,Spectre x360 16,Intel,Intel Core Ultra 5,Intel Core Ultra 5,125H,14th Gen / Meteor Lake,Integrated Intel Arc Graphics,Laptop,"14.0""",,16GB DDR5,512GB NVMe SSD,SSD,Windows 11 Home,2790,2790,2790,2790,0,0,USD,,InStock,https://www.currys.co.uk/products/hp-spectre-x360-16-intel-core-ultra-5,2026-08-28T08:15:27.551208+00:00,2026-08-28
Currys - UK,United Kingdom,UK,Currys - UK,1P Retailer,SKU-UK-0023,Lenovo Yoga 7i 2-in-1 - Intel Core i5 1335U (Laptop),,Lenovo,Yoga 7i 2-in-1,Intel,Intel Core i5,Intel Core i5,1335U,13th Gen / Raptor Lake,Integrated Intel Arc Graphics,Laptop,"16.0""",,32GB LPDDR5X,512GB NVMe SSD,SSD,Windows 11 Home,637,637,637,637,0,0,USD,,InStock,https://www.currys.co.uk/products/lenovo-yoga-7i-2-in-1-intel-core-i5,2026-08-28T08:15:27.551208+00:00,2026-08-28
Currys - UK,United Kingdom,UK,Currys - UK,1P Retailer,SKU-UK-0024,ASUS ROG Zephyrus G16 - AMD Ryzen 7 7840HS (Desktop PC),,ASUS,ROG Zephyrus G16,AMD,AMD Ryzen 7,AMD Ryzen 7,7840HS,Zen 4 / Phoenix,NVIDIA GeForce RTX 4060,Desktop,"27""",,16GB DDR5,1TB NVMe SSD,SSD,Windows 11 Home,684,602,684,602,82,12,USD,,InStock,https://www.currys.co.uk/products/asus-rog-zephyrus-g16-amd-ryzen-7,2026-08-28T08:15:27.551208+00:00,2026-08-28
Currys - UK,United Kingdom,UK,Currys - UK,1P Retailer,SKU-UK-0025,Acer Nitro 16 - Apple M3 Pro M3 Pro (Laptop),,Acer,Nitro 16,Apple,Apple M3 Pro,Apple M3 Pro,M3 Pro,3nm Apple Silicon,Integrated Intel Arc Graphics,Laptop,"16.0""",,32GB LPDDR5X,512GB NVMe SSD,SSD,Windows 11 Home,731,599,731,599,132,18,USD,,InStock,https://www.currys.co.uk/products/acer-nitro-16-apple-m3-pro,2026-08-28T08:15:27.551208+00:00,2026-08-28
Currys - UK,United Kingdom,UK,Currys - UK,1P Retailer,SKU-UK-0026,Samsung Galaxy Book4 360 - Intel Core Ultra 7 155H (Laptop),,Samsung,Galaxy Book4 360,Intel,Intel Core Ultra 7,Intel Core Ultra 7,155H,14th Gen / Meteor Lake,Integrated Intel Arc Graphics,Laptop,"14.0""",,16GB DDR5,512GB NVMe SSD,SSD,Windows 11 Home,778,778,778,778,0,0,USD,,InStock,https://www.currys.co.uk/products/samsung-galaxy-book4-360-intel-core-ultra-7,2026-08-28T08:15:27.551208+00:00,2026-08-28
Currys - UK,United Kingdom,UK,Currys - UK,1P Retailer,SKU-UK-0027,MSI Raider GE78 HX - Intel Core i7 13700H (Laptop),,MSI,Raider GE78 HX,Intel,Intel Core i7,Intel Core i7,13700H,13th Gen / Raptor Lake,NVIDIA GeForce RTX 4060,Laptop,"16.0""",,32GB LPDDR5X,1TB NVMe SSD,SSD,Windows 11 Home,825,726,825,726,99,12,USD,,InStock,https://www.currys.co.uk/products/msi-raider-ge78-hx-intel-core-i7,2026-08-28T08:15:27.551208+00:00,2026-08-28
Currys - UK,United Kingdom,UK,Currys - UK,1P Retailer,SKU-UK-0028,"Apple MacBook Pro 14"" M3 - Intel Core 7 150U (Laptop)",,Apple,"MacBook Pro 14"" M3",Intel,Intel Core 7,Intel Core 7,150U,14th Gen / Series 1,Integrated Intel Arc Graphics,Laptop,"14.0""",,16GB DDR5,512GB NVMe SSD,SSD,Windows 11 Home,872,872,872,872,0,0,USD,,InStock,https://www.currys.co.uk/products/apple-macbook-pro-14-m3-intel-core-7,2026-08-28T08:15:27.551208+00:00,2026-08-28
Currys - UK,United Kingdom,UK,Currys - UK,1P Retailer,SKU-UK-0029,Dell XPS 16 (9640) - AMD Ryzen 9 7945HX (Laptop),,Dell,XPS 16 (9640),AMD,AMD Ryzen 9,AMD Ryzen 9,7945HX,Zen 4 / Dragon Range,Integrated Intel Arc Graphics,Laptop,"16.0""",,32GB LPDDR5X,512GB NVMe SSD,SSD,Windows 11 Home,919,919,919,919,0,0,USD,,InStock,https://www.currys.co.uk/products/dell-xps-16-9640--amd-ryzen-9,2026-08-28T08:15:27.551208+00:00,2026-08-28
Currys - UK,United Kingdom,UK,Currys - UK,1P Retailer,SKU-UK-0030,HP Envy x360 15 - Snapdragon X Elite X1E-80-100 (Desktop PC),,HP,Envy x360 15,Qualcomm,Snapdragon X Elite,Snapdragon X Elite,X1E-80-100,Oryon ARM,NVIDIA GeForce RTX 4060,Desktop,"27""",,16GB DDR5,1TB NVMe SSD,SSD,Windows 11 Home,966,850,966,850,116,12,USD,,InStock,https://www.currys.co.uk/products/hp-envy-x360-15-snapdragon-x-elite,2026-08-28T08:15:27.551208+00:00,2026-08-28
Amazon - DE,Germany,DE,Amazon - DE,3P Marketplace,SKU-DE-0001,ASUS Zenbook 14 OLED - AMD Ryzen 5 7520U (Laptop),,ASUS,Zenbook 14 OLED,AMD,AMD Ryzen 5,AMD Ryzen 5,7520U,Zen 2 / Mendocino,Integrated Intel Arc Graphics,Laptop,"16.0""",,32GB LPDDR5X,512GB NVMe SSD,SSD,Windows 11 Home,1892,1892,1892,1892,0,0,USD,,InStock,https://www.amazon.de/products/asus-zenbook-14-oled-amd-ryzen-5,2026-08-28T08:15:27.551208+00:00,2026-08-28
Amazon - DE,Germany,DE,Amazon - DE,3P Marketplace,SKU-DE-0002,Acer Aspire 5 - Apple M3 M3 (Laptop),,Acer,Aspire 5,Apple,Apple M3,Apple M3,M3,3nm Apple Silicon,Integrated Intel Arc Graphics,Laptop,"14.0""",,16GB DDR5,512GB NVMe SSD,SSD,Windows 11 Home,1939,1939,1939,1939,0,0,USD,,InStock,https://www.amazon.de/products/acer-aspire-5-apple-m3,2026-08-28T08:15:27.551208+00:00,2026-08-28
Amazon - DE,Germany,DE,Amazon - DE,3P Marketplace,SKU-DE-0003,Samsung Galaxy Book4 Pro - Intel Core Ultra 5 125H (Laptop),,Samsung,Galaxy Book4 Pro,Intel,Intel Core Ultra 5,Intel Core Ultra 5,125H,14th Gen / Meteor Lake,NVIDIA GeForce RTX 4060,Laptop,"16.0""",,32GB LPDDR5X,1TB NVMe SSD,SSD,Windows 11 Home,1986,1748,1986,1748,238,12,USD,,InStock,https://www.amazon.de/products/samsung-galaxy-book4-pro-intel-core-ultra-5,2026-08-28T08:15:27.551208+00:00,2026-08-28
Amazon - DE,Germany,DE,Amazon - DE,3P Marketplace,SKU-DE-0004,MSI Modern 14 - Intel Core i5 1335U (Laptop),,MSI,Modern 14,Intel,Intel Core i5,Intel Core i5,1335U,13th Gen / Raptor Lake,Integrated Intel Arc Graphics,Laptop,"14.0""",,16GB DDR5,512GB NVMe SSD,SSD,Windows 11 Home,2033,2033,2033,2033,0,0,USD,,InStock,https://www.amazon.de/products/msi-modern-14-intel-core-i5,2026-08-28T08:15:27.551208+00:00,2026-08-28
Amazon - DE,Germany,DE,Amazon - DE,3P Marketplace,SKU-DE-0005,"Apple MacBook Pro 16"" M3 Max - AMD Ryzen 7 7840HS (Laptop)",,Apple,"MacBook Pro 16"" M3 Max",AMD,AMD Ryzen 7,AMD Ryzen 7,7840HS,Zen 4 / Phoenix,Integrated Intel Arc Graphics,Laptop,"16.0""",,32GB LPDDR5X,512GB NVMe SSD,SSD,Windows 11 Home,2080,1706,2080,1706,374,18,USD,,InStock,https://www.amazon.de/products/apple-macbook-pro-16-m3-max-amd-ryzen-7,2026-08-28T08:15:27.551208+00:00,2026-08-28
Amazon - DE,Germany,DE,Amazon - DE,3P Marketplace,SKU-DE-0006,Dell G15 Gaming (5530) - Apple M3 Pro M3 Pro (Desktop PC),,Dell,G15 Gaming (5530),Apple,Apple M3 Pro,Apple M3 Pro,M3 Pro,3nm Apple Silicon,NVIDIA GeForce RTX 4060,Desktop,"27""",,16GB DDR5,1TB NVMe SSD,SSD,Windows 11 Home,2127,1872,2127,1872,255,12,USD,,InStock,https://www.amazon.de/products/dell-g15-gaming-5530--apple-m3-pro,2026-08-28T08:15:27.551208+00:00,2026-08-28
Amazon - DE,Germany,DE,Amazon - DE,3P Marketplace,SKU-DE-0007,HP Spectre x360 14 - Intel Core Ultra 7 155H (Laptop),,HP,Spectre x360 14,Intel,Intel Core Ultra 7,Intel Core Ultra 7,155H,14th Gen / Meteor Lake,Integrated Intel Arc Graphics,Laptop,"16.0""",,32GB LPDDR5X,512GB NVMe SSD,SSD,Windows 11 Home,2174,2174,2174,2174,0,0,USD,,InStock,https://www.amazon.de/products/hp-spectre-x360-14-intel-core-ultra-7,2026-08-28T08:15:27.551208+00:00,2026-08-28
Amazon - DE,Germany,DE,Amazon - DE,3P Marketplace,SKU-DE-0008,"Lenovo Yoga Pro 9i (16"") - Intel Core i7 13700H (Laptop)",,Lenovo,"Yoga Pro 9i (16"")",Intel,Intel Core i7,Intel Core i7,13700H,13th Gen / Raptor Lake,Integrated Intel Arc Graphics,Laptop,"14.0""",,16GB DDR5,512GB NVMe SSD,SSD,Windows 11 Home,2221,2221,2221,2221,0,0,USD,,InStock,https://www.amazon.de/products/lenovo-yoga-pro-9i-16--intel-core-i7,2026-08-28T08:15:27.551208+00:00,2026-08-28
Amazon - DE,Germany,DE,Amazon - DE,3P Marketplace,SKU-DE-0009,ASUS Vivobook S 15 OLED - Intel Core 7 150U (Laptop),,ASUS,Vivobook S 15 OLED,Intel,Intel Core 7,Intel Core 7,150U,14th Gen / Series 1,NVIDIA GeForce RTX 4060,Laptop,"16.0""",,32GB LPDDR5X,1TB NVMe SSD,SSD,Windows 11 Home,2268,1996,2268,1996,272,12,USD,,InStock,https://www.amazon.de/products/asus-vivobook-s-15-oled-intel-core-7,2026-08-28T08:15:27.551208+00:00,2026-08-28
Amazon - DE,Germany,DE,Amazon - DE,3P Marketplace,SKU-DE-0010,Acer Predator Helios 16 - AMD Ryzen 9 7945HX (Laptop),,Acer,Predator Helios 16,AMD,AMD Ryzen 9,AMD Ryzen 9,7945HX,Zen 4 / Dragon Range,Integrated Intel Arc Graphics,Laptop,"14.0""",,16GB DDR5,512GB NVMe SSD,SSD,Windows 11 Home,2315,1898,2315,1898,417,18,USD,,InStock,https://www.amazon.de/products/acer-predator-helios-16-amd-ryzen-9,2026-08-28T08:15:27.551208+00:00,2026-08-28
Amazon - DE,Germany,DE,Amazon - DE,3P Marketplace,,Samsung Galaxy Book4 360 - Snapdragon X Elite X1E-80-100 (Laptop),,Samsung,Galaxy Book4 360,Qualcomm,Snapdragon X Elite,Snapdragon X Elite,X1E-80-100,Oryon ARM,Integrated Intel Arc Graphics,Laptop,"16.0""",,32GB LPDDR5X,512GB NVMe SSD,SSD,Windows 11 Home,2362,2362,2362,2362,0,0,USD,,InStock,https://www.amazon.de/products/samsung-galaxy-book4-360-snapdragon-x-elite,2026-08-28T08:15:27.551208+00:00,2026-08-28
Amazon - DE,Germany,DE,Amazon - DE,3P Marketplace,SKU-DE-0012,MSI Raider GE78 HX - Intel Core Ultra 9 185H (Desktop PC),,MSI,Raider GE78 HX,Intel,Intel Core Ultra 9,Intel Core Ultra 9,185H,14th Gen / Meteor Lake,NVIDIA GeForce RTX 4060,Desktop,"27""",,16GB DDR5,1TB NVMe SSD,SSD,Windows 11 Home,2409,2120,2409,2120,289,12,USD,,InStock,https://www.amazon.de/products/msi-raider-ge78-hx-intel-core-ultra-9,2026-08-28T08:15:27.551208+00:00,2026-08-28
Amazon - DE,Germany,DE,Amazon - DE,3P Marketplace,SKU-DE-0013,"Apple MacBook Pro 16"" M3 Max - Intel Core i9 14900HX (Laptop)",,Apple,"MacBook Pro 16"" M3 Max",Intel,Intel Core i9,Intel Core i9,14900HX,14th Gen / Raptor Lake-HX,Integrated Intel Arc Graphics,Laptop,"16.0""",,32GB LPDDR5X,512GB NVMe SSD,SSD,Windows 11 Home,2456,2456,2456,2456,0,0,USD,,InStock,https://www.amazon.de/products/apple-macbook-pro-16-m3-max-intel-core-i9,2026-08-28T08:15:27.551208+00:00,2026-08-28
Amazon - DE,Germany,DE,Amazon - DE,3P Marketplace,SKU-DE-0014,Dell XPS 14 (9440) - AMD Ryzen 5 7520U (Laptop),,Dell,XPS 14 (9440),AMD,AMD Ryzen 5,AMD Ryzen 5,7520U,Zen 2 / Mendocino,Integrated Intel Arc Graphics,Laptop,"14.0""",,16GB DDR5,512GB NVMe SSD,SSD,Windows 11 Home,2503,2503,2503,2503,0,0,USD,,InStock,https://www.amazon.de/products/dell-xps-14-9440--amd-ryzen-5,2026-08-28T08:15:27.551208+00:00,2026-08-28
Amazon - DE,Germany,DE,Amazon - DE,3P Marketplace,SKU-DE-0015,HP Spectre x360 16 - Apple M3 M3 (Laptop),,HP,Spectre x360 16,Apple,Apple M3,Apple M3,M3,3nm Apple Silicon,NVIDIA GeForce RTX 4060,Laptop,"16.0""",,32GB LPDDR5X,1TB NVMe SSD,SSD,Windows 11 Home,2550,2244,2550,2244,306,12,USD,,InStock,https://www.amazon.de/products/hp-spectre-x360-16-apple-m3,2026-08-28T08:15:27.551208+00:00,2026-08-28
Amazon - DE,Germany,DE,Amazon - DE,3P Marketplace,SKU-DE-0016,Lenovo Yoga 7i 2-in-1 - Intel Core Ultra 5 125H (Laptop),,Lenovo,Yoga 7i 2-in-1,Intel,Intel Core Ultra 5,Intel Core Ultra 5,125H,14th Gen / Meteor Lake,Integrated Intel Arc Graphics,Laptop,"14.0""",,16GB DDR5,512GB NVMe SSD,SSD,Windows 11 Home,2597,2597,2597,2597,0,0,USD,,InStock,https://www.amazon.de/products/lenovo-yoga-7i-2-in-1-intel-core-ultra-5,2026-08-28T08:15:27.551208+00:00,2026-08-28
Amazon - DE,Germany,DE,Amazon - DE,3P Marketplace,SKU-DE-0017,ASUS ROG Zephyrus G16 - Intel Core i5 1335U (Laptop),,ASUS,ROG Zephyrus G16,Intel,Intel Core i5,Intel Core i5,1335U,13th Gen / Raptor Lake,Integrated Intel Arc Graphics,Laptop,"16.0""",,32GB LPDDR5X,512GB NVMe SSD,SSD,Windows 11 Home,2644,2644,2644,2644,0,0,USD,,InStock,https://www.amazon.de/products/asus-rog-zephyrus-g16-intel-core-i5,2026-08-28T08:15:27.551208+00:00,2026-08-28
Amazon - DE,Germany,DE,Amazon - DE,3P Marketplace,SKU-DE-0018,Acer Nitro 16 - AMD Ryzen 7 7840HS (Desktop PC),,Acer,Nitro 16,AMD,AMD Ryzen 7,AMD Ryzen 7,7840HS,Zen 4 / Phoenix,NVIDIA GeForce RTX 4060,Desktop,"27""",,16GB DDR5,1TB NVMe SSD,SSD,Windows 11 Home,2691,2368,2691,2368,323,12,USD,,InStock,https://www.amazon.de/products/acer-nitro-16-amd-ryzen-7,2026-08-28T08:15:27.551208+00:00,2026-08-28
Amazon - DE,Germany,DE,Amazon - DE,3P Marketplace,SKU-DE-0019,Samsung Galaxy Book4 Ultra - Apple M3 Pro M3 Pro (Laptop),,Samsung,Galaxy Book4 Ultra,Apple,Apple M3 Pro,Apple M3 Pro,M3 Pro,3nm Apple Silicon,Integrated Intel Arc Graphics,Laptop,"16.0""",,32GB LPDDR5X,512GB NVMe SSD,SSD,Windows 11 Home,2738,2738,2738,2738,0,0,USD,,InStock,https://www.amazon.de/products/samsung-galaxy-book4-ultra-apple-m3-pro,2026-08-28T08:15:27.551208+00:00,2026-08-28
Amazon - DE,Germany,DE,Amazon - DE,3P Marketplace,SKU-DE-0020,MSI Prestige 16 AI Evo - Intel Core Ultra 7 155H (Laptop),,MSI,Prestige 16 AI Evo,Intel,Intel Core Ultra 7,Intel Core Ultra 7,155H,14th Gen / Meteor Lake,Integrated Intel Arc Graphics,Laptop,"14.0""",,16GB DDR5,512GB NVMe SSD,SSD,Windows 11 Home,2785,2284,2785,2284,501,18,USD,,InStock,https://www.amazon.de/products/msi-prestige-16-ai-evo-intel-core-ultra-7,2026-08-28T08:15:27.551208+00:00,2026-08-28
Amazon - DE,Germany,DE,Amazon - DE,3P Marketplace,SKU-DE-0021,"Apple MacBook Pro 16"" M3 Max - Intel Core i7 13700H (Laptop)",,Apple,"MacBook Pro 16"" M3 Max",Intel,Intel Core i7,Intel Core i7,13700H,13th Gen / Raptor Lake,NVIDIA GeForce RTX 4060,Laptop,"16.0""",,32GB LPDDR5X,1TB NVMe SSD,SSD,Windows 11 Home,632,556,632,556,76,12,USD,,InStock,https://www.amazon.de/products/apple-macbook-pro-16-m3-max-intel-core-i7,2026-08-28T08:15:27.551208+00:00,2026-08-28
Amazon - DE,Germany,DE,Amazon - DE,3P Marketplace,,Dell XPS 16 (9640) - Intel Core 7 150U (Laptop),,Dell,XPS 16 (9640),Intel,Intel Core 7,Intel Core 7,150U,14th Gen / Series 1,Integrated Intel Arc Graphics,Laptop,"14.0""",,16GB DDR5,512GB NVMe SSD,SSD,Windows 11 Home,679,679,679,679,0,0,USD,,InStock,https://www.amazon.de/products/dell-xps-16-9640--intel-core-7,2026-08-28T08:15:27.551208+00:00,2026-08-28
Amazon - DE,Germany,DE,Amazon - DE,3P Marketplace,SKU-DE-0023,HP Envy x360 15 - AMD Ryzen 9 7945HX (Laptop),,HP,Envy x360 15,AMD,AMD Ryzen 9,AMD Ryzen 9,7945HX,Zen 4 / Dragon Range,Integrated Intel Arc Graphics,Laptop,"16.0""",,32GB LPDDR5X,512GB NVMe SSD,SSD,Windows 11 Home,726,726,726,726,0,0,USD,,InStock,https://www.amazon.de/products/hp-envy-x360-15-amd-ryzen-9,2026-08-28T08:15:27.551208+00:00,2026-08-28
Amazon - DE,Germany,DE,Amazon - DE,3P Marketplace,SKU-DE-0024,Lenovo IdeaPad Slim 5 - Snapdragon X Elite X1E-80-100 (Desktop PC),,Lenovo,IdeaPad Slim 5,Qualcomm,Snapdragon X Elite,Snapdragon X Elite,X1E-80-100,Oryon ARM,NVIDIA GeForce RTX 4060,Desktop,"27""",,16GB DDR5,1TB NVMe SSD,SSD,Windows 11 Home,773,680,773,680,93,12,USD,,InStock,https://www.amazon.de/products/lenovo-ideapad-slim-5-snapdragon-x-elite,2026-08-28T08:15:27.551208+00:00,2026-08-28
Amazon - DE,Germany,DE,Amazon - DE,3P Marketplace,SKU-DE-0025,ASUS ROG Strix SCAR 18 - Intel Core Ultra 9 185H (Laptop),,ASUS,ROG Strix SCAR 18,Intel,Intel Core Ultra 9,Intel Core Ultra 9,185H,14th Gen / Meteor Lake,Integrated Intel Arc Graphics,Laptop,"16.0""",,32GB LPDDR5X,512GB NVMe SSD,SSD,Windows 11 Home,820,672,820,672,148,18,USD,,InStock,https://www.amazon.de/products/asus-rog-strix-scar-18-intel-core-ultra-9,2026-08-28T08:15:27.551208+00:00,2026-08-28
Amazon - DE,Germany,DE,Amazon - DE,3P Marketplace,SKU-DE-0026,Acer TravelMate P6 - Intel Core i9 14900HX (Laptop),,Acer,TravelMate P6,Intel,Intel Core i9,Intel Core i9,14900HX,14th Gen / Raptor Lake-HX,Integrated Intel Arc Graphics,Laptop,"14.0""",,16GB DDR5,512GB NVMe SSD,SSD,Windows 11 Home,867,867,867,867,0,0,USD,,InStock,https://www.amazon.de/products/acer-travelmate-p6-intel-core-i9,2026-08-28T08:15:27.551208+00:00,2026-08-28
Amazon - DE,Germany,DE,Amazon - DE,3P Marketplace,SKU-DE-0027,Samsung Galaxy Book4 Pro - AMD Ryzen 5 7520U (Laptop),,Samsung,Galaxy Book4 Pro,AMD,AMD Ryzen 5,AMD Ryzen 5,7520U,Zen 2 / Mendocino,NVIDIA GeForce RTX 4060,Laptop,"16.0""",,32GB LPDDR5X,1TB NVMe SSD,SSD,Windows 11 Home,914,804,914,804,110,12,USD,,InStock,https://www.amazon.de/products/samsung-galaxy-book4-pro-amd-ryzen-5,2026-08-28T08:15:27.551208+00:00,2026-08-28
Amazon - DE,Germany,DE,Amazon - DE,3P Marketplace,SKU-DE-0028,MSI Cyborg 15 - Apple M3 M3 (Laptop),,MSI,Cyborg 15,Apple,Apple M3,Apple M3,M3,3nm Apple Silicon,Integrated Intel Arc Graphics,Laptop,"14.0""",,16GB DDR5,512GB NVMe SSD,SSD,Windows 11 Home,961,961,961,961,0,0,USD,,InStock,https://www.amazon.de/products/msi-cyborg-15-apple-m3,2026-08-28T08:15:27.551208+00:00,2026-08-28
Amazon - DE,Germany,DE,Amazon - DE,3P Marketplace,SKU-DE-0029,"Apple MacBook Pro 16"" M3 Max - Intel Core Ultra 5 125H (Laptop)",,Apple,"MacBook Pro 16"" M3 Max",Intel,Intel Core Ultra 5,Intel Core Ultra 5,125H,14th Gen / Meteor Lake,Integrated Intel Arc Graphics,Laptop,"16.0""",,32GB LPDDR5X,512GB NVMe SSD,SSD,Windows 11 Home,1008,1008,1008,1008,0,0,USD,,InStock,https://www.amazon.de/products/apple-macbook-pro-16-m3-max-intel-core-ultra-5,2026-08-28T08:15:27.551208+00:00,2026-08-28
Amazon - DE,Germany,DE,Amazon - DE,3P Marketplace,SKU-DE-0030,Dell Inspiron 15 (3520) - Intel Core i5 1335U (Desktop PC),,Dell,Inspiron 15 (3520),Intel,Intel Core i5,Intel Core i5,1335U,13th Gen / Raptor Lake,NVIDIA GeForce RTX 4060,Desktop,"27""",,16GB DDR5,1TB NVMe SSD,SSD,Windows 11 Home,1055,928,1055,928,127,12,USD,,InStock,https://www.amazon.de/products/dell-inspiron-15-3520--intel-core-i5,2026-08-28T08:15:27.551208+00:00,2026-08-28
Amazon - DE,Germany,DE,Amazon - DE,3P Marketplace,SKU-DE-0031,HP Pavilion Plus 14 - AMD Ryzen 7 7840HS (Laptop),,HP,Pavilion Plus 14,AMD,AMD Ryzen 7,AMD Ryzen 7,7840HS,Zen 4 / Phoenix,Integrated Intel Arc Graphics,Laptop,"16.0""",,32GB LPDDR5X,512GB NVMe SSD,SSD,Windows 11 Home,1102,1102,1102,1102,0,0,USD,,InStock,https://www.amazon.de/products/hp-pavilion-plus-14-amd-ryzen-7,2026-08-28T08:15:27.551208+00:00,2026-08-28
MediaMarkt - DE,Germany,DE,MediaMarkt - DE,1P Retailer,SKU-DE-0001,"Lenovo Yoga Pro 9i (16"") - Intel Core Ultra 7 155H (Laptop)",,Lenovo,"Yoga Pro 9i (16"")",Intel,Intel Core Ultra 7,Intel Core Ultra 7,155H,14th Gen / Meteor Lake,Integrated Intel Arc Graphics,Laptop,"16.0""",,32GB LPDDR5X,512GB NVMe SSD,SSD,Windows 11 Home,1981,1981,1981,1981,0,0,USD,,InStock,https://www.mediamarkt.de/products/lenovo-yoga-pro-9i-16--intel-core-ultra-7,2026-08-28T08:15:27.551208+00:00,2026-08-28
MediaMarkt - DE,Germany,DE,MediaMarkt - DE,1P Retailer,SKU-DE-0002,ASUS Vivobook S 15 OLED - Intel Core i7 13700H (Laptop),,ASUS,Vivobook S 15 OLED,Intel,Intel Core i7,Intel Core i7,13700H,13th Gen / Raptor Lake,Integrated Intel Arc Graphics,Laptop,"14.0""",,16GB DDR5,512GB NVMe SSD,SSD,Windows 11 Home,2028,2028,2028,2028,0,0,USD,,InStock,https://www.mediamarkt.de/products/asus-vivobook-s-15-oled-intel-core-i7,2026-08-28T08:15:27.551208+00:00,2026-08-28
MediaMarkt - DE,Germany,DE,MediaMarkt - DE,1P Retailer,SKU-DE-0003,Acer Predator Helios 16 - Intel Core 7 150U (Laptop),,Acer,Predator Helios 16,Intel,Intel Core 7,Intel Core 7,150U,14th Gen / Series 1,NVIDIA GeForce RTX 4060,Laptop,"16.0""",,32GB LPDDR5X,1TB NVMe SSD,SSD,Windows 11 Home,2075,1826,2075,1826,249,12,USD,,InStock,https://www.mediamarkt.de/products/acer-predator-helios-16-intel-core-7,2026-08-28T08:15:27.551208+00:00,2026-08-28
MediaMarkt - DE,Germany,DE,MediaMarkt - DE,1P Retailer,SKU-DE-0004,Samsung Galaxy Book4 Ultra - AMD Ryzen 9 7945HX (Laptop),,Samsung,Galaxy Book4 Ultra,AMD,AMD Ryzen 9,AMD Ryzen 9,7945HX,Zen 4 / Dragon Range,Integrated Intel Arc Graphics,Laptop,"14.0""",,16GB DDR5,512GB NVMe SSD,SSD,Windows 11 Home,2122,2122,2122,2122,0,0,USD,,InStock,https://www.mediamarkt.de/products/samsung-galaxy-book4-ultra-amd-ryzen-9,2026-08-28T08:15:27.551208+00:00,2026-08-28
MediaMarkt - DE,Germany,DE,MediaMarkt - DE,1P Retailer,SKU-DE-0005,MSI Prestige 16 AI Evo - Snapdragon X Elite X1E-80-100 (Laptop),,MSI,Prestige 16 AI Evo,Qualcomm,Snapdragon X Elite,Snapdragon X Elite,X1E-80-100,Oryon ARM,Integrated Intel Arc Graphics,Laptop,"16.0""",,32GB LPDDR5X,512GB NVMe SSD,SSD,Windows 11 Home,2169,1779,2169,1779,390,18,USD,,InStock,https://www.mediamarkt.de/products/msi-prestige-16-ai-evo-snapdragon-x-elite,2026-08-28T08:15:27.551208+00:00,2026-08-28
MediaMarkt - DE,Germany,DE,MediaMarkt - DE,1P Retailer,SKU-DE-0006,"Apple MacBook Air 13"" M3 - Intel Core Ultra 9 185H (Desktop PC)",,Apple,"MacBook Air 13"" M3",Intel,Intel Core Ultra 9,Intel Core Ultra 9,185H,14th Gen / Meteor Lake,NVIDIA GeForce RTX 4060,Desktop,"27""",,16GB DDR5,1TB NVMe SSD,SSD,Windows 11 Home,2216,1950,2216,1950,266,12,USD,,InStock,https://www.mediamarkt.de/products/apple-macbook-air-13-m3-intel-core-ultra-9,2026-08-28T08:15:27.551208+00:00,2026-08-28
MediaMarkt - DE,Germany,DE,MediaMarkt - DE,1P Retailer,SKU-DE-0007,Dell XPS 14 (9440) - Intel Core i9 14900HX (Laptop),,Dell,XPS 14 (9440),Intel,Intel Core i9,Intel Core i9,14900HX,14th Gen / Raptor Lake-HX,Integrated Intel Arc Graphics,Laptop,"16.0""",,32GB LPDDR5X,512GB NVMe SSD,SSD,Windows 11 Home,2263,2263,2263,2263,0,0,USD,,InStock,https://www.mediamarkt.de/products/dell-xps-14-9440--intel-core-i9,2026-08-28T08:15:27.551208+00:00,2026-08-28
MediaMarkt - DE,Germany,DE,MediaMarkt - DE,1P Retailer,SKU-DE-0008,HP Spectre x360 16 - AMD Ryzen 5 7520U (Laptop),,HP,Spectre x360 16,AMD,AMD Ryzen 5,AMD Ryzen 5,7520U,Zen 2 / Mendocino,Integrated Intel Arc Graphics,Laptop,"14.0""",,16GB DDR5,512GB NVMe SSD,SSD,Windows 11 Home,2310,2310,2310,2310,0,0,USD,,InStock,https://www.mediamarkt.de/products/hp-spectre-x360-16-amd-ryzen-5,2026-08-28T08:15:27.551208+00:00,2026-08-28
MediaMarkt - DE,Germany,DE,MediaMarkt - DE,1P Retailer,SKU-DE-0009,Lenovo Yoga 7i 2-in-1 - Apple M3 M3 (Laptop),,Lenovo,Yoga 7i 2-in-1,Apple,Apple M3,Apple M3,M3,3nm Apple Silicon,NVIDIA GeForce RTX 4060,Laptop,"16.0""",,32GB LPDDR5X,1TB NVMe SSD,SSD,Windows 11 Home,2357,2074,2357,2074,283,12,USD,,InStock,https://www.mediamarkt.de/products/lenovo-yoga-7i-2-in-1-apple-m3,2026-08-28T08:15:27.551208+00:00,2026-08-28
MediaMarkt - DE,Germany,DE,MediaMarkt - DE,1P Retailer,SKU-DE-0010,ASUS ROG Zephyrus G16 - Intel Core Ultra 5 125H (Laptop),,ASUS,ROG Zephyrus G16,Intel,Intel Core Ultra 5,Intel Core Ultra 5,125H,14th Gen / Meteor Lake,Integrated Intel Arc Graphics,Laptop,"14.0""",,16GB DDR5,512GB NVMe SSD,SSD,Windows 11 Home,2404,1971,2404,1971,433,18,USD,,InStock,https://www.mediamarkt.de/products/asus-rog-zephyrus-g16-intel-core-ultra-5,2026-08-28T08:15:27.551208+00:00,2026-08-28
MediaMarkt - DE,Germany,DE,MediaMarkt - DE,1P Retailer,,Acer Nitro 16 - Intel Core i5 1335U (Laptop),,Acer,Nitro 16,Intel,Intel Core i5,Intel Core i5,1335U,13th Gen / Raptor Lake,Integrated Intel Arc Graphics,Laptop,"16.0""",,32GB LPDDR5X,512GB NVMe SSD,SSD,Windows 11 Home,2451,2451,2451,2451,0,0,USD,,InStock,https://www.mediamarkt.de/products/acer-nitro-16-intel-core-i5,2026-08-28T08:15:27.551208+00:00,2026-08-28
MediaMarkt - DE,Germany,DE,MediaMarkt - DE,1P Retailer,SKU-DE-0012,Samsung Galaxy Book4 Pro - AMD Ryzen 7 7840HS (Desktop PC),,Samsung,Galaxy Book4 Pro,AMD,AMD Ryzen 7,AMD Ryzen 7,7840HS,Zen 4 / Phoenix,NVIDIA GeForce RTX 4060,Desktop,"27""",,16GB DDR5,1TB NVMe SSD,SSD,Windows 11 Home,2498,2198,2498,2198,300,12,USD,,InStock,https://www.mediamarkt.de/products/samsung-galaxy-book4-pro-amd-ryzen-7,2026-08-28T08:15:27.551208+00:00,2026-08-28
MediaMarkt - DE,Germany,DE,MediaMarkt - DE,1P Retailer,SKU-DE-0013,MSI Cyborg 15 - Apple M3 Pro M3 Pro (Laptop),,MSI,Cyborg 15,Apple,Apple M3 Pro,Apple M3 Pro,M3 Pro,3nm Apple Silicon,Integrated Intel Arc Graphics,Laptop,"16.0""",,32GB LPDDR5X,512GB NVMe SSD,SSD,Windows 11 Home,2545,2545,2545,2545,0,0,USD,,InStock,https://www.mediamarkt.de/products/msi-cyborg-15-apple-m3-pro,2026-08-28T08:15:27.551208+00:00,2026-08-28
MediaMarkt - DE,Germany,DE,MediaMarkt - DE,1P Retailer,SKU-DE-0014,"Apple MacBook Air 13"" M3 - Intel Core Ultra 7 155H (Laptop)",,Apple,"MacBook Air 13"" M3",Intel,Intel Core Ultra 7,Intel Core Ultra 7,155H,14th Gen / Meteor Lake,Integrated Intel Arc Graphics,Laptop,"14.0""",,16GB DDR5,512GB NVMe SSD,SSD,Windows 11 Home,2592,2592,2592,2592,0,0,USD,,InStock,https://www.mediamarkt.de/products/apple-macbook-air-13-m3-intel-core-ultra-7,2026-08-28T08:15:27.551208+00:00,2026-08-28
MediaMarkt - DE,Germany,DE,MediaMarkt - DE,1P Retailer,SKU-DE-0015,Dell XPS 16 (9640) - Intel Core i7 13700H (Laptop),,Dell,XPS 16 (9640),Intel,Intel Core i7,Intel Core i7,13700H,13th Gen / Raptor Lake,NVIDIA GeForce RTX 4060,Laptop,"16.0""",,32GB LPDDR5X,1TB NVMe SSD,SSD,Windows 11 Home,2639,2322,2639,2322,317,12,USD,,InStock,https://www.mediamarkt.de/products/dell-xps-16-9640--intel-core-i7,2026-08-28T08:15:27.551208+00:00,2026-08-28
MediaMarkt - DE,Germany,DE,MediaMarkt - DE,1P Retailer,SKU-DE-0016,HP Envy x360 15 - Intel Core 7 150U (Laptop),,HP,Envy x360 15,Intel,Intel Core 7,Intel Core 7,150U,14th Gen / Series 1,Integrated Intel Arc Graphics,Laptop,"14.0""",,16GB DDR5,512GB NVMe SSD,SSD,Windows 11 Home,2686,2686,2686,2686,0,0,USD,,InStock,https://www.mediamarkt.de/products/hp-envy-x360-15-intel-core-7,2026-08-28T08:15:27.551208+00:00,2026-08-28
MediaMarkt - DE,Germany,DE,MediaMarkt - DE,1P Retailer,SKU-DE-0017,Lenovo IdeaPad Slim 5 - AMD Ryzen 9 7945HX (Laptop),,Lenovo,IdeaPad Slim 5,AMD,AMD Ryzen 9,AMD Ryzen 9,7945HX,Zen 4 / Dragon Range,Integrated Intel Arc Graphics,Laptop,"16.0""",,32GB LPDDR5X,512GB NVMe SSD,SSD,Windows 11 Home,2733,2733,2733,2733,0,0,USD,,InStock,https://www.mediamarkt.de/products/lenovo-ideapad-slim-5-amd-ryzen-9,2026-08-28T08:15:27.551208+00:00,2026-08-28
MediaMarkt - DE,Germany,DE,MediaMarkt - DE,1P Retailer,SKU-DE-0018,ASUS ROG Strix SCAR 18 - Snapdragon X Elite X1E-80-100 (Desktop PC),,ASUS,ROG Strix SCAR 18,Qualcomm,Snapdragon X Elite,Snapdragon X Elite,X1E-80-100,Oryon ARM,NVIDIA GeForce RTX 4060,Desktop,"27""",,16GB DDR5,1TB NVMe SSD,SSD,Windows 11 Home,2780,2446,2780,2446,334,12,USD,,InStock,https://www.mediamarkt.de/products/asus-rog-strix-scar-18-snapdragon-x-elite,2026-08-28T08:15:27.551208+00:00,2026-08-28
MediaMarkt - DE,Germany,DE,MediaMarkt - DE,1P Retailer,SKU-DE-0019,Acer TravelMate P6 - Intel Core Ultra 9 185H (Laptop),,Acer,TravelMate P6,Intel,Intel Core Ultra 9,Intel Core Ultra 9,185H,14th Gen / Meteor Lake,Integrated Intel Arc Graphics,Laptop,"16.0""",,32GB LPDDR5X,512GB NVMe SSD,SSD,Windows 11 Home,627,627,627,627,0,0,USD,,InStock,https://www.mediamarkt.de/products/acer-travelmate-p6-intel-core-ultra-9,2026-08-28T08:15:27.551208+00:00,2026-08-28
MediaMarkt - DE,Germany,DE,MediaMarkt - DE,1P Retailer,SKU-DE-0020,Samsung Galaxy Book4 360 - Intel Core i9 14900HX (Laptop),,Samsung,Galaxy Book4 360,Intel,Intel Core i9,Intel Core i9,14900HX,14th Gen / Raptor Lake-HX,Integrated Intel Arc Graphics,Laptop,"14.0""",,16GB DDR5,512GB NVMe SSD,SSD,Windows 11 Home,674,553,674,553,121,18,USD,,InStock,https://www.mediamarkt.de/products/samsung-galaxy-book4-360-intel-core-i9,2026-08-28T08:15:27.551208+00:00,2026-08-28
MediaMarkt - DE,Germany,DE,MediaMarkt - DE,1P Retailer,SKU-DE-0021,MSI Stealth 16 AI Studio - AMD Ryzen 5 7520U (Laptop),,MSI,Stealth 16 AI Studio,AMD,AMD Ryzen 5,AMD Ryzen 5,7520U,Zen 2 / Mendocino,NVIDIA GeForce RTX 4060,Laptop,"16.0""",,32GB LPDDR5X,1TB NVMe SSD,SSD,Windows 11 Home,721,634,721,634,87,12,USD,,InStock,https://www.mediamarkt.de/products/msi-stealth-16-ai-studio-amd-ryzen-5,2026-08-28T08:15:27.551208+00:00,2026-08-28
MediaMarkt - DE,Germany,DE,MediaMarkt - DE,1P Retailer,,"Apple MacBook Air 13"" M3 - Apple M3 M3 (Laptop)",,Apple,"MacBook Air 13"" M3",Apple,Apple M3,Apple M3,M3,3nm Apple Silicon,Integrated Intel Arc Graphics,Laptop,"14.0""",,16GB DDR5,512GB NVMe SSD,SSD,Windows 11 Home,768,768,768,768,0,0,USD,,InStock,https://www.mediamarkt.de/products/apple-macbook-air-13-m3-apple-m3,2026-08-28T08:15:27.551208+00:00,2026-08-28
MediaMarkt - DE,Germany,DE,MediaMarkt - DE,1P Retailer,SKU-DE-0023,Dell Inspiron 15 (3520) - Intel Core Ultra 5 125H (Laptop),,Dell,Inspiron 15 (3520),Intel,Intel Core Ultra 5,Intel Core Ultra 5,125H,14th Gen / Meteor Lake,Integrated Intel Arc Graphics,Laptop,"16.0""",,32GB LPDDR5X,512GB NVMe SSD,SSD,Windows 11 Home,815,815,815,815,0,0,USD,,InStock,https://www.mediamarkt.de/products/dell-inspiron-15-3520--intel-core-ultra-5,2026-08-28T08:15:27.551208+00:00,2026-08-28
MediaMarkt - DE,Germany,DE,MediaMarkt - DE,1P Retailer,SKU-DE-0024,HP Pavilion Plus 14 - Intel Core i5 1335U (Desktop PC),,HP,Pavilion Plus 14,Intel,Intel Core i5,Intel Core i5,1335U,13th Gen / Raptor Lake,NVIDIA GeForce RTX 4060,Desktop,"27""",,16GB DDR5,1TB NVMe SSD,SSD,Windows 11 Home,862,759,862,759,103,12,USD,,InStock,https://www.mediamarkt.de/products/hp-pavilion-plus-14-intel-core-i5,2026-08-28T08:15:27.551208+00:00,2026-08-28
MediaMarkt - DE,Germany,DE,MediaMarkt - DE,1P Retailer,SKU-DE-0025,Lenovo Legion Pro 7i - AMD Ryzen 7 7840HS (Laptop),,Lenovo,Legion Pro 7i,AMD,AMD Ryzen 7,AMD Ryzen 7,7840HS,Zen 4 / Phoenix,Integrated Intel Arc Graphics,Laptop,"16.0""",,32GB LPDDR5X,512GB NVMe SSD,SSD,Windows 11 Home,909,745,909,745,164,18,USD,,InStock,https://www.mediamarkt.de/products/lenovo-legion-pro-7i-amd-ryzen-7,2026-08-28T08:15:27.551208+00:00,2026-08-28
MediaMarkt - DE,Germany,DE,MediaMarkt - DE,1P Retailer,SKU-DE-0026,ASUS TUF Gaming A15 - Apple M3 Pro M3 Pro (Laptop),,ASUS,TUF Gaming A15,Apple,Apple M3 Pro,Apple M3 Pro,M3 Pro,3nm Apple Silicon,Integrated Intel Arc Graphics,Laptop,"14.0""",,16GB DDR5,512GB NVMe SSD,SSD,Windows 11 Home,956,956,956,956,0,0,USD,,InStock,https://www.mediamarkt.de/products/asus-tuf-gaming-a15-apple-m3-pro,2026-08-28T08:15:27.551208+00:00,2026-08-28
MediaMarkt - DE,Germany,DE,MediaMarkt - DE,1P Retailer,SKU-DE-0027,Acer Spin 5 - Intel Core Ultra 7 155H (Laptop),,Acer,Spin 5,Intel,Intel Core Ultra 7,Intel Core Ultra 7,155H,14th Gen / Meteor Lake,NVIDIA GeForce RTX 4060,Laptop,"16.0""",,32GB LPDDR5X,1TB NVMe SSD,SSD,Windows 11 Home,1003,883,1003,883,120,12,USD,,InStock,https://www.mediamarkt.de/products/acer-spin-5-intel-core-ultra-7,2026-08-28T08:15:27.551208+00:00,2026-08-28
MediaMarkt - DE,Germany,DE,MediaMarkt - DE,1P Retailer,SKU-DE-0028,Samsung Galaxy Book4 Ultra - Intel Core i7 13700H (Laptop),,Samsung,Galaxy Book4 Ultra,Intel,Intel Core i7,Intel Core i7,13700H,13th Gen / Raptor Lake,Integrated Intel Arc Graphics,Laptop,"14.0""",,16GB DDR5,512GB NVMe SSD,SSD,Windows 11 Home,1050,1050,1050,1050,0,0,USD,,InStock,https://www.mediamarkt.de/products/samsung-galaxy-book4-ultra-intel-core-i7,2026-08-28T08:15:27.551208+00:00,2026-08-28
MediaMarkt - DE,Germany,DE,MediaMarkt - DE,1P Retailer,SKU-DE-0029,MSI Modern 14 - Intel Core 7 150U (Laptop),,MSI,Modern 14,Intel,Intel Core 7,Intel Core 7,150U,14th Gen / Series 1,Integrated Intel Arc Graphics,Laptop,"16.0""",,32GB LPDDR5X,512GB NVMe SSD,SSD,Windows 11 Home,1097,1097,1097,1097,0,0,USD,,InStock,https://www.mediamarkt.de/products/msi-modern-14-intel-core-7,2026-08-28T08:15:27.551208+00:00,2026-08-28
MediaMarkt - DE,Germany,DE,MediaMarkt - DE,1P Retailer,SKU-DE-0030,"Apple MacBook Air 13"" M3 - AMD Ryzen 9 7945HX (Desktop PC)",,Apple,"MacBook Air 13"" M3",AMD,AMD Ryzen 9,AMD Ryzen 9,7945HX,Zen 4 / Dragon Range,NVIDIA GeForce RTX 4060,Desktop,"27""",,16GB DDR5,1TB NVMe SSD,SSD,Windows 11 Home,1144,1007,1144,1007,137,12,USD,,InStock,https://www.mediamarkt.de/products/apple-macbook-air-13-m3-amd-ryzen-9,2026-08-28T08:15:27.551208+00:00,2026-08-28
Expert - DE,Germany,DE,Expert - DE,1P Retailer,SKU-DE-0001,HP Spectre x360 16 - Intel Core i9 14900HX (Laptop),,HP,Spectre x360 16,Intel,Intel Core i9,Intel Core i9,14900HX,14th Gen / Raptor Lake-HX,Integrated Intel Arc Graphics,Laptop,"16.0""",,32GB LPDDR5X,512GB NVMe SSD,SSD,Windows 11 Home,2070,2070,2070,2070,0,0,USD,,InStock,https://www.expert.de/products/hp-spectre-x360-16-intel-core-i9,2026-08-28T08:15:27.551208+00:00,2026-08-28
Expert - DE,Germany,DE,Expert - DE,1P Retailer,SKU-DE-0002,Lenovo Yoga 7i 2-in-1 - AMD Ryzen 5 7520U (Laptop),,Lenovo,Yoga 7i 2-in-1,AMD,AMD Ryzen 5,AMD Ryzen 5,7520U,Zen 2 / Mendocino,Integrated Intel Arc Graphics,Laptop,"14.0""",,16GB DDR5,512GB NVMe SSD,SSD,Windows 11 Home,2117,2117,2117,2117,0,0,USD,,InStock,https://www.expert.de/products/lenovo-yoga-7i-2-in-1-amd-ryzen-5,2026-08-28T08:15:27.551208+00:00,2026-08-28
Expert - DE,Germany,DE,Expert - DE,1P Retailer,SKU-DE-0003,ASUS ROG Zephyrus G16 - Apple M3 M3 (Laptop),,ASUS,ROG Zephyrus G16,Apple,Apple M3,Apple M3,M3,3nm Apple Silicon,NVIDIA GeForce RTX 4060,Laptop,"16.0""",,32GB LPDDR5X,1TB NVMe SSD,SSD,Windows 11 Home,2164,1904,2164,1904,260,12,USD,,InStock,https://www.expert.de/products/asus-rog-zephyrus-g16-apple-m3,2026-08-28T08:15:27.551208+00:00,2026-08-28
Expert - DE,Germany,DE,Expert - DE,1P Retailer,SKU-DE-0004,Acer Nitro 16 - Intel Core Ultra 5 125H (Laptop),,Acer,Nitro 16,Intel,Intel Core Ultra 5,Intel Core Ultra 5,125H,14th Gen / Meteor Lake,Integrated Intel Arc Graphics,Laptop,"14.0""",,16GB DDR5,512GB NVMe SSD,SSD,Windows 11 Home,2211,2211,2211,2211,0,0,USD,,InStock,https://www.expert.de/products/acer-nitro-16-intel-core-ultra-5,2026-08-28T08:15:27.551208+00:00,2026-08-28
Expert - DE,Germany,DE,Expert - DE,1P Retailer,SKU-DE-0005,Samsung Galaxy Book4 360 - Intel Core i5 1335U (Laptop),,Samsung,Galaxy Book4 360,Intel,Intel Core i5,Intel Core i5,1335U,13th Gen / Raptor Lake,Integrated Intel Arc Graphics,Laptop,"16.0""",,32GB LPDDR5X,512GB NVMe SSD,SSD,Windows 11 Home,2258,1852,2258,1852,406,18,USD,,InStock,https://www.expert.de/products/samsung-galaxy-book4-360-intel-core-i5,2026-08-28T08:15:27.551208+00:00,2026-08-28
Expert - DE,Germany,DE,Expert - DE,1P Retailer,SKU-DE-0006,MSI Stealth 16 AI Studio - AMD Ryzen 7 7840HS (Desktop PC),,MSI,Stealth 16 AI Studio,AMD,AMD Ryzen 7,AMD Ryzen 7,7840HS,Zen 4 / Phoenix,NVIDIA GeForce RTX 4060,Desktop,"27""",,16GB DDR5,1TB NVMe SSD,SSD,Windows 11 Home,2305,2028,2305,2028,277,12,USD,,InStock,https://www.expert.de/products/msi-stealth-16-ai-studio-amd-ryzen-7,2026-08-28T08:15:27.551208+00:00,2026-08-28
Expert - DE,Germany,DE,Expert - DE,1P Retailer,SKU-DE-0007,"Apple MacBook Air 15"" M3 - Apple M3 Pro M3 Pro (Laptop)",,Apple,"MacBook Air 15"" M3",Apple,Apple M3 Pro,Apple M3 Pro,M3 Pro,3nm Apple Silicon,Integrated Intel Arc Graphics,Laptop,"16.0""",,32GB LPDDR5X,512GB NVMe SSD,SSD,Windows 11 Home,2352,2352,2352,2352,0,0,USD,,InStock,https://www.expert.de/products/apple-macbook-air-15-m3-apple-m3-pro,2026-08-28T08:15:27.551208+00:00,2026-08-28
Expert - DE,Germany,DE,Expert - DE,1P Retailer,SKU-DE-0008,Dell XPS 16 (9640) - Intel Core Ultra 7 155H (Laptop),,Dell,XPS 16 (9640),Intel,Intel Core Ultra 7,Intel Core Ultra 7,155H,14th Gen / Meteor Lake,Integrated Intel Arc Graphics,Laptop,"14.0""",,16GB DDR5,512GB NVMe SSD,SSD,Windows 11 Home,2399,2399,2399,2399,0,0,USD,,InStock,https://www.expert.de/products/dell-xps-16-9640--intel-core-ultra-7,2026-08-28T08:15:27.551208+00:00,2026-08-28
Expert - DE,Germany,DE,Expert - DE,1P Retailer,SKU-DE-0009,HP Envy x360 15 - Intel Core i7 13700H (Laptop),,HP,Envy x360 15,Intel,Intel Core i7,Intel Core i7,13700H,13th Gen / Raptor Lake,NVIDIA GeForce RTX 4060,Laptop,"16.0""",,32GB LPDDR5X,1TB NVMe SSD,SSD,Windows 11 Home,2446,2152,2446,2152,294,12,USD,,InStock,https://www.expert.de/products/hp-envy-x360-15-intel-core-i7,2026-08-28T08:15:27.551208+00:00,2026-08-28
Expert - DE,Germany,DE,Expert - DE,1P Retailer,SKU-DE-0010,Lenovo IdeaPad Slim 5 - Intel Core 7 150U (Laptop),,Lenovo,IdeaPad Slim 5,Intel,Intel Core 7,Intel Core 7,150U,14th Gen / Series 1,Integrated Intel Arc Graphics,Laptop,"14.0""",,16GB DDR5,512GB NVMe SSD,SSD,Windows 11 Home,2493,2044,2493,2044,449,18,USD,,InStock,https://www.expert.de/products/lenovo-ideapad-slim-5-intel-core-7,2026-08-28T08:15:27.551208+00:00,2026-08-28
Expert - DE,Germany,DE,Expert - DE,1P Retailer,,ASUS ROG Strix SCAR 18 - AMD Ryzen 9 7945HX (Laptop),,ASUS,ROG Strix SCAR 18,AMD,AMD Ryzen 9,AMD Ryzen 9,7945HX,Zen 4 / Dragon Range,Integrated Intel Arc Graphics,Laptop,"16.0""",,32GB LPDDR5X,512GB NVMe SSD,SSD,Windows 11 Home,2540,2540,2540,2540,0,0,USD,,InStock,https://www.expert.de/products/asus-rog-strix-scar-18-amd-ryzen-9,2026-08-28T08:15:27.551208+00:00,2026-08-28
Expert - DE,Germany,DE,Expert - DE,1P Retailer,SKU-DE-0012,Acer TravelMate P6 - Snapdragon X Elite X1E-80-100 (Desktop PC),,Acer,TravelMate P6,Qualcomm,Snapdragon X Elite,Snapdragon X Elite,X1E-80-100,Oryon ARM,NVIDIA GeForce RTX 4060,Desktop,"27""",,16GB DDR5,1TB NVMe SSD,SSD,Windows 11 Home,2587,2277,2587,2277,310,12,USD,,InStock,https://www.expert.de/products/acer-travelmate-p6-snapdragon-x-elite,2026-08-28T08:15:27.551208+00:00,2026-08-28
Expert - DE,Germany,DE,Expert - DE,1P Retailer,SKU-DE-0013,Samsung Galaxy Book4 Ultra - Intel Core Ultra 9 185H (Laptop),,Samsung,Galaxy Book4 Ultra,Intel,Intel Core Ultra 9,Intel Core Ultra 9,185H,14th Gen / Meteor Lake,Integrated Intel Arc Graphics,Laptop,"16.0""",,32GB LPDDR5X,512GB NVMe SSD,SSD,Windows 11 Home,2634,2634,2634,2634,0,0,USD,,InStock,https://www.expert.de/products/samsung-galaxy-book4-ultra-intel-core-ultra-9,2026-08-28T08:15:27.551208+00:00,2026-08-28
Expert - DE,Germany,DE,Expert - DE,1P Retailer,SKU-DE-0014,MSI Modern 14 - Intel Core i9 14900HX (Laptop),,MSI,Modern 14,Intel,Intel Core i9,Intel Core i9,14900HX,14th Gen / Raptor Lake-HX,Integrated Intel Arc Graphics,Laptop,"14.0""",,16GB DDR5,512GB NVMe SSD,SSD,Windows 11 Home,2681,2681,2681,2681,0,0,USD,,InStock,https://www.expert.de/products/msi-modern-14-intel-core-i9,2026-08-28T08:15:27.551208+00:00,2026-08-28
Expert - DE,Germany,DE,Expert - DE,1P Retailer,SKU-DE-0015,"Apple MacBook Air 15"" M3 - AMD Ryzen 5 7520U (Laptop)",,Apple,"MacBook Air 15"" M3",AMD,AMD Ryzen 5,AMD Ryzen 5,7520U,Zen 2 / Mendocino,NVIDIA GeForce RTX 4060,Laptop,"16.0""",,32GB LPDDR5X,1TB NVMe SSD,SSD,Windows 11 Home,2728,2401,2728,2401,327,12,USD,,InStock,https://www.expert.de/products/apple-macbook-air-15-m3-amd-ryzen-5,2026-08-28T08:15:27.551208+00:00,2026-08-28
Expert - DE,Germany,DE,Expert - DE,1P Retailer,SKU-DE-0016,Dell Inspiron 15 (3520) - Apple M3 M3 (Laptop),,Dell,Inspiron 15 (3520),Apple,Apple M3,Apple M3,M3,3nm Apple Silicon,Integrated Intel Arc Graphics,Laptop,"14.0""",,16GB DDR5,512GB NVMe SSD,SSD,Windows 11 Home,2775,2775,2775,2775,0,0,USD,,InStock,https://www.expert.de/products/dell-inspiron-15-3520--apple-m3,2026-08-28T08:15:27.551208+00:00,2026-08-28
Expert - DE,Germany,DE,Expert - DE,1P Retailer,SKU-DE-0017,HP Pavilion Plus 14 - Intel Core Ultra 5 125H (Laptop),,HP,Pavilion Plus 14,Intel,Intel Core Ultra 5,Intel Core Ultra 5,125H,14th Gen / Meteor Lake,Integrated Intel Arc Graphics,Laptop,"16.0""",,32GB LPDDR5X,512GB NVMe SSD,SSD,Windows 11 Home,622,622,622,622,0,0,USD,,InStock,https://www.expert.de/products/hp-pavilion-plus-14-intel-core-ultra-5,2026-08-28T08:15:27.551208+00:00,2026-08-28
Expert - DE,Germany,DE,Expert - DE,1P Retailer,SKU-DE-0018,Lenovo Legion Pro 7i - Intel Core i5 1335U (Desktop PC),,Lenovo,Legion Pro 7i,Intel,Intel Core i5,Intel Core i5,1335U,13th Gen / Raptor Lake,NVIDIA GeForce RTX 4060,Desktop,"27""",,16GB DDR5,1TB NVMe SSD,SSD,Windows 11 Home,669,589,669,589,80,12,USD,,InStock,https://www.expert.de/products/lenovo-legion-pro-7i-intel-core-i5,2026-08-28T08:15:27.551208+00:00,2026-08-28
Expert - DE,Germany,DE,Expert - DE,1P Retailer,SKU-DE-0019,ASUS TUF Gaming A15 - AMD Ryzen 7 7840HS (Laptop),,ASUS,TUF Gaming A15,AMD,AMD Ryzen 7,AMD Ryzen 7,7840HS,Zen 4 / Phoenix,Integrated Intel Arc Graphics,Laptop,"16.0""",,32GB LPDDR5X,512GB NVMe SSD,SSD,Windows 11 Home,716,716,716,716,0,0,USD,,InStock,https://www.expert.de/products/asus-tuf-gaming-a15-amd-ryzen-7,2026-08-28T08:15:27.551208+00:00,2026-08-28
Expert - DE,Germany,DE,Expert - DE,1P Retailer,SKU-DE-0020,Acer Spin 5 - Apple M3 Pro M3 Pro (Laptop),,Acer,Spin 5,Apple,Apple M3 Pro,Apple M3 Pro,M3 Pro,3nm Apple Silicon,Integrated Intel Arc Graphics,Laptop,"14.0""",,16GB DDR5,512GB NVMe SSD,SSD,Windows 11 Home,763,626,763,626,137,18,USD,,InStock,https://www.expert.de/products/acer-spin-5-apple-m3-pro,2026-08-28T08:15:27.551208+00:00,2026-08-28
Expert - DE,Germany,DE,Expert - DE,1P Retailer,SKU-DE-0021,Samsung Galaxy Book4 Pro - Intel Core Ultra 7 155H (Laptop),,Samsung,Galaxy Book4 Pro,Intel,Intel Core Ultra 7,Intel Core Ultra 7,155H,14th Gen / Meteor Lake,NVIDIA GeForce RTX 4060,Laptop,"16.0""",,32GB LPDDR5X,1TB NVMe SSD,SSD,Windows 11 Home,810,713,810,713,97,12,USD,,InStock,https://www.expert.de/products/samsung-galaxy-book4-pro-intel-core-ultra-7,2026-08-28T08:15:27.551208+00:00,2026-08-28
Expert - DE,Germany,DE,Expert - DE,1P Retailer,,MSI Raider GE78 HX - Intel Core i7 13700H (Laptop),,MSI,Raider GE78 HX,Intel,Intel Core i7,Intel Core i7,13700H,13th Gen / Raptor Lake,Integrated Intel Arc Graphics,Laptop,"14.0""",,16GB DDR5,512GB NVMe SSD,SSD,Windows 11 Home,857,857,857,857,0,0,USD,,InStock,https://www.expert.de/products/msi-raider-ge78-hx-intel-core-i7,2026-08-28T08:15:27.551208+00:00,2026-08-28
Expert - DE,Germany,DE,Expert - DE,1P Retailer,SKU-DE-0023,"Apple MacBook Air 15"" M3 - Intel Core 7 150U (Laptop)",,Apple,"MacBook Air 15"" M3",Intel,Intel Core 7,Intel Core 7,150U,14th Gen / Series 1,Integrated Intel Arc Graphics,Laptop,"16.0""",,32GB LPDDR5X,512GB NVMe SSD,SSD,Windows 11 Home,904,904,904,904,0,0,USD,,InStock,https://www.expert.de/products/apple-macbook-air-15-m3-intel-core-7,2026-08-28T08:15:27.551208+00:00,2026-08-28
Expert - DE,Germany,DE,Expert - DE,1P Retailer,SKU-DE-0024,Dell Inspiron 16 Plus (7640) - AMD Ryzen 9 7945HX (Desktop PC),,Dell,Inspiron 16 Plus (7640),AMD,AMD Ryzen 9,AMD Ryzen 9,7945HX,Zen 4 / Dragon Range,NVIDIA GeForce RTX 4060,Desktop,"27""",,16GB DDR5,1TB NVMe SSD,SSD,Windows 11 Home,951,837,951,837,114,12,USD,,InStock,https://www.expert.de/products/dell-inspiron-16-plus-7640--amd-ryzen-9,2026-08-28T08:15:27.551208+00:00,2026-08-28
Expert - DE,Germany,DE,Expert - DE,1P Retailer,SKU-DE-0025,HP OMEN 16 Transcend - Snapdragon X Elite X1E-80-100 (Laptop),,HP,OMEN 16 Transcend,Qualcomm,Snapdragon X Elite,Snapdragon X Elite,X1E-80-100,Oryon ARM,Integrated Intel Arc Graphics,Laptop,"16.0""",,32GB LPDDR5X,512GB NVMe SSD,SSD,Windows 11 Home,998,818,998,818,180,18,USD,,InStock,https://www.expert.de/products/hp-omen-16-transcend-snapdragon-x-elite,2026-08-28T08:15:27.551208+00:00,2026-08-28
Expert - DE,Germany,DE,Expert - DE,1P Retailer,SKU-DE-0026,Lenovo ThinkBook 16 Gen 6 - Intel Core Ultra 9 185H (Laptop),,Lenovo,ThinkBook 16 Gen 6,Intel,Intel Core Ultra 9,Intel Core Ultra 9,185H,14th Gen / Meteor Lake,Integrated Intel Arc Graphics,Laptop,"14.0""",,16GB DDR5,512GB NVMe SSD,SSD,Windows 11 Home,1045,1045,1045,1045,0,0,USD,,InStock,https://www.expert.de/products/lenovo-thinkbook-16-gen-6-intel-core-ultra-9,2026-08-28T08:15:27.551208+00:00,2026-08-28
Expert - DE,Germany,DE,Expert - DE,1P Retailer,SKU-DE-0027,ASUS ExpertBook B9 - Intel Core i9 14900HX (Laptop),,ASUS,ExpertBook B9,Intel,Intel Core i9,Intel Core i9,14900HX,14th Gen / Raptor Lake-HX,NVIDIA GeForce RTX 4060,Laptop,"16.0""",,32GB LPDDR5X,1TB NVMe SSD,SSD,Windows 11 Home,1092,961,1092,961,131,12,USD,,InStock,https://www.expert.de/products/asus-expertbook-b9-intel-core-i9,2026-08-28T08:15:27.551208+00:00,2026-08-28
Amazon - FR,France,FR,Amazon - FR,3P Marketplace,SKU-FR-0001,Dell XPS 16 (9640) - Apple M3 Pro M3 Pro (Laptop),,Dell,XPS 16 (9640),Apple,Apple M3 Pro,Apple M3 Pro,M3 Pro,3nm Apple Silicon,Integrated Intel Arc Graphics,Laptop,"16.0""",,32GB LPDDR5X,512GB NVMe SSD,SSD,Windows 11 Home,2159,2159,2159,2159,0,0,USD,,InStock,https://www.amazon.fr/products/dell-xps-16-9640--apple-m3-pro,2026-08-28T08:15:27.551208+00:00,2026-08-28
Amazon - FR,France,FR,Amazon - FR,3P Marketplace,SKU-FR-0002,HP Envy x360 15 - Intel Core Ultra 7 155H (Laptop),,HP,Envy x360 15,Intel,Intel Core Ultra 7,Intel Core Ultra 7,155H,14th Gen / Meteor Lake,Integrated Intel Arc Graphics,Laptop,"14.0""",,16GB DDR5,512GB NVMe SSD,SSD,Windows 11 Home,2206,2206,2206,2206,0,0,USD,,InStock,https://www.amazon.fr/products/hp-envy-x360-15-intel-core-ultra-7,2026-08-28T08:15:27.551208+00:00,2026-08-28
Amazon - FR,France,FR,Amazon - FR,3P Marketplace,SKU-FR-0003,Lenovo IdeaPad Slim 5 - Intel Core i7 13700H (Laptop),,Lenovo,IdeaPad Slim 5,Intel,Intel Core i7,Intel Core i7,13700H,13th Gen / Raptor Lake,NVIDIA GeForce RTX 4060,Laptop,"16.0""",,32GB LPDDR5X,1TB NVMe SSD,SSD,Windows 11 Home,2253,1983,2253,1983,270,12,USD,,InStock,https://www.amazon.fr/products/lenovo-ideapad-slim-5-intel-core-i7,2026-08-28T08:15:27.551208+00:00,2026-08-28
Amazon - FR,France,FR,Amazon - FR,3P Marketplace,SKU-FR-0004,ASUS ROG Strix SCAR 18 - Intel Core 7 150U (Laptop),,ASUS,ROG Strix SCAR 18,Intel,Intel Core 7,Intel Core 7,150U,14th Gen / Series 1,Integrated Intel Arc Graphics,Laptop,"14.0""",,16GB DDR5,512GB NVMe SSD,SSD,Windows 11 Home,2300,2300,2300,2300,0,0,USD,,InStock,https://www.amazon.fr/products/asus-rog-strix-scar-18-intel-core-7,2026-08-28T08:15:27.551208+00:00,2026-08-28
Amazon - FR,France,FR,Amazon - FR,3P Marketplace,SKU-FR-0005,Acer TravelMate P6 - AMD Ryzen 9 7945HX (Laptop),,Acer,TravelMate P6,AMD,AMD Ryzen 9,AMD Ryzen 9,7945HX,Zen 4 / Dragon Range,Integrated Intel Arc Graphics,Laptop,"16.0""",,32GB LPDDR5X,512GB NVMe SSD,SSD,Windows 11 Home,2347,1925,2347,1925,422,18,USD,,InStock,https://www.amazon.fr/products/acer-travelmate-p6-amd-ryzen-9,2026-08-28T08:15:27.551208+00:00,2026-08-28
Amazon - FR,France,FR,Amazon - FR,3P Marketplace,SKU-FR-0006,Samsung Galaxy Book4 Pro - Snapdragon X Elite X1E-80-100 (Desktop PC),,Samsung,Galaxy Book4 Pro,Qualcomm,Snapdragon X Elite,Snapdragon X Elite,X1E-80-100,Oryon ARM,NVIDIA GeForce RTX 4060,Desktop,"27""",,16GB DDR5,1TB NVMe SSD,SSD,Windows 11 Home,2394,2107,2394,2107,287,12,USD,,InStock,https://www.amazon.fr/products/samsung-galaxy-book4-pro-snapdragon-x-elite,2026-08-28T08:15:27.551208+00:00,2026-08-28
Amazon - FR,France,FR,Amazon - FR,3P Marketplace,SKU-FR-0007,MSI Raider GE78 HX - Intel Core Ultra 9 185H (Laptop),,MSI,Raider GE78 HX,Intel,Intel Core Ultra 9,Intel Core Ultra 9,185H,14th Gen / Meteor Lake,Integrated Intel Arc Graphics,Laptop,"16.0""",,32GB LPDDR5X,512GB NVMe SSD,SSD,Windows 11 Home,2441,2441,2441,2441,0,0,USD,,InStock,https://www.amazon.fr/products/msi-raider-ge78-hx-intel-core-ultra-9,2026-08-28T08:15:27.551208+00:00,2026-08-28
Amazon - FR,France,FR,Amazon - FR,3P Marketplace,SKU-FR-0008,"Apple MacBook Pro 14"" M3 - Intel Core i9 14900HX (Laptop)",,Apple,"MacBook Pro 14"" M3",Intel,Intel Core i9,Intel Core i9,14900HX,14th Gen / Raptor Lake-HX,Integrated Intel Arc Graphics,Laptop,"14.0""",,16GB DDR5,512GB NVMe SSD,SSD,Windows 11 Home,2488,2488,2488,2488,0,0,USD,,InStock,https://www.amazon.fr/products/apple-macbook-pro-14-m3-intel-core-i9,2026-08-28T08:15:27.551208+00:00,2026-08-28
Amazon - FR,France,FR,Amazon - FR,3P Marketplace,SKU-FR-0009,Dell Inspiron 15 (3520) - AMD Ryzen 5 7520U (Laptop),,Dell,Inspiron 15 (3520),AMD,AMD Ryzen 5,AMD Ryzen 5,7520U,Zen 2 / Mendocino,NVIDIA GeForce RTX 4060,Laptop,"16.0""",,32GB LPDDR5X,1TB NVMe SSD,SSD,Windows 11 Home,2535,2231,2535,2231,304,12,USD,,InStock,https://www.amazon.fr/products/dell-inspiron-15-3520--amd-ryzen-5,2026-08-28T08:15:27.551208+00:00,2026-08-28
Amazon - FR,France,FR,Amazon - FR,3P Marketplace,SKU-FR-0010,HP Pavilion Plus 14 - Apple M3 M3 (Laptop),,HP,Pavilion Plus 14,Apple,Apple M3,Apple M3,M3,3nm Apple Silicon,Integrated Intel Arc Graphics,Laptop,"14.0""",,16GB DDR5,512GB NVMe SSD,SSD,Windows 11 Home,2582,2117,2582,2117,465,18,USD,,InStock,https://www.amazon.fr/products/hp-pavilion-plus-14-apple-m3,2026-08-28T08:15:27.551208+00:00,2026-08-28
Amazon - FR,France,FR,Amazon - FR,3P Marketplace,,Lenovo Legion Pro 7i - Intel Core Ultra 5 125H (Laptop),,Lenovo,Legion Pro 7i,Intel,Intel Core Ultra 5,Intel Core Ultra 5,125H,14th Gen / Meteor Lake,Integrated Intel Arc Graphics,Laptop,"16.0""",,32GB LPDDR5X,512GB NVMe SSD,SSD,Windows 11 Home,2629,2629,2629,2629,0,0,USD,,InStock,https://www.amazon.fr/products/lenovo-legion-pro-7i-intel-core-ultra-5,2026-08-28T08:15:27.551208+00:00,2026-08-28
Amazon - FR,France,FR,Amazon - FR,3P Marketplace,SKU-FR-0012,ASUS TUF Gaming A15 - Intel Core i5 1335U (Desktop PC),,ASUS,TUF Gaming A15,Intel,Intel Core i5,Intel Core i5,1335U,13th Gen / Raptor Lake,NVIDIA GeForce RTX 4060,Desktop,"27""",,16GB DDR5,1TB NVMe SSD,SSD,Windows 11 Home,2676,2355,2676,2355,321,12,USD,,InStock,https://www.amazon.fr/products/asus-tuf-gaming-a15-intel-core-i5,2026-08-28T08:15:27.551208+00:00,2026-08-28
Amazon - FR,France,FR,Amazon - FR,3P Marketplace,SKU-FR-0013,Acer Spin 5 - AMD Ryzen 7 7840HS (Laptop),,Acer,Spin 5,AMD,AMD Ryzen 7,AMD Ryzen 7,7840HS,Zen 4 / Phoenix,Integrated Intel Arc Graphics,Laptop,"16.0""",,32GB LPDDR5X,512GB NVMe SSD,SSD,Windows 11 Home,2723,2723,2723,2723,0,0,USD,,InStock,https://www.amazon.fr/products/acer-spin-5-amd-ryzen-7,2026-08-28T08:15:27.551208+00:00,2026-08-28
Amazon - FR,France,FR,Amazon - FR,3P Marketplace,SKU-FR-0014,Samsung Galaxy Book4 360 - Apple M3 Pro M3 Pro (Laptop),,Samsung,Galaxy Book4 360,Apple,Apple M3 Pro,Apple M3 Pro,M3 Pro,3nm Apple Silicon,Integrated Intel Arc Graphics,Laptop,"14.0""",,16GB DDR5,512GB NVMe SSD,SSD,Windows 11 Home,2770,2770,2770,2770,0,0,USD,,InStock,https://www.amazon.fr/products/samsung-galaxy-book4-360-apple-m3-pro,2026-08-28T08:15:27.551208+00:00,2026-08-28
Amazon - FR,France,FR,Amazon - FR,3P Marketplace,SKU-FR-0015,MSI Prestige 16 AI Evo - Intel Core Ultra 7 155H (Laptop),,MSI,Prestige 16 AI Evo,Intel,Intel Core Ultra 7,Intel Core Ultra 7,155H,14th Gen / Meteor Lake,NVIDIA GeForce RTX 4060,Laptop,"16.0""",,32GB LPDDR5X,1TB NVMe SSD,SSD,Windows 11 Home,617,543,617,543,74,12,USD,,InStock,https://www.amazon.fr/products/msi-prestige-16-ai-evo-intel-core-ultra-7,2026-08-28T08:15:27.551208+00:00,2026-08-28
Amazon - FR,France,FR,Amazon - FR,3P Marketplace,SKU-FR-0016,"Apple MacBook Pro 14"" M3 - Intel Core i7 13700H (Laptop)",,Apple,"MacBook Pro 14"" M3",Intel,Intel Core i7,Intel Core i7,13700H,13th Gen / Raptor Lake,Integrated Intel Arc Graphics,Laptop,"14.0""",,16GB DDR5,512GB NVMe SSD,SSD,Windows 11 Home,664,664,664,664,0,0,USD,,InStock,https://www.amazon.fr/products/apple-macbook-pro-14-m3-intel-core-i7,2026-08-28T08:15:27.551208+00:00,2026-08-28
Amazon - FR,France,FR,Amazon - FR,3P Marketplace,SKU-FR-0017,Dell Inspiron 16 Plus (7640) - Intel Core 7 150U (Laptop),,Dell,Inspiron 16 Plus (7640),Intel,Intel Core 7,Intel Core 7,150U,14th Gen / Series 1,Integrated Intel Arc Graphics,Laptop,"16.0""",,32GB LPDDR5X,512GB NVMe SSD,SSD,Windows 11 Home,711,711,711,711,0,0,USD,,InStock,https://www.amazon.fr/products/dell-inspiron-16-plus-7640--intel-core-7,2026-08-28T08:15:27.551208+00:00,2026-08-28
Amazon - FR,France,FR,Amazon - FR,3P Marketplace,SKU-FR-0018,HP OMEN 16 Transcend - AMD Ryzen 9 7945HX (Desktop PC),,HP,OMEN 16 Transcend,AMD,AMD Ryzen 9,AMD Ryzen 9,7945HX,Zen 4 / Dragon Range,NVIDIA GeForce RTX 4060,Desktop,"27""",,16GB DDR5,1TB NVMe SSD,SSD,Windows 11 Home,758,667,758,667,91,12,USD,,InStock,https://www.amazon.fr/products/hp-omen-16-transcend-amd-ryzen-9,2026-08-28T08:15:27.551208+00:00,2026-08-28
Amazon - FR,France,FR,Amazon - FR,3P Marketplace,SKU-FR-0019,Lenovo ThinkBook 16 Gen 6 - Snapdragon X Elite X1E-80-100 (Laptop),,Lenovo,ThinkBook 16 Gen 6,Qualcomm,Snapdragon X Elite,Snapdragon X Elite,X1E-80-100,Oryon ARM,Integrated Intel Arc Graphics,Laptop,"16.0""",,32GB LPDDR5X,512GB NVMe SSD,SSD,Windows 11 Home,805,805,805,805,0,0,USD,,InStock,https://www.amazon.fr/products/lenovo-thinkbook-16-gen-6-snapdragon-x-elite,2026-08-28T08:15:27.551208+00:00,2026-08-28
Amazon - FR,France,FR,Amazon - FR,3P Marketplace,SKU-FR-0020,ASUS ExpertBook B9 - Intel Core Ultra 9 185H (Laptop),,ASUS,ExpertBook B9,Intel,Intel Core Ultra 9,Intel Core Ultra 9,185H,14th Gen / Meteor Lake,Integrated Intel Arc Graphics,Laptop,"14.0""",,16GB DDR5,512GB NVMe SSD,SSD,Windows 11 Home,852,699,852,699,153,18,USD,,InStock,https://www.amazon.fr/products/asus-expertbook-b9-intel-core-ultra-9,2026-08-28T08:15:27.551208+00:00,2026-08-28
Amazon - FR,France,FR,Amazon - FR,3P Marketplace,SKU-FR-0021,Acer Swift Go 14 AI - Intel Core i9 14900HX (Laptop),,Acer,Swift Go 14 AI,Intel,Intel Core i9,Intel Core i9,14900HX,14th Gen / Raptor Lake-HX,NVIDIA GeForce RTX 4060,Laptop,"16.0""",,32GB LPDDR5X,1TB NVMe SSD,SSD,Windows 11 Home,899,791,899,791,108,12,USD,,InStock,https://www.amazon.fr/products/acer-swift-go-14-ai-intel-core-i9,2026-08-28T08:15:27.551208+00:00,2026-08-28
Amazon - FR,France,FR,Amazon - FR,3P Marketplace,,Samsung Galaxy Book4 Ultra - AMD Ryzen 5 7520U (Laptop),,Samsung,Galaxy Book4 Ultra,AMD,AMD Ryzen 5,AMD Ryzen 5,7520U,Zen 2 / Mendocino,Integrated Intel Arc Graphics,Laptop,"14.0""",,16GB DDR5,512GB NVMe SSD,SSD,Windows 11 Home,946,946,946,946,0,0,USD,,InStock,https://www.amazon.fr/products/samsung-galaxy-book4-ultra-amd-ryzen-5,2026-08-28T08:15:27.551208+00:00,2026-08-28
Amazon - FR,France,FR,Amazon - FR,3P Marketplace,SKU-FR-0023,MSI Cyborg 15 - Apple M3 M3 (Laptop),,MSI,Cyborg 15,Apple,Apple M3,Apple M3,M3,3nm Apple Silicon,Integrated Intel Arc Graphics,Laptop,"16.0""",,32GB LPDDR5X,512GB NVMe SSD,SSD,Windows 11 Home,993,993,993,993,0,0,USD,,InStock,https://www.amazon.fr/products/msi-cyborg-15-apple-m3,2026-08-28T08:15:27.551208+00:00,2026-08-28
Amazon - FR,France,FR,Amazon - FR,3P Marketplace,SKU-FR-0024,"Apple MacBook Pro 14"" M3 - Intel Core Ultra 5 125H (Desktop PC)",,Apple,"MacBook Pro 14"" M3",Intel,Intel Core Ultra 5,Intel Core Ultra 5,125H,14th Gen / Meteor Lake,NVIDIA GeForce RTX 4060,Desktop,"27""",,16GB DDR5,1TB NVMe SSD,SSD,Windows 11 Home,1040,915,1040,915,125,12,USD,,InStock,https://www.amazon.fr/products/apple-macbook-pro-14-m3-intel-core-ultra-5,2026-08-28T08:15:27.551208+00:00,2026-08-28
Amazon - FR,France,FR,Amazon - FR,3P Marketplace,SKU-FR-0025,Dell Alienware m16 R2 - Intel Core i5 1335U (Laptop),,Dell,Alienware m16 R2,Intel,Intel Core i5,Intel Core i5,1335U,13th Gen / Raptor Lake,Integrated Intel Arc Graphics,Laptop,"16.0""",,32GB LPDDR5X,512GB NVMe SSD,SSD,Windows 11 Home,1087,891,1087,891,196,18,USD,,InStock,https://www.amazon.fr/products/dell-alienware-m16-r2-intel-core-i5,2026-08-28T08:15:27.551208+00:00,2026-08-28
Amazon - FR,France,FR,Amazon - FR,3P Marketplace,SKU-FR-0026,HP Victus 15 - AMD Ryzen 7 7840HS (Laptop),,HP,Victus 15,AMD,AMD Ryzen 7,AMD Ryzen 7,7840HS,Zen 4 / Phoenix,Integrated Intel Arc Graphics,Laptop,"14.0""",,16GB DDR5,512GB NVMe SSD,SSD,Windows 11 Home,1134,1134,1134,1134,0,0,USD,,InStock,https://www.amazon.fr/products/hp-victus-15-amd-ryzen-7,2026-08-28T08:15:27.551208+00:00,2026-08-28
Amazon - FR,France,FR,Amazon - FR,3P Marketplace,SKU-FR-0027,Lenovo LOQ 15IRX9 - Apple M3 Pro M3 Pro (Laptop),,Lenovo,LOQ 15IRX9,Apple,Apple M3 Pro,Apple M3 Pro,M3 Pro,3nm Apple Silicon,NVIDIA GeForce RTX 4060,Laptop,"16.0""",,32GB LPDDR5X,1TB NVMe SSD,SSD,Windows 11 Home,1181,1039,1181,1039,142,12,USD,,InStock,https://www.amazon.fr/products/lenovo-loq-15irx9-apple-m3-pro,2026-08-28T08:15:27.551208+00:00,2026-08-28
Amazon - FR,France,FR,Amazon - FR,3P Marketplace,SKU-FR-0028,ASUS Zenbook Duo (2024) - Intel Core Ultra 7 155H (Laptop),,ASUS,Zenbook Duo (2024),Intel,Intel Core Ultra 7,Intel Core Ultra 7,155H,14th Gen / Meteor Lake,Integrated Intel Arc Graphics,Laptop,"14.0""",,16GB DDR5,512GB NVMe SSD,SSD,Windows 11 Home,1228,1228,1228,1228,0,0,USD,,InStock,https://www.amazon.fr/products/asus-zenbook-duo-2024--intel-core-ultra-7,2026-08-28T08:15:27.551208+00:00,2026-08-28
Amazon - FR,France,FR,Amazon - FR,3P Marketplace,SKU-FR-0029,Acer Swift X 14 - Intel Core i7 13700H (Laptop),,Acer,Swift X 14,Intel,Intel Core i7,Intel Core i7,13700H,13th Gen / Raptor Lake,Integrated Intel Arc Graphics,Laptop,"16.0""",,32GB LPDDR5X,512GB NVMe SSD,SSD,Windows 11 Home,1275,1275,1275,1275,0,0,USD,,InStock,https://www.amazon.fr/products/acer-swift-x-14-intel-core-i7,2026-08-28T08:15:27.551208+00:00,2026-08-28
Amazon - FR,France,FR,Amazon - FR,3P Marketplace,SKU-FR-0030,Samsung Galaxy Book4 Pro - Intel Core 7 150U (Desktop PC),,Samsung,Galaxy Book4 Pro,Intel,Intel Core 7,Intel Core 7,150U,14th Gen / Series 1,NVIDIA GeForce RTX 4060,Desktop,"27""",,16GB DDR5,1TB NVMe SSD,SSD,Windows 11 Home,1322,1163,1322,1163,159,12,USD,,InStock,https://www.amazon.fr/products/samsung-galaxy-book4-pro-intel-core-7,2026-08-28T08:15:27.551208+00:00,2026-08-28
Amazon - FR,France,FR,Amazon - FR,3P Marketplace,SKU-FR-0031,MSI Stealth 16 AI Studio - AMD Ryzen 9 7945HX (Laptop),,MSI,Stealth 16 AI Studio,AMD,AMD Ryzen 9,AMD Ryzen 9,7945HX,Zen 4 / Dragon Range,Integrated Intel Arc Graphics,Laptop,"16.0""",,32GB LPDDR5X,512GB NVMe SSD,SSD,Windows 11 Home,1369,1369,1369,1369,0,0,USD,,InStock,https://www.amazon.fr/products/msi-stealth-16-ai-studio-amd-ryzen-9,2026-08-28T08:15:27.551208+00:00,2026-08-28
Amazon - FR,France,FR,Amazon - FR,3P Marketplace,SKU-FR-0032,"Apple MacBook Pro 14"" M3 - Snapdragon X Elite X1E-80-100 (Laptop)",,Apple,"MacBook Pro 14"" M3",Qualcomm,Snapdragon X Elite,Snapdragon X Elite,X1E-80-100,Oryon ARM,Integrated Intel Arc Graphics,Laptop,"14.0""",,16GB DDR5,512GB NVMe SSD,SSD,Windows 11 Home,1416,1416,1416,1416,0,0,USD,,InStock,https://www.amazon.fr/products/apple-macbook-pro-14-m3-snapdragon-x-elite,2026-08-28T08:15:27.551208+00:00,2026-08-28
Fnac - FR,France,FR,Fnac - FR,1P Retailer,SKU-FR-0001,"Apple MacBook Pro 16"" M3 Max - Intel Core Ultra 9 185H (Laptop)",,Apple,"MacBook Pro 16"" M3 Max",Intel,Intel Core Ultra 9,Intel Core Ultra 9,185H,14th Gen / Meteor Lake,Integrated Intel Arc Graphics,Laptop,"16.0""",,32GB LPDDR5X,512GB NVMe SSD,SSD,Windows 11 Home,2248,2248,2248,2248,0,0,USD,,InStock,https://www.fnac.com/products/apple-macbook-pro-16-m3-max-intel-core-ultra-9,2026-08-28T08:15:27.551208+00:00,2026-08-28
Fnac - FR,France,FR,Fnac - FR,1P Retailer,SKU-FR-0002,Dell Inspiron 15 (3520) - Intel Core i9 14900HX (Laptop),,Dell,Inspiron 15 (3520),Intel,Intel Core i9,Intel Core i9,14900HX,14th Gen / Raptor Lake-HX,Integrated Intel Arc Graphics,Laptop,"14.0""",,16GB DDR5,512GB NVMe SSD,SSD,Windows 11 Home,2295,2295,2295,2295,0,0,USD,,InStock,https://www.fnac.com/products/dell-inspiron-15-3520--intel-core-i9,2026-08-28T08:15:27.551208+00:00,2026-08-28
Fnac - FR,France,FR,Fnac - FR,1P Retailer,SKU-FR-0003,HP Pavilion Plus 14 - AMD Ryzen 5 7520U (Laptop),,HP,Pavilion Plus 14,AMD,AMD Ryzen 5,AMD Ryzen 5,7520U,Zen 2 / Mendocino,NVIDIA GeForce RTX 4060,Laptop,"16.0""",,32GB LPDDR5X,1TB NVMe SSD,SSD,Windows 11 Home,2342,2061,2342,2061,281,12,USD,,InStock,https://www.fnac.com/products/hp-pavilion-plus-14-amd-ryzen-5,2026-08-28T08:15:27.551208+00:00,2026-08-28
Fnac - FR,France,FR,Fnac - FR,1P Retailer,SKU-FR-0004,Lenovo Legion Pro 7i - Apple M3 M3 (Laptop),,Lenovo,Legion Pro 7i,Apple,Apple M3,Apple M3,M3,3nm Apple Silicon,Integrated Intel Arc Graphics,Laptop,"14.0""",,16GB DDR5,512GB NVMe SSD,SSD,Windows 11 Home,2389,2389,2389,2389,0,0,USD,,InStock,https://www.fnac.com/products/lenovo-legion-pro-7i-apple-m3,2026-08-28T08:15:27.551208+00:00,2026-08-28
Fnac - FR,France,FR,Fnac - FR,1P Retailer,SKU-FR-0005,ASUS TUF Gaming A15 - Intel Core Ultra 5 125H (Laptop),,ASUS,TUF Gaming A15,Intel,Intel Core Ultra 5,Intel Core Ultra 5,125H,14th Gen / Meteor Lake,Integrated Intel Arc Graphics,Laptop,"16.0""",,32GB LPDDR5X,512GB NVMe SSD,SSD,Windows 11 Home,2436,1998,2436,1998,438,18,USD,,InStock,https://www.fnac.com/products/asus-tuf-gaming-a15-intel-core-ultra-5,2026-08-28T08:15:27.551208+00:00,2026-08-28
Fnac - FR,France,FR,Fnac - FR,1P Retailer,SKU-FR-0006,Acer Spin 5 - Intel Core i5 1335U (Desktop PC),,Acer,Spin 5,Intel,Intel Core i5,Intel Core i5,1335U,13th Gen / Raptor Lake,NVIDIA GeForce RTX 4060,Desktop,"27""",,16GB DDR5,1TB NVMe SSD,SSD,Windows 11 Home,2483,2185,2483,2185,298,12,USD,,InStock,https://www.fnac.com/products/acer-spin-5-intel-core-i5,2026-08-28T08:15:27.551208+00:00,2026-08-28
Fnac - FR,France,FR,Fnac - FR,1P Retailer,SKU-FR-0007,Samsung Galaxy Book4 Ultra - AMD Ryzen 7 7840HS (Laptop),,Samsung,Galaxy Book4 Ultra,AMD,AMD Ryzen 7,AMD Ryzen 7,7840HS,Zen 4 / Phoenix,Integrated Intel Arc Graphics,Laptop,"16.0""",,32GB LPDDR5X,512GB NVMe SSD,SSD,Windows 11 Home,2530,2530,2530,2530,0,0,USD,,InStock,https://www.fnac.com/products/samsung-galaxy-book4-ultra-amd-ryzen-7,2026-08-28T08:15:27.551208+00:00,2026-08-28
Fnac - FR,France,FR,Fnac - FR,1P Retailer,SKU-FR-0008,MSI Cyborg 15 - Apple M3 Pro M3 Pro (Laptop),,MSI,Cyborg 15,Apple,Apple M3 Pro,Apple M3 Pro,M3 Pro,3nm Apple Silicon,Integrated Intel Arc Graphics,Laptop,"14.0""",,16GB DDR5,512GB NVMe SSD,SSD,Windows 11 Home,2577,2577,2577,2577,0,0,USD,,InStock,https://www.fnac.com/products/msi-cyborg-15-apple-m3-pro,2026-08-28T08:15:27.551208+00:00,2026-08-28
Fnac - FR,France,FR,Fnac - FR,1P Retailer,SKU-FR-0009,"Apple MacBook Pro 16"" M3 Max - Intel Core Ultra 7 155H (Laptop)",,Apple,"MacBook Pro 16"" M3 Max",Intel,Intel Core Ultra 7,Intel Core Ultra 7,155H,14th Gen / Meteor Lake,NVIDIA GeForce RTX 4060,Laptop,"16.0""",,32GB LPDDR5X,1TB NVMe SSD,SSD,Windows 11 Home,2624,2309,2624,2309,315,12,USD,,InStock,https://www.fnac.com/products/apple-macbook-pro-16-m3-max-intel-core-ultra-7,2026-08-28T08:15:27.551208+00:00,2026-08-28
Fnac - FR,France,FR,Fnac - FR,1P Retailer,SKU-FR-0010,Dell Inspiron 16 Plus (7640) - Intel Core i7 13700H (Laptop),,Dell,Inspiron 16 Plus (7640),Intel,Intel Core i7,Intel Core i7,13700H,13th Gen / Raptor Lake,Integrated Intel Arc Graphics,Laptop,"14.0""",,16GB DDR5,512GB NVMe SSD,SSD,Windows 11 Home,2671,2190,2671,2190,481,18,USD,,InStock,https://www.fnac.com/products/dell-inspiron-16-plus-7640--intel-core-i7,2026-08-28T08:15:27.551208+00:00,2026-08-28
Fnac - FR,France,FR,Fnac - FR,1P Retailer,,HP OMEN 16 Transcend - Intel Core 7 150U (Laptop),,HP,OMEN 16 Transcend,Intel,Intel Core 7,Intel Core 7,150U,14th Gen / Series 1,Integrated Intel Arc Graphics,Laptop,"16.0""",,32GB LPDDR5X,512GB NVMe SSD,SSD,Windows 11 Home,2718,2718,2718,2718,0,0,USD,,InStock,https://www.fnac.com/products/hp-omen-16-transcend-intel-core-7,2026-08-28T08:15:27.551208+00:00,2026-08-28
Fnac - FR,France,FR,Fnac - FR,1P Retailer,SKU-FR-0012,Lenovo ThinkBook 16 Gen 6 - AMD Ryzen 9 7945HX (Desktop PC),,Lenovo,ThinkBook 16 Gen 6,AMD,AMD Ryzen 9,AMD Ryzen 9,7945HX,Zen 4 / Dragon Range,NVIDIA GeForce RTX 4060,Desktop,"27""",,16GB DDR5,1TB NVMe SSD,SSD,Windows 11 Home,2765,2433,2765,2433,332,12,USD,,InStock,https://www.fnac.com/products/lenovo-thinkbook-16-gen-6-amd-ryzen-9,2026-08-28T08:15:27.551208+00:00,2026-08-28
Fnac - FR,France,FR,Fnac - FR,1P Retailer,SKU-FR-0013,ASUS ExpertBook B9 - Snapdragon X Elite X1E-80-100 (Laptop),,ASUS,ExpertBook B9,Qualcomm,Snapdragon X Elite,Snapdragon X Elite,X1E-80-100,Oryon ARM,Integrated Intel Arc Graphics,Laptop,"16.0""",,32GB LPDDR5X,512GB NVMe SSD,SSD,Windows 11 Home,612,612,612,612,0,0,USD,,InStock,https://www.fnac.com/products/asus-expertbook-b9-snapdragon-x-elite,2026-08-28T08:15:27.551208+00:00,2026-08-28
Fnac - FR,France,FR,Fnac - FR,1P Retailer,SKU-FR-0014,Acer Swift Go 14 AI - Intel Core Ultra 9 185H (Laptop),,Acer,Swift Go 14 AI,Intel,Intel Core Ultra 9,Intel Core Ultra 9,185H,14th Gen / Meteor Lake,Integrated Intel Arc Graphics,Laptop,"14.0""",,16GB DDR5,512GB NVMe SSD,SSD,Windows 11 Home,659,659,659,659,0,0,USD,,InStock,https://www.fnac.com/products/acer-swift-go-14-ai-intel-core-ultra-9,2026-08-28T08:15:27.551208+00:00,2026-08-28
Fnac - FR,France,FR,Fnac - FR,1P Retailer,SKU-FR-0015,Samsung Galaxy Book4 Pro - Intel Core i9 14900HX (Laptop),,Samsung,Galaxy Book4 Pro,Intel,Intel Core i9,Intel Core i9,14900HX,14th Gen / Raptor Lake-HX,NVIDIA GeForce RTX 4060,Laptop,"16.0""",,32GB LPDDR5X,1TB NVMe SSD,SSD,Windows 11 Home,706,621,706,621,85,12,USD,,InStock,https://www.fnac.com/products/samsung-galaxy-book4-pro-intel-core-i9,2026-08-28T08:15:27.551208+00:00,2026-08-28
Fnac - FR,France,FR,Fnac - FR,1P Retailer,SKU-FR-0016,MSI Stealth 16 AI Studio - AMD Ryzen 5 7520U (Laptop),,MSI,Stealth 16 AI Studio,AMD,AMD Ryzen 5,AMD Ryzen 5,7520U,Zen 2 / Mendocino,Integrated Intel Arc Graphics,Laptop,"14.0""",,16GB DDR5,512GB NVMe SSD,SSD,Windows 11 Home,753,753,753,753,0,0,USD,,InStock,https://www.fnac.com/products/msi-stealth-16-ai-studio-amd-ryzen-5,2026-08-28T08:15:27.551208+00:00,2026-08-28
Fnac - FR,France,FR,Fnac - FR,1P Retailer,SKU-FR-0017,"Apple MacBook Pro 16"" M3 Max - Apple M3 M3 (Laptop)",,Apple,"MacBook Pro 16"" M3 Max",Apple,Apple M3,Apple M3,M3,3nm Apple Silicon,Integrated Intel Arc Graphics,Laptop,"16.0""",,32GB LPDDR5X,512GB NVMe SSD,SSD,Windows 11 Home,800,800,800,800,0,0,USD,,InStock,https://www.fnac.com/products/apple-macbook-pro-16-m3-max-apple-m3,2026-08-28T08:15:27.551208+00:00,2026-08-28
Fnac - FR,France,FR,Fnac - FR,1P Retailer,SKU-FR-0018,Dell Alienware m16 R2 - Intel Core Ultra 5 125H (Desktop PC),,Dell,Alienware m16 R2,Intel,Intel Core Ultra 5,Intel Core Ultra 5,125H,14th Gen / Meteor Lake,NVIDIA GeForce RTX 4060,Desktop,"27""",,16GB DDR5,1TB NVMe SSD,SSD,Windows 11 Home,847,745,847,745,102,12,USD,,InStock,https://www.fnac.com/products/dell-alienware-m16-r2-intel-core-ultra-5,2026-08-28T08:15:27.551208+00:00,2026-08-28
Fnac - FR,France,FR,Fnac - FR,1P Retailer,SKU-FR-0019,HP Victus 15 - Intel Core i5 1335U (Laptop),,HP,Victus 15,Intel,Intel Core i5,Intel Core i5,1335U,13th Gen / Raptor Lake,Integrated Intel Arc Graphics,Laptop,"16.0""",,32GB LPDDR5X,512GB NVMe SSD,SSD,Windows 11 Home,894,894,894,894,0,0,USD,,InStock,https://www.fnac.com/products/hp-victus-15-intel-core-i5,2026-08-28T08:15:27.551208+00:00,2026-08-28
Fnac - FR,France,FR,Fnac - FR,1P Retailer,SKU-FR-0020,Lenovo LOQ 15IRX9 - AMD Ryzen 7 7840HS (Laptop),,Lenovo,LOQ 15IRX9,AMD,AMD Ryzen 7,AMD Ryzen 7,7840HS,Zen 4 / Phoenix,Integrated Intel Arc Graphics,Laptop,"14.0""",,16GB DDR5,512GB NVMe SSD,SSD,Windows 11 Home,941,772,941,772,169,18,USD,,InStock,https://www.fnac.com/products/lenovo-loq-15irx9-amd-ryzen-7,2026-08-28T08:15:27.551208+00:00,2026-08-28
Fnac - FR,France,FR,Fnac - FR,1P Retailer,SKU-FR-0021,ASUS Zenbook Duo (2024) - Apple M3 Pro M3 Pro (Laptop),,ASUS,Zenbook Duo (2024),Apple,Apple M3 Pro,Apple M3 Pro,M3 Pro,3nm Apple Silicon,NVIDIA GeForce RTX 4060,Laptop,"16.0""",,32GB LPDDR5X,1TB NVMe SSD,SSD,Windows 11 Home,988,869,988,869,119,12,USD,,InStock,https://www.fnac.com/products/asus-zenbook-duo-2024--apple-m3-pro,2026-08-28T08:15:27.551208+00:00,2026-08-28
Fnac - FR,France,FR,Fnac - FR,1P Retailer,,Acer Swift X 14 - Intel Core Ultra 7 155H (Laptop),,Acer,Swift X 14,Intel,Intel Core Ultra 7,Intel Core Ultra 7,155H,14th Gen / Meteor Lake,Integrated Intel Arc Graphics,Laptop,"14.0""",,16GB DDR5,512GB NVMe SSD,SSD,Windows 11 Home,1035,1035,1035,1035,0,0,USD,,InStock,https://www.fnac.com/products/acer-swift-x-14-intel-core-ultra-7,2026-08-28T08:15:27.551208+00:00,2026-08-28
Fnac - FR,France,FR,Fnac - FR,1P Retailer,SKU-FR-0023,Samsung Galaxy Book4 360 - Intel Core i7 13700H (Laptop),,Samsung,Galaxy Book4 360,Intel,Intel Core i7,Intel Core i7,13700H,13th Gen / Raptor Lake,Integrated Intel Arc Graphics,Laptop,"16.0""",,32GB LPDDR5X,512GB NVMe SSD,SSD,Windows 11 Home,1082,1082,1082,1082,0,0,USD,,InStock,https://www.fnac.com/products/samsung-galaxy-book4-360-intel-core-i7,2026-08-28T08:15:27.551208+00:00,2026-08-28
Fnac - FR,France,FR,Fnac - FR,1P Retailer,SKU-FR-0024,MSI Modern 14 - Intel Core 7 150U (Desktop PC),,MSI,Modern 14,Intel,Intel Core 7,Intel Core 7,150U,14th Gen / Series 1,NVIDIA GeForce RTX 4060,Desktop,"27""",,16GB DDR5,1TB NVMe SSD,SSD,Windows 11 Home,1129,994,1129,994,135,12,USD,,InStock,https://www.fnac.com/products/msi-modern-14-intel-core-7,2026-08-28T08:15:27.551208+00:00,2026-08-28
Fnac - FR,France,FR,Fnac - FR,1P Retailer,SKU-FR-0025,"Apple MacBook Pro 16"" M3 Max - AMD Ryzen 9 7945HX (Laptop)",,Apple,"MacBook Pro 16"" M3 Max",AMD,AMD Ryzen 9,AMD Ryzen 9,7945HX,Zen 4 / Dragon Range,Integrated Intel Arc Graphics,Laptop,"16.0""",,32GB LPDDR5X,512GB NVMe SSD,SSD,Windows 11 Home,1176,964,1176,964,212,18,USD,,InStock,https://www.fnac.com/products/apple-macbook-pro-16-m3-max-amd-ryzen-9,2026-08-28T08:15:27.551208+00:00,2026-08-28
Fnac - FR,France,FR,Fnac - FR,1P Retailer,SKU-FR-0026,Dell Latitude 5540 - Snapdragon X Elite X1E-80-100 (Laptop),,Dell,Latitude 5540,Qualcomm,Snapdragon X Elite,Snapdragon X Elite,X1E-80-100,Oryon ARM,Integrated Intel Arc Graphics,Laptop,"14.0""",,16GB DDR5,512GB NVMe SSD,SSD,Windows 11 Home,1223,1223,1223,1223,0,0,USD,,InStock,https://www.fnac.com/products/dell-latitude-5540-snapdragon-x-elite,2026-08-28T08:15:27.551208+00:00,2026-08-28
Fnac - FR,France,FR,Fnac - FR,1P Retailer,SKU-FR-0027,HP EliteBook 840 G10 - Intel Core Ultra 9 185H (Laptop),,HP,EliteBook 840 G10,Intel,Intel Core Ultra 9,Intel Core Ultra 9,185H,14th Gen / Meteor Lake,NVIDIA GeForce RTX 4060,Laptop,"16.0""",,32GB LPDDR5X,1TB NVMe SSD,SSD,Windows 11 Home,1270,1118,1270,1118,152,12,USD,,InStock,https://www.fnac.com/products/hp-elitebook-840-g10-intel-core-ultra-9,2026-08-28T08:15:27.551208+00:00,2026-08-28
Fnac - FR,France,FR,Fnac - FR,1P Retailer,SKU-FR-0028,Lenovo ThinkPad X1 Carbon Gen 12 - Intel Core i9 14900HX (Laptop),,Lenovo,ThinkPad X1 Carbon Gen 12,Intel,Intel Core i9,Intel Core i9,14900HX,14th Gen / Raptor Lake-HX,Integrated Intel Arc Graphics,Laptop,"14.0""",,16GB DDR5,512GB NVMe SSD,SSD,Windows 11 Home,1317,1317,1317,1317,0,0,USD,,InStock,https://www.fnac.com/products/lenovo-thinkpad-x1-carbon-gen-12-intel-core-i9,2026-08-28T08:15:27.551208+00:00,2026-08-28
Fnac - FR,France,FR,Fnac - FR,1P Retailer,SKU-FR-0029,ASUS Zenbook 14 OLED - AMD Ryzen 5 7520U (Laptop),,ASUS,Zenbook 14 OLED,AMD,AMD Ryzen 5,AMD Ryzen 5,7520U,Zen 2 / Mendocino,Integrated Intel Arc Graphics,Laptop,"16.0""",,32GB LPDDR5X,512GB NVMe SSD,SSD,Windows 11 Home,1364,1364,1364,1364,0,0,USD,,InStock,https://www.fnac.com/products/asus-zenbook-14-oled-amd-ryzen-5,2026-08-28T08:15:27.551208+00:00,2026-08-28
Boulanger - FR,France,FR,Boulanger - FR,1P Retailer,SKU-FR-0001,MSI Stealth 16 AI Studio - AMD Ryzen 7 7840HS (Laptop),,MSI,Stealth 16 AI Studio,AMD,AMD Ryzen 7,AMD Ryzen 7,7840HS,Zen 4 / Phoenix,Integrated Intel Arc Graphics,Laptop,"16.0""",,32GB LPDDR5X,512GB NVMe SSD,SSD,Windows 11 Home,2337,2337,2337,2337,0,0,USD,,InStock,https://www.boulanger.com/products/msi-stealth-16-ai-studio-amd-ryzen-7,2026-08-28T08:15:27.551208+00:00,2026-08-28
Boulanger - FR,France,FR,Boulanger - FR,1P Retailer,SKU-FR-0002,"Apple MacBook Air 13"" M3 - Apple M3 Pro M3 Pro (Laptop)",,Apple,"MacBook Air 13"" M3",Apple,Apple M3 Pro,Apple M3 Pro,M3 Pro,3nm Apple Silicon,Integrated Intel Arc Graphics,Laptop,"14.0""",,16GB DDR5,512GB NVMe SSD,SSD,Windows 11 Home,2384,2384,2384,2384,0,0,USD,,InStock,https://www.boulanger.com/products/apple-macbook-air-13-m3-apple-m3-pro,2026-08-28T08:15:27.551208+00:00,2026-08-28
Boulanger - FR,France,FR,Boulanger - FR,1P Retailer,SKU-FR-0003,Dell Inspiron 16 Plus (7640) - Intel Core Ultra 7 155H (Laptop),,Dell,Inspiron 16 Plus (7640),Intel,Intel Core Ultra 7,Intel Core Ultra 7,155H,14th Gen / Meteor Lake,NVIDIA GeForce RTX 4060,Laptop,"16.0""",,32GB LPDDR5X,1TB NVMe SSD,SSD,Windows 11 Home,2431,2139,2431,2139,292,12,USD,,InStock,https://www.boulanger.com/products/dell-inspiron-16-plus-7640--intel-core-ultra-7,2026-08-28T08:15:27.551208+00:00,2026-08-28
Boulanger - FR,France,FR,Boulanger - FR,1P Retailer,SKU-FR-0004,HP OMEN 16 Transcend - Intel Core i7 13700H (Laptop),,HP,OMEN 16 Transcend,Intel,Intel Core i7,Intel Core i7,13700H,13th Gen / Raptor Lake,Integrated Intel Arc Graphics,Laptop,"14.0""",,16GB DDR5,512GB NVMe SSD,SSD,Windows 11 Home,2478,2478,2478,2478,0,0,USD,,InStock,https://www.boulanger.com/products/hp-omen-16-transcend-intel-core-i7,2026-08-28T08:15:27.551208+00:00,2026-08-28
Boulanger - FR,France,FR,Boulanger - FR,1P Retailer,SKU-FR-0005,Lenovo ThinkBook 16 Gen 6 - Intel Core 7 150U (Laptop),,Lenovo,ThinkBook 16 Gen 6,Intel,Intel Core 7,Intel Core 7,150U,14th Gen / Series 1,Integrated Intel Arc Graphics,Laptop,"16.0""",,32GB LPDDR5X,512GB NVMe SSD,SSD,Windows 11 Home,2525,2070,2525,2070,455,18,USD,,InStock,https://www.boulanger.com/products/lenovo-thinkbook-16-gen-6-intel-core-7,2026-08-28T08:15:27.551208+00:00,2026-08-28
Boulanger - FR,France,FR,Boulanger - FR,1P Retailer,SKU-FR-0006,ASUS ExpertBook B9 - AMD Ryzen 9 7945HX (Desktop PC),,ASUS,ExpertBook B9,AMD,AMD Ryzen 9,AMD Ryzen 9,7945HX,Zen 4 / Dragon Range,NVIDIA GeForce RTX 4060,Desktop,"27""",,16GB DDR5,1TB NVMe SSD,SSD,Windows 11 Home,2572,2263,2572,2263,309,12,USD,,InStock,https://www.boulanger.com/products/asus-expertbook-b9-amd-ryzen-9,2026-08-28T08:15:27.551208+00:00,2026-08-28
Boulanger - FR,France,FR,Boulanger - FR,1P Retailer,SKU-FR-0007,Acer Swift Go 14 AI - Snapdragon X Elite X1E-80-100 (Laptop),,Acer,Swift Go 14 AI,Qualcomm,Snapdragon X Elite,Snapdragon X Elite,X1E-80-100,Oryon ARM,Integrated Intel Arc Graphics,Laptop,"16.0""",,32GB LPDDR5X,512GB NVMe SSD,SSD,Windows 11 Home,2619,2619,2619,2619,0,0,USD,,InStock,https://www.boulanger.com/products/acer-swift-go-14-ai-snapdragon-x-elite,2026-08-28T08:15:27.551208+00:00,2026-08-28
Boulanger - FR,France,FR,Boulanger - FR,1P Retailer,SKU-FR-0008,Samsung Galaxy Book4 360 - Intel Core Ultra 9 185H (Laptop),,Samsung,Galaxy Book4 360,Intel,Intel Core Ultra 9,Intel Core Ultra 9,185H,14th Gen / Meteor Lake,Integrated Intel Arc Graphics,Laptop,"14.0""",,16GB DDR5,512GB NVMe SSD,SSD,Windows 11 Home,2666,2666,2666,2666,0,0,USD,,InStock,https://www.boulanger.com/products/samsung-galaxy-book4-360-intel-core-ultra-9,2026-08-28T08:15:27.551208+00:00,2026-08-28
Boulanger - FR,France,FR,Boulanger - FR,1P Retailer,SKU-FR-0009,MSI Modern 14 - Intel Core i9 14900HX (Laptop),,MSI,Modern 14,Intel,Intel Core i9,Intel Core i9,14900HX,14th Gen / Raptor Lake-HX,NVIDIA GeForce RTX 4060,Laptop,"16.0""",,32GB LPDDR5X,1TB NVMe SSD,SSD,Windows 11 Home,2713,2387,2713,2387,326,12,USD,,InStock,https://www.boulanger.com/products/msi-modern-14-intel-core-i9,2026-08-28T08:15:27.551208+00:00,2026-08-28
Boulanger - FR,France,FR,Boulanger - FR,1P Retailer,SKU-FR-0010,"Apple MacBook Air 13"" M3 - AMD Ryzen 5 7520U (Laptop)",,Apple,"MacBook Air 13"" M3",AMD,AMD Ryzen 5,AMD Ryzen 5,7520U,Zen 2 / Mendocino,Integrated Intel Arc Graphics,Laptop,"14.0""",,16GB DDR5,512GB NVMe SSD,SSD,Windows 11 Home,2760,2263,2760,2263,497,18,USD,,InStock,https://www.boulanger.com/products/apple-macbook-air-13-m3-amd-ryzen-5,2026-08-28T08:15:27.551208+00:00,2026-08-28
Boulanger - FR,France,FR,Boulanger - FR,1P Retailer,,Dell Alienware m16 R2 - Apple M3 M3 (Laptop),,Dell,Alienware m16 R2,Apple,Apple M3,Apple M3,M3,3nm Apple Silicon,Integrated Intel Arc Graphics,Laptop,"16.0""",,32GB LPDDR5X,512GB NVMe SSD,SSD,Windows 11 Home,607,607,607,607,0,0,USD,,InStock,https://www.boulanger.com/products/dell-alienware-m16-r2-apple-m3,2026-08-28T08:15:27.551208+00:00,2026-08-28
Boulanger - FR,France,FR,Boulanger - FR,1P Retailer,SKU-FR-0012,HP Victus 15 - Intel Core Ultra 5 125H (Desktop PC),,HP,Victus 15,Intel,Intel Core Ultra 5,Intel Core Ultra 5,125H,14th Gen / Meteor Lake,NVIDIA GeForce RTX 4060,Desktop,"27""",,16GB DDR5,1TB NVMe SSD,SSD,Windows 11 Home,654,576,654,576,78,12,USD,,InStock,https://www.boulanger.com/products/hp-victus-15-intel-core-ultra-5,2026-08-28T08:15:27.551208+00:00,2026-08-28
Boulanger - FR,France,FR,Boulanger - FR,1P Retailer,SKU-FR-0013,Lenovo LOQ 15IRX9 - Intel Core i5 1335U (Laptop),,Lenovo,LOQ 15IRX9,Intel,Intel Core i5,Intel Core i5,1335U,13th Gen / Raptor Lake,Integrated Intel Arc Graphics,Laptop,"16.0""",,32GB LPDDR5X,512GB NVMe SSD,SSD,Windows 11 Home,701,701,701,701,0,0,USD,,InStock,https://www.boulanger.com/products/lenovo-loq-15irx9-intel-core-i5,2026-08-28T08:15:27.551208+00:00,2026-08-28
Boulanger - FR,France,FR,Boulanger - FR,1P Retailer,SKU-FR-0014,ASUS Zenbook Duo (2024) - AMD Ryzen 7 7840HS (Laptop),,ASUS,Zenbook Duo (2024),AMD,AMD Ryzen 7,AMD Ryzen 7,7840HS,Zen 4 / Phoenix,Integrated Intel Arc Graphics,Laptop,"14.0""",,16GB DDR5,512GB NVMe SSD,SSD,Windows 11 Home,748,748,748,748,0,0,USD,,InStock,https://www.boulanger.com/products/asus-zenbook-duo-2024--amd-ryzen-7,2026-08-28T08:15:27.551208+00:00,2026-08-28
Boulanger - FR,France,FR,Boulanger - FR,1P Retailer,SKU-FR-0015,Acer Swift X 14 - Apple M3 Pro M3 Pro (Laptop),,Acer,Swift X 14,Apple,Apple M3 Pro,Apple M3 Pro,M3 Pro,3nm Apple Silicon,NVIDIA GeForce RTX 4060,Laptop,"16.0""",,32GB LPDDR5X,1TB NVMe SSD,SSD,Windows 11 Home,795,700,795,700,95,12,USD,,InStock,https://www.boulanger.com/products/acer-swift-x-14-apple-m3-pro,2026-08-28T08:15:27.551208+00:00,2026-08-28
Boulanger - FR,France,FR,Boulanger - FR,1P Retailer,SKU-FR-0016,Samsung Galaxy Book4 Ultra - Intel Core Ultra 7 155H (Laptop),,Samsung,Galaxy Book4 Ultra,Intel,Intel Core Ultra 7,Intel Core Ultra 7,155H,14th Gen / Meteor Lake,Integrated Intel Arc Graphics,Laptop,"14.0""",,16GB DDR5,512GB NVMe SSD,SSD,Windows 11 Home,842,842,842,842,0,0,USD,,InStock,https://www.boulanger.com/products/samsung-galaxy-book4-ultra-intel-core-ultra-7,2026-08-28T08:15:27.551208+00:00,2026-08-28
Boulanger - FR,France,FR,Boulanger - FR,1P Retailer,SKU-FR-0017,MSI Raider GE78 HX - Intel Core i7 13700H (Laptop),,MSI,Raider GE78 HX,Intel,Intel Core i7,Intel Core i7,13700H,13th Gen / Raptor Lake,Integrated Intel Arc Graphics,Laptop,"16.0""",,32GB LPDDR5X,512GB NVMe SSD,SSD,Windows 11 Home,889,889,889,889,0,0,USD,,InStock,https://www.boulanger.com/products/msi-raider-ge78-hx-intel-core-i7,2026-08-28T08:15:27.551208+00:00,2026-08-28
Boulanger - FR,France,FR,Boulanger - FR,1P Retailer,SKU-FR-0018,"Apple MacBook Air 13"" M3 - Intel Core 7 150U (Desktop PC)",,Apple,"MacBook Air 13"" M3",Intel,Intel Core 7,Intel Core 7,150U,14th Gen / Series 1,NVIDIA GeForce RTX 4060,Desktop,"27""",,16GB DDR5,1TB NVMe SSD,SSD,Windows 11 Home,936,824,936,824,112,12,USD,,InStock,https://www.boulanger.com/products/apple-macbook-air-13-m3-intel-core-7,2026-08-28T08:15:27.551208+00:00,2026-08-28
Boulanger - FR,France,FR,Boulanger - FR,1P Retailer,SKU-FR-0019,Dell Latitude 5540 - AMD Ryzen 9 7945HX (Laptop),,Dell,Latitude 5540,AMD,AMD Ryzen 9,AMD Ryzen 9,7945HX,Zen 4 / Dragon Range,Integrated Intel Arc Graphics,Laptop,"16.0""",,32GB LPDDR5X,512GB NVMe SSD,SSD,Windows 11 Home,983,983,983,983,0,0,USD,,InStock,https://www.boulanger.com/products/dell-latitude-5540-amd-ryzen-9,2026-08-28T08:15:27.551208+00:00,2026-08-28
Boulanger - FR,France,FR,Boulanger - FR,1P Retailer,SKU-FR-0020,HP EliteBook 840 G10 - Snapdragon X Elite X1E-80-100 (Laptop),,HP,EliteBook 840 G10,Qualcomm,Snapdragon X Elite,Snapdragon X Elite,X1E-80-100,Oryon ARM,Integrated Intel Arc Graphics,Laptop,"14.0""",,16GB DDR5,512GB NVMe SSD,SSD,Windows 11 Home,1030,845,1030,845,185,18,USD,,InStock,https://www.boulanger.com/products/hp-elitebook-840-g10-snapdragon-x-elite,2026-08-28T08:15:27.551208+00:00,2026-08-28
Boulanger - FR,France,FR,Boulanger - FR,1P Retailer,SKU-FR-0021,Lenovo ThinkPad X1 Carbon Gen 12 - Intel Core Ultra 9 185H (Laptop),,Lenovo,ThinkPad X1 Carbon Gen 12,Intel,Intel Core Ultra 9,Intel Core Ultra 9,185H,14th Gen / Meteor Lake,NVIDIA GeForce RTX 4060,Laptop,"16.0""",,32GB LPDDR5X,1TB NVMe SSD,SSD,Windows 11 Home,1077,948,1077,948,129,12,USD,,InStock,https://www.boulanger.com/products/lenovo-thinkpad-x1-carbon-gen-12-intel-core-ultra-9,2026-08-28T08:15:27.551208+00:00,2026-08-28
Boulanger - FR,France,FR,Boulanger - FR,1P Retailer,,ASUS Zenbook 14 OLED - Intel Core i9 14900HX (Laptop),,ASUS,Zenbook 14 OLED,Intel,Intel Core i9,Intel Core i9,14900HX,14th Gen / Raptor Lake-HX,Integrated Intel Arc Graphics,Laptop,"14.0""",,16GB DDR5,512GB NVMe SSD,SSD,Windows 11 Home,1124,1124,1124,1124,0,0,USD,,InStock,https://www.boulanger.com/products/asus-zenbook-14-oled-intel-core-i9,2026-08-28T08:15:27.551208+00:00,2026-08-28
Boulanger - FR,France,FR,Boulanger - FR,1P Retailer,SKU-FR-0023,Acer Aspire 5 - AMD Ryzen 5 7520U (Laptop),,Acer,Aspire 5,AMD,AMD Ryzen 5,AMD Ryzen 5,7520U,Zen 2 / Mendocino,Integrated Intel Arc Graphics,Laptop,"16.0""",,32GB LPDDR5X,512GB NVMe SSD,SSD,Windows 11 Home,1171,1171,1171,1171,0,0,USD,,InStock,https://www.boulanger.com/products/acer-aspire-5-amd-ryzen-5,2026-08-28T08:15:27.551208+00:00,2026-08-28
Boulanger - FR,France,FR,Boulanger - FR,1P Retailer,SKU-FR-0024,Samsung Galaxy Book4 Pro - Apple M3 M3 (Desktop PC),,Samsung,Galaxy Book4 Pro,Apple,Apple M3,Apple M3,M3,3nm Apple Silicon,NVIDIA GeForce RTX 4060,Desktop,"27""",,16GB DDR5,1TB NVMe SSD,SSD,Windows 11 Home,1218,1072,1218,1072,146,12,USD,,InStock,https://www.boulanger.com/products/samsung-galaxy-book4-pro-apple-m3,2026-08-28T08:15:27.551208+00:00,2026-08-28
Boulanger - FR,France,FR,Boulanger - FR,1P Retailer,SKU-FR-0025,MSI Prestige 16 AI Evo - Intel Core Ultra 5 125H (Laptop),,MSI,Prestige 16 AI Evo,Intel,Intel Core Ultra 5,Intel Core Ultra 5,125H,14th Gen / Meteor Lake,Integrated Intel Arc Graphics,Laptop,"16.0""",,32GB LPDDR5X,512GB NVMe SSD,SSD,Windows 11 Home,1265,1037,1265,1037,228,18,USD,,InStock,https://www.boulanger.com/products/msi-prestige-16-ai-evo-intel-core-ultra-5,2026-08-28T08:15:27.551208+00:00,2026-08-28
Boulanger - FR,France,FR,Boulanger - FR,1P Retailer,SKU-FR-0026,"Apple MacBook Air 13"" M3 - Intel Core i5 1335U (Laptop)",,Apple,"MacBook Air 13"" M3",Intel,Intel Core i5,Intel Core i5,1335U,13th Gen / Raptor Lake,Integrated Intel Arc Graphics,Laptop,"14.0""",,16GB DDR5,512GB NVMe SSD,SSD,Windows 11 Home,1312,1312,1312,1312,0,0,USD,,InStock,https://www.boulanger.com/products/apple-macbook-air-13-m3-intel-core-i5,2026-08-28T08:15:27.551208+00:00,2026-08-28
Boulanger - FR,France,FR,Boulanger - FR,1P Retailer,SKU-FR-0027,Dell G15 Gaming (5530) - AMD Ryzen 7 7840HS (Laptop),,Dell,G15 Gaming (5530),AMD,AMD Ryzen 7,AMD Ryzen 7,7840HS,Zen 4 / Phoenix,NVIDIA GeForce RTX 4060,Laptop,"16.0""",,32GB LPDDR5X,1TB NVMe SSD,SSD,Windows 11 Home,1359,1196,1359,1196,163,12,USD,,InStock,https://www.boulanger.com/products/dell-g15-gaming-5530--amd-ryzen-7,2026-08-28T08:15:27.551208+00:00,2026-08-28
Boulanger - FR,France,FR,Boulanger - FR,1P Retailer,SKU-FR-0028,HP Spectre x360 14 - Apple M3 Pro M3 Pro (Laptop),,HP,Spectre x360 14,Apple,Apple M3 Pro,Apple M3 Pro,M3 Pro,3nm Apple Silicon,Integrated Intel Arc Graphics,Laptop,"14.0""",,16GB DDR5,512GB NVMe SSD,SSD,Windows 11 Home,1406,1406,1406,1406,0,0,USD,,InStock,https://www.boulanger.com/products/hp-spectre-x360-14-apple-m3-pro,2026-08-28T08:15:27.551208+00:00,2026-08-28
Amazon - IT,Italy,IT,Amazon - IT,3P Marketplace,SKU-IT-0001,Samsung Galaxy Book4 Ultra - Snapdragon X Elite X1E-80-100 (Laptop),,Samsung,Galaxy Book4 Ultra,Qualcomm,Snapdragon X Elite,Snapdragon X Elite,X1E-80-100,Oryon ARM,Integrated Intel Arc Graphics,Laptop,"16.0""",,32GB LPDDR5X,512GB NVMe SSD,SSD,Windows 11 Home,2426,2426,2426,2426,0,0,USD,,InStock,https://www.amazon.it/products/samsung-galaxy-book4-ultra-snapdragon-x-elite,2026-08-28T08:15:27.551208+00:00,2026-08-28
Amazon - IT,Italy,IT,Amazon - IT,3P Marketplace,SKU-IT-0002,MSI Raider GE78 HX - Intel Core Ultra 9 185H (Laptop),,MSI,Raider GE78 HX,Intel,Intel Core Ultra 9,Intel Core Ultra 9,185H,14th Gen / Meteor Lake,Integrated Intel Arc Graphics,Laptop,"14.0""",,16GB DDR5,512GB NVMe SSD,SSD,Windows 11 Home,2473,2473,2473,2473,0,0,USD,,InStock,https://www.amazon.it/products/msi-raider-ge78-hx-intel-core-ultra-9,2026-08-28T08:15:27.551208+00:00,2026-08-28
Amazon - IT,Italy,IT,Amazon - IT,3P Marketplace,SKU-IT-0003,"Apple MacBook Air 15"" M3 - Intel Core i9 14900HX (Laptop)",,Apple,"MacBook Air 15"" M3",Intel,Intel Core i9,Intel Core i9,14900HX,14th Gen / Raptor Lake-HX,NVIDIA GeForce RTX 4060,Laptop,"16.0""",,32GB LPDDR5X,1TB NVMe SSD,SSD,Windows 11 Home,2520,2218,2520,2218,302,12,USD,,InStock,https://www.amazon.it/products/apple-macbook-air-15-m3-intel-core-i9,2026-08-28T08:15:27.551208+00:00,2026-08-28
Amazon - IT,Italy,IT,Amazon - IT,3P Marketplace,SKU-IT-0004,Dell Alienware m16 R2 - AMD Ryzen 5 7520U (Laptop),,Dell,Alienware m16 R2,AMD,AMD Ryzen 5,AMD Ryzen 5,7520U,Zen 2 / Mendocino,Integrated Intel Arc Graphics,Laptop,"14.0""",,16GB DDR5,512GB NVMe SSD,SSD,Windows 11 Home,2567,2567,2567,2567,0,0,USD,,InStock,https://www.amazon.it/products/dell-alienware-m16-r2-amd-ryzen-5,2026-08-28T08:15:27.551208+00:00,2026-08-28
Amazon - IT,Italy,IT,Amazon - IT,3P Marketplace,SKU-IT-0005,HP Victus 15 - Apple M3 M3 (Laptop),,HP,Victus 15,Apple,Apple M3,Apple M3,M3,3nm Apple Silicon,Integrated Intel Arc Graphics,Laptop,"16.0""",,32GB LPDDR5X,512GB NVMe SSD,SSD,Windows 11 Home,2614,2143,2614,2143,471,18,USD,,InStock,https://www.amazon.it/products/hp-victus-15-apple-m3,2026-08-28T08:15:27.551208+00:00,2026-08-28
Amazon - IT,Italy,IT,Amazon - IT,3P Marketplace,SKU-IT-0006,Lenovo LOQ 15IRX9 - Intel Core Ultra 5 125H (Desktop PC),,Lenovo,LOQ 15IRX9,Intel,Intel Core Ultra 5,Intel Core Ultra 5,125H,14th Gen / Meteor Lake,NVIDIA GeForce RTX 4060,Desktop,"27""",,16GB DDR5,1TB NVMe SSD,SSD,Windows 11 Home,2661,2342,2661,2342,319,12,USD,,InStock,https://www.amazon.it/products/lenovo-loq-15irx9-intel-core-ultra-5,2026-08-28T08:15:27.551208+00:00,2026-08-28
Amazon - IT,Italy,IT,Amazon - IT,3P Marketplace,SKU-IT-0007,ASUS Zenbook Duo (2024) - Intel Core i5 1335U (Laptop),,ASUS,Zenbook Duo (2024),Intel,Intel Core i5,Intel Core i5,1335U,13th Gen / Raptor Lake,Integrated Intel Arc Graphics,Laptop,"16.0""",,32GB LPDDR5X,512GB NVMe SSD,SSD,Windows 11 Home,2708,2708,2708,2708,0,0,USD,,InStock,https://www.amazon.it/products/asus-zenbook-duo-2024--intel-core-i5,2026-08-28T08:15:27.551208+00:00,2026-08-28
Amazon - IT,Italy,IT,Amazon - IT,3P Marketplace,SKU-IT-0008,Acer Swift X 14 - AMD Ryzen 7 7840HS (Laptop),,Acer,Swift X 14,AMD,AMD Ryzen 7,AMD Ryzen 7,7840HS,Zen 4 / Phoenix,Integrated Intel Arc Graphics,Laptop,"14.0""",,16GB DDR5,512GB NVMe SSD,SSD,Windows 11 Home,2755,2755,2755,2755,0,0,USD,,InStock,https://www.amazon.it/products/acer-swift-x-14-amd-ryzen-7,2026-08-28T08:15:27.551208+00:00,2026-08-28
Amazon - IT,Italy,IT,Amazon - IT,3P Marketplace,SKU-IT-0009,Samsung Galaxy Book4 Pro - Apple M3 Pro M3 Pro (Laptop),,Samsung,Galaxy Book4 Pro,Apple,Apple M3 Pro,Apple M3 Pro,M3 Pro,3nm Apple Silicon,NVIDIA GeForce RTX 4060,Laptop,"16.0""",,32GB LPDDR5X,1TB NVMe SSD,SSD,Windows 11 Home,602,530,602,530,72,12,USD,,InStock,https://www.amazon.it/products/samsung-galaxy-book4-pro-apple-m3-pro,2026-08-28T08:15:27.551208+00:00,2026-08-28
Amazon - IT,Italy,IT,Amazon - IT,3P Marketplace,SKU-IT-0010,MSI Prestige 16 AI Evo - Intel Core Ultra 7 155H (Laptop),,MSI,Prestige 16 AI Evo,Intel,Intel Core Ultra 7,Intel Core Ultra 7,155H,14th Gen / Meteor Lake,Integrated Intel Arc Graphics,Laptop,"14.0""",,16GB DDR5,512GB NVMe SSD,SSD,Windows 11 Home,649,532,649,532,117,18,USD,,InStock,https://www.amazon.it/products/msi-prestige-16-ai-evo-intel-core-ultra-7,2026-08-28T08:15:27.551208+00:00,2026-08-28
Amazon - IT,Italy,IT,Amazon - IT,3P Marketplace,,"Apple MacBook Air 15"" M3 - Intel Core i7 13700H (Laptop)",,Apple,"MacBook Air 15"" M3",Intel,Intel Core i7,Intel Core i7,13700H,13th Gen / Raptor Lake,Integrated Intel Arc Graphics,Laptop,"16.0""",,32GB LPDDR5X,512GB NVMe SSD,SSD,Windows 11 Home,696,696,696,696,0,0,USD,,InStock,https://www.amazon.it/products/apple-macbook-air-15-m3-intel-core-i7,2026-08-28T08:15:27.551208+00:00,2026-08-28
Amazon - IT,Italy,IT,Amazon - IT,3P Marketplace,SKU-IT-0012,Dell Latitude 5540 - Intel Core 7 150U (Desktop PC),,Dell,Latitude 5540,Intel,Intel Core 7,Intel Core 7,150U,14th Gen / Series 1,NVIDIA GeForce RTX 4060,Desktop,"27""",,16GB DDR5,1TB NVMe SSD,SSD,Windows 11 Home,743,654,743,654,89,12,USD,,InStock,https://www.amazon.it/products/dell-latitude-5540-intel-core-7,2026-08-28T08:15:27.551208+00:00,2026-08-28
Amazon - IT,Italy,IT,Amazon - IT,3P Marketplace,SKU-IT-0013,HP EliteBook 840 G10 - AMD Ryzen 9 7945HX (Laptop),,HP,EliteBook 840 G10,AMD,AMD Ryzen 9,AMD Ryzen 9,7945HX,Zen 4 / Dragon Range,Integrated Intel Arc Graphics,Laptop,"16.0""",,32GB LPDDR5X,512GB NVMe SSD,SSD,Windows 11 Home,790,790,790,790,0,0,USD,,InStock,https://www.amazon.it/products/hp-elitebook-840-g10-amd-ryzen-9,2026-08-28T08:15:27.551208+00:00,2026-08-28
Amazon - IT,Italy,IT,Amazon - IT,3P Marketplace,SKU-IT-0014,Lenovo ThinkPad X1 Carbon Gen 12 - Snapdragon X Elite X1E-80-100 (Laptop),,Lenovo,ThinkPad X1 Carbon Gen 12,Qualcomm,Snapdragon X Elite,Snapdragon X Elite,X1E-80-100,Oryon ARM,Integrated Intel Arc Graphics,Laptop,"14.0""",,16GB DDR5,512GB NVMe SSD,SSD,Windows 11 Home,837,837,837,837,0,0,USD,,InStock,https://www.amazon.it/products/lenovo-thinkpad-x1-carbon-gen-12-snapdragon-x-elite,2026-08-28T08:15:27.551208+00:00,2026-08-28
Amazon - IT,Italy,IT,Amazon - IT,3P Marketplace,SKU-IT-0015,ASUS Zenbook 14 OLED - Intel Core Ultra 9 185H (Laptop),,ASUS,Zenbook 14 OLED,Intel,Intel Core Ultra 9,Intel Core Ultra 9,185H,14th Gen / Meteor Lake,NVIDIA GeForce RTX 4060,Laptop,"16.0""",,32GB LPDDR5X,1TB NVMe SSD,SSD,Windows 11 Home,884,778,884,778,106,12,USD,,InStock,https://www.amazon.it/products/asus-zenbook-14-oled-intel-core-ultra-9,2026-08-28T08:15:27.551208+00:00,2026-08-28
Amazon - IT,Italy,IT,Amazon - IT,3P Marketplace,SKU-IT-0016,Acer Aspire 5 - Intel Core i9 14900HX (Laptop),,Acer,Aspire 5,Intel,Intel Core i9,Intel Core i9,14900HX,14th Gen / Raptor Lake-HX,Integrated Intel Arc Graphics,Laptop,"14.0""",,16GB DDR5,512GB NVMe SSD,SSD,Windows 11 Home,931,931,931,931,0,0,USD,,InStock,https://www.amazon.it/products/acer-aspire-5-intel-core-i9,2026-08-28T08:15:27.551208+00:00,2026-08-28
Amazon - IT,Italy,IT,Amazon - IT,3P Marketplace,SKU-IT-0017,Samsung Galaxy Book4 360 - AMD Ryzen 5 7520U (Laptop),,Samsung,Galaxy Book4 360,AMD,AMD Ryzen 5,AMD Ryzen 5,7520U,Zen 2 / Mendocino,Integrated Intel Arc Graphics,Laptop,"16.0""",,32GB LPDDR5X,512GB NVMe SSD,SSD,Windows 11 Home,978,978,978,978,0,0,USD,,InStock,https://www.amazon.it/products/samsung-galaxy-book4-360-amd-ryzen-5,2026-08-28T08:15:27.551208+00:00,2026-08-28
Amazon - IT,Italy,IT,Amazon - IT,3P Marketplace,SKU-IT-0018,MSI Cyborg 15 - Apple M3 M3 (Desktop PC),,MSI,Cyborg 15,Apple,Apple M3,Apple M3,M3,3nm Apple Silicon,NVIDIA GeForce RTX 4060,Desktop,"27""",,16GB DDR5,1TB NVMe SSD,SSD,Windows 11 Home,1025,902,1025,902,123,12,USD,,InStock,https://www.amazon.it/products/msi-cyborg-15-apple-m3,2026-08-28T08:15:27.551208+00:00,2026-08-28
Amazon - IT,Italy,IT,Amazon - IT,3P Marketplace,SKU-IT-0019,"Apple MacBook Air 15"" M3 - Intel Core Ultra 5 125H (Laptop)",,Apple,"MacBook Air 15"" M3",Intel,Intel Core Ultra 5,Intel Core Ultra 5,125H,14th Gen / Meteor Lake,Integrated Intel Arc Graphics,Laptop,"16.0""",,32GB LPDDR5X,512GB NVMe SSD,SSD,Windows 11 Home,1072,1072,1072,1072,0,0,USD,,InStock,https://www.amazon.it/products/apple-macbook-air-15-m3-intel-core-ultra-5,2026-08-28T08:15:27.551208+00:00,2026-08-28
Amazon - IT,Italy,IT,Amazon - IT,3P Marketplace,SKU-IT-0020,Dell G15 Gaming (5530) - Intel Core i5 1335U (Laptop),,Dell,G15 Gaming (5530),Intel,Intel Core i5,Intel Core i5,1335U,13th Gen / Raptor Lake,Integrated Intel Arc Graphics,Laptop,"14.0""",,16GB DDR5,512GB NVMe SSD,SSD,Windows 11 Home,1119,918,1119,918,201,18,USD,,InStock,https://www.amazon.it/products/dell-g15-gaming-5530--intel-core-i5,2026-08-28T08:15:27.551208+00:00,2026-08-28
Amazon - IT,Italy,IT,Amazon - IT,3P Marketplace,SKU-IT-0021,HP Spectre x360 14 - AMD Ryzen 7 7840HS (Laptop),,HP,Spectre x360 14,AMD,AMD Ryzen 7,AMD Ryzen 7,7840HS,Zen 4 / Phoenix,NVIDIA GeForce RTX 4060,Laptop,"16.0""",,32GB LPDDR5X,1TB NVMe SSD,SSD,Windows 11 Home,1166,1026,1166,1026,140,12,USD,,InStock,https://www.amazon.it/products/hp-spectre-x360-14-amd-ryzen-7,2026-08-28T08:15:27.551208+00:00,2026-08-28
Amazon - IT,Italy,IT,Amazon - IT,3P Marketplace,,"Lenovo Yoga Pro 9i (16"") - Apple M3 Pro M3 Pro (Laptop)",,Lenovo,"Yoga Pro 9i (16"")",Apple,Apple M3 Pro,Apple M3 Pro,M3 Pro,3nm Apple Silicon,Integrated Intel Arc Graphics,Laptop,"14.0""",,16GB DDR5,512GB NVMe SSD,SSD,Windows 11 Home,1213,1213,1213,1213,0,0,USD,,InStock,https://www.amazon.it/products/lenovo-yoga-pro-9i-16--apple-m3-pro,2026-08-28T08:15:27.551208+00:00,2026-08-28
Amazon - IT,Italy,IT,Amazon - IT,3P Marketplace,SKU-IT-0023,ASUS Vivobook S 15 OLED - Intel Core Ultra 7 155H (Laptop),,ASUS,Vivobook S 15 OLED,Intel,Intel Core Ultra 7,Intel Core Ultra 7,155H,14th Gen / Meteor Lake,Integrated Intel Arc Graphics,Laptop,"16.0""",,32GB LPDDR5X,512GB NVMe SSD,SSD,Windows 11 Home,1260,1260,1260,1260,0,0,USD,,InStock,https://www.amazon.it/products/asus-vivobook-s-15-oled-intel-core-ultra-7,2026-08-28T08:15:27.551208+00:00,2026-08-28
Amazon - IT,Italy,IT,Amazon - IT,3P Marketplace,SKU-IT-0024,Acer Predator Helios 16 - Intel Core i7 13700H (Desktop PC),,Acer,Predator Helios 16,Intel,Intel Core i7,Intel Core i7,13700H,13th Gen / Raptor Lake,NVIDIA GeForce RTX 4060,Desktop,"27""",,16GB DDR5,1TB NVMe SSD,SSD,Windows 11 Home,1307,1150,1307,1150,157,12,USD,,InStock,https://www.amazon.it/products/acer-predator-helios-16-intel-core-i7,2026-08-28T08:15:27.551208+00:00,2026-08-28
Amazon - IT,Italy,IT,Amazon - IT,3P Marketplace,SKU-IT-0025,Samsung Galaxy Book4 Ultra - Intel Core 7 150U (Laptop),,Samsung,Galaxy Book4 Ultra,Intel,Intel Core 7,Intel Core 7,150U,14th Gen / Series 1,Integrated Intel Arc Graphics,Laptop,"16.0""",,32GB LPDDR5X,512GB NVMe SSD,SSD,Windows 11 Home,1354,1110,1354,1110,244,18,USD,,InStock,https://www.amazon.it/products/samsung-galaxy-book4-ultra-intel-core-7,2026-08-28T08:15:27.551208+00:00,2026-08-28
Amazon - IT,Italy,IT,Amazon - IT,3P Marketplace,SKU-IT-0026,MSI Stealth 16 AI Studio - AMD Ryzen 9 7945HX (Laptop),,MSI,Stealth 16 AI Studio,AMD,AMD Ryzen 9,AMD Ryzen 9,7945HX,Zen 4 / Dragon Range,Integrated Intel Arc Graphics,Laptop,"14.0""",,16GB DDR5,512GB NVMe SSD,SSD,Windows 11 Home,1401,1401,1401,1401,0,0,USD,,InStock,https://www.amazon.it/products/msi-stealth-16-ai-studio-amd-ryzen-9,2026-08-28T08:15:27.551208+00:00,2026-08-28
Amazon - IT,Italy,IT,Amazon - IT,3P Marketplace,SKU-IT-0027,"Apple MacBook Air 15"" M3 - Snapdragon X Elite X1E-80-100 (Laptop)",,Apple,"MacBook Air 15"" M3",Qualcomm,Snapdragon X Elite,Snapdragon X Elite,X1E-80-100,Oryon ARM,NVIDIA GeForce RTX 4060,Laptop,"16.0""",,32GB LPDDR5X,1TB NVMe SSD,SSD,Windows 11 Home,1448,1274,1448,1274,174,12,USD,,InStock,https://www.amazon.it/products/apple-macbook-air-15-m3-snapdragon-x-elite,2026-08-28T08:15:27.551208+00:00,2026-08-28
Amazon - IT,Italy,IT,Amazon - IT,3P Marketplace,SKU-IT-0028,Dell XPS 14 (9440) - Intel Core Ultra 9 185H (Laptop),,Dell,XPS 14 (9440),Intel,Intel Core Ultra 9,Intel Core Ultra 9,185H,14th Gen / Meteor Lake,Integrated Intel Arc Graphics,Laptop,"14.0""",,16GB DDR5,512GB NVMe SSD,SSD,Windows 11 Home,1495,1495,1495,1495,0,0,USD,,InStock,https://www.amazon.it/products/dell-xps-14-9440--intel-core-ultra-9,2026-08-28T08:15:27.551208+00:00,2026-08-28
Amazon - IT,Italy,IT,Amazon - IT,3P Marketplace,SKU-IT-0029,HP Spectre x360 16 - Intel Core i9 14900HX (Laptop),,HP,Spectre x360 16,Intel,Intel Core i9,Intel Core i9,14900HX,14th Gen / Raptor Lake-HX,Integrated Intel Arc Graphics,Laptop,"16.0""",,32GB LPDDR5X,512GB NVMe SSD,SSD,Windows 11 Home,1542,1542,1542,1542,0,0,USD,,InStock,https://www.amazon.it/products/hp-spectre-x360-16-intel-core-i9,2026-08-28T08:15:27.551208+00:00,2026-08-28
Amazon - IT,Italy,IT,Amazon - IT,3P Marketplace,SKU-IT-0030,Lenovo Yoga 7i 2-in-1 - AMD Ryzen 5 7520U (Desktop PC),,Lenovo,Yoga 7i 2-in-1,AMD,AMD Ryzen 5,AMD Ryzen 5,7520U,Zen 2 / Mendocino,NVIDIA GeForce RTX 4060,Desktop,"27""",,16GB DDR5,1TB NVMe SSD,SSD,Windows 11 Home,1589,1398,1589,1398,191,12,USD,,InStock,https://www.amazon.it/products/lenovo-yoga-7i-2-in-1-amd-ryzen-5,2026-08-28T08:15:27.551208+00:00,2026-08-28
MediaWorld - IT,Italy,IT,MediaWorld - IT,1P Retailer,SKU-IT-0001,Acer Swift X 14 - Intel Core i5 1335U (Laptop),,Acer,Swift X 14,Intel,Intel Core i5,Intel Core i5,1335U,13th Gen / Raptor Lake,Integrated Intel Arc Graphics,Laptop,"16.0""",,32GB LPDDR5X,512GB NVMe SSD,SSD,Windows 11 Home,2515,2515,2515,2515,0,0,USD,,InStock,https://www.mediaworld.it/products/acer-swift-x-14-intel-core-i5,2026-08-28T08:15:27.551208+00:00,2026-08-28
MediaWorld - IT,Italy,IT,MediaWorld - IT,1P Retailer,SKU-IT-0002,Samsung Galaxy Book4 360 - AMD Ryzen 7 7840HS (Laptop),,Samsung,Galaxy Book4 360,AMD,AMD Ryzen 7,AMD Ryzen 7,7840HS,Zen 4 / Phoenix,Integrated Intel Arc Graphics,Laptop,"14.0""",,16GB DDR5,512GB NVMe SSD,SSD,Windows 11 Home,2562,2562,2562,2562,0,0,USD,,InStock,https://www.mediaworld.it/products/samsung-galaxy-book4-360-amd-ryzen-7,2026-08-28T08:15:27.551208+00:00,2026-08-28
MediaWorld - IT,Italy,IT,MediaWorld - IT,1P Retailer,SKU-IT-0003,MSI Cyborg 15 - Apple M3 Pro M3 Pro (Laptop),,MSI,Cyborg 15,Apple,Apple M3 Pro,Apple M3 Pro,M3 Pro,3nm Apple Silicon,NVIDIA GeForce RTX 4060,Laptop,"16.0""",,32GB LPDDR5X,1TB NVMe SSD,SSD,Windows 11 Home,2609,2296,2609,2296,313,12,USD,,InStock,https://www.mediaworld.it/products/msi-cyborg-15-apple-m3-pro,2026-08-28T08:15:27.551208+00:00,2026-08-28
MediaWorld - IT,Italy,IT,MediaWorld - IT,1P Retailer,SKU-IT-0004,"Apple MacBook Pro 14"" M3 - Intel Core Ultra 7 155H (Laptop)",,Apple,"MacBook Pro 14"" M3",Intel,Intel Core Ultra 7,Intel Core Ultra 7,155H,14th Gen / Meteor Lake,Integrated Intel Arc Graphics,Laptop,"14.0""",,16GB DDR5,512GB NVMe SSD,SSD,Windows 11 Home,2656,2656,2656,2656,0,0,USD,,InStock,https://www.mediaworld.it/products/apple-macbook-pro-14-m3-intel-core-ultra-7,2026-08-28T08:15:27.551208+00:00,2026-08-28
MediaWorld - IT,Italy,IT,MediaWorld - IT,1P Retailer,SKU-IT-0005,Dell Latitude 5540 - Intel Core i7 13700H (Laptop),,Dell,Latitude 5540,Intel,Intel Core i7,Intel Core i7,13700H,13th Gen / Raptor Lake,Integrated Intel Arc Graphics,Laptop,"16.0""",,32GB LPDDR5X,512GB NVMe SSD,SSD,Windows 11 Home,2703,2216,2703,2216,487,18,USD,,InStock,https://www.mediaworld.it/products/dell-latitude-5540-intel-core-i7,2026-08-28T08:15:27.551208+00:00,2026-08-28
MediaWorld - IT,Italy,IT,MediaWorld - IT,1P Retailer,SKU-IT-0006,HP EliteBook 840 G10 - Intel Core 7 150U (Desktop PC),,HP,EliteBook 840 G10,Intel,Intel Core 7,Intel Core 7,150U,14th Gen / Series 1,NVIDIA GeForce RTX 4060,Desktop,"27""",,16GB DDR5,1TB NVMe SSD,SSD,Windows 11 Home,2750,2420,2750,2420,330,12,USD,,InStock,https://www.mediaworld.it/products/hp-elitebook-840-g10-intel-core-7,2026-08-28T08:15:27.551208+00:00,2026-08-28
MediaWorld - IT,Italy,IT,MediaWorld - IT,1P Retailer,SKU-IT-0007,Lenovo ThinkPad X1 Carbon Gen 12 - AMD Ryzen 9 7945HX (Laptop),,Lenovo,ThinkPad X1 Carbon Gen 12,AMD,AMD Ryzen 9,AMD Ryzen 9,7945HX,Zen 4 / Dragon Range,Integrated Intel Arc Graphics,Laptop,"16.0""",,32GB LPDDR5X,512GB NVMe SSD,SSD,Windows 11 Home,2797,2797,2797,2797,0,0,USD,,InStock,https://www.mediaworld.it/products/lenovo-thinkpad-x1-carbon-gen-12-amd-ryzen-9,2026-08-28T08:15:27.551208+00:00,2026-08-28
MediaWorld - IT,Italy,IT,MediaWorld - IT,1P Retailer,SKU-IT-0008,ASUS Zenbook 14 OLED - Snapdragon X Elite X1E-80-100 (Laptop),,ASUS,Zenbook 14 OLED,Qualcomm,Snapdragon X Elite,Snapdragon X Elite,X1E-80-100,Oryon ARM,Integrated Intel Arc Graphics,Laptop,"14.0""",,16GB DDR5,512GB NVMe SSD,SSD,Windows 11 Home,644,644,644,644,0,0,USD,,InStock,https://www.mediaworld.it/products/asus-zenbook-14-oled-snapdragon-x-elite,2026-08-28T08:15:27.551208+00:00,2026-08-28
MediaWorld - IT,Italy,IT,MediaWorld - IT,1P Retailer,SKU-IT-0009,Acer Aspire 5 - Intel Core Ultra 9 185H (Laptop),,Acer,Aspire 5,Intel,Intel Core Ultra 9,Intel Core Ultra 9,185H,14th Gen / Meteor Lake,NVIDIA GeForce RTX 4060,Laptop,"16.0""",,32GB LPDDR5X,1TB NVMe SSD,SSD,Windows 11 Home,691,608,691,608,83,12,USD,,InStock,https://www.mediaworld.it/products/acer-aspire-5-intel-core-ultra-9,2026-08-28T08:15:27.551208+00:00,2026-08-28
MediaWorld - IT,Italy,IT,MediaWorld - IT,1P Retailer,SKU-IT-0010,Samsung Galaxy Book4 Ultra - Intel Core i9 14900HX (Laptop),,Samsung,Galaxy Book4 Ultra,Intel,Intel Core i9,Intel Core i9,14900HX,14th Gen / Raptor Lake-HX,Integrated Intel Arc Graphics,Laptop,"14.0""",,16GB DDR5,512GB NVMe SSD,SSD,Windows 11 Home,738,605,738,605,133,18,USD,,InStock,https://www.mediaworld.it/products/samsung-galaxy-book4-ultra-intel-core-i9,2026-08-28T08:15:27.551208+00:00,2026-08-28
MediaWorld - IT,Italy,IT,MediaWorld - IT,1P Retailer,,MSI Stealth 16 AI Studio - AMD Ryzen 5 7520U (Laptop),,MSI,Stealth 16 AI Studio,AMD,AMD Ryzen 5,AMD Ryzen 5,7520U,Zen 2 / Mendocino,Integrated Intel Arc Graphics,Laptop,"16.0""",,32GB LPDDR5X,512GB NVMe SSD,SSD,Windows 11 Home,785,785,785,785,0,0,USD,,InStock,https://www.mediaworld.it/products/msi-stealth-16-ai-studio-amd-ryzen-5,2026-08-28T08:15:27.551208+00:00,2026-08-28
MediaWorld - IT,Italy,IT,MediaWorld - IT,1P Retailer,SKU-IT-0012,"Apple MacBook Pro 14"" M3 - Apple M3 M3 (Desktop PC)",,Apple,"MacBook Pro 14"" M3",Apple,Apple M3,Apple M3,M3,3nm Apple Silicon,NVIDIA GeForce RTX 4060,Desktop,"27""",,16GB DDR5,1TB NVMe SSD,SSD,Windows 11 Home,832,732,832,732,100,12,USD,,InStock,https://www.mediaworld.it/products/apple-macbook-pro-14-m3-apple-m3,2026-08-28T08:15:27.551208+00:00,2026-08-28
MediaWorld - IT,Italy,IT,MediaWorld - IT,1P Retailer,SKU-IT-0013,Dell G15 Gaming (5530) - Intel Core Ultra 5 125H (Laptop),,Dell,G15 Gaming (5530),Intel,Intel Core Ultra 5,Intel Core Ultra 5,125H,14th Gen / Meteor Lake,Integrated Intel Arc Graphics,Laptop,"16.0""",,32GB LPDDR5X,512GB NVMe SSD,SSD,Windows 11 Home,879,879,879,879,0,0,USD,,InStock,https://www.mediaworld.it/products/dell-g15-gaming-5530--intel-core-ultra-5,2026-08-28T08:15:27.551208+00:00,2026-08-28
MediaWorld - IT,Italy,IT,MediaWorld - IT,1P Retailer,SKU-IT-0014,HP Spectre x360 14 - Intel Core i5 1335U (Laptop),,HP,Spectre x360 14,Intel,Intel Core i5,Intel Core i5,1335U,13th Gen / Raptor Lake,Integrated Intel Arc Graphics,Laptop,"14.0""",,16GB DDR5,512GB NVMe SSD,SSD,Windows 11 Home,926,926,926,926,0,0,USD,,InStock,https://www.mediaworld.it/products/hp-spectre-x360-14-intel-core-i5,2026-08-28T08:15:27.551208+00:00,2026-08-28
MediaWorld - IT,Italy,IT,MediaWorld - IT,1P Retailer,SKU-IT-0015,"Lenovo Yoga Pro 9i (16"") - AMD Ryzen 7 7840HS (Laptop)",,Lenovo,"Yoga Pro 9i (16"")",AMD,AMD Ryzen 7,AMD Ryzen 7,7840HS,Zen 4 / Phoenix,NVIDIA GeForce RTX 4060,Laptop,"16.0""",,32GB LPDDR5X,1TB NVMe SSD,SSD,Windows 11 Home,973,856,973,856,117,12,USD,,InStock,https://www.mediaworld.it/products/lenovo-yoga-pro-9i-16--amd-ryzen-7,2026-08-28T08:15:27.551208+00:00,2026-08-28
MediaWorld - IT,Italy,IT,MediaWorld - IT,1P Retailer,SKU-IT-0016,ASUS Vivobook S 15 OLED - Apple M3 Pro M3 Pro (Laptop),,ASUS,Vivobook S 15 OLED,Apple,Apple M3 Pro,Apple M3 Pro,M3 Pro,3nm Apple Silicon,Integrated Intel Arc Graphics,Laptop,"14.0""",,16GB DDR5,512GB NVMe SSD,SSD,Windows 11 Home,1020,1020,1020,1020,0,0,USD,,InStock,https://www.mediaworld.it/products/asus-vivobook-s-15-oled-apple-m3-pro,2026-08-28T08:15:27.551208+00:00,2026-08-28
MediaWorld - IT,Italy,IT,MediaWorld - IT,1P Retailer,SKU-IT-0017,Acer Predator Helios 16 - Intel Core Ultra 7 155H (Laptop),,Acer,Predator Helios 16,Intel,Intel Core Ultra 7,Intel Core Ultra 7,155H,14th Gen / Meteor Lake,Integrated Intel Arc Graphics,Laptop,"16.0""",,32GB LPDDR5X,512GB NVMe SSD,SSD,Windows 11 Home,1067,1067,1067,1067,0,0,USD,,InStock,https://www.mediaworld.it/products/acer-predator-helios-16-intel-core-ultra-7,2026-08-28T08:15:27.551208+00:00,2026-08-28
MediaWorld - IT,Italy,IT,MediaWorld - IT,1P Retailer,SKU-IT-0018,Samsung Galaxy Book4 Pro - Intel Core i7 13700H (Desktop PC),,Samsung,Galaxy Book4 Pro,Intel,Intel Core i7,Intel Core i7,13700H,13th Gen / Raptor Lake,NVIDIA GeForce RTX 4060,Desktop,"27""",,16GB DDR5,1TB NVMe SSD,SSD,Windows 11 Home,1114,980,1114,980,134,12,USD,,InStock,https://www.mediaworld.it/products/samsung-galaxy-book4-pro-intel-core-i7,2026-08-28T08:15:27.551208+00:00,2026-08-28
MediaWorld - IT,Italy,IT,MediaWorld - IT,1P Retailer,SKU-IT-0019,MSI Modern 14 - Intel Core 7 150U (Laptop),,MSI,Modern 14,Intel,Intel Core 7,Intel Core 7,150U,14th Gen / Series 1,Integrated Intel Arc Graphics,Laptop,"16.0""",,32GB LPDDR5X,512GB NVMe SSD,SSD,Windows 11 Home,1161,1161,1161,1161,0,0,USD,,InStock,https://www.mediaworld.it/products/msi-modern-14-intel-core-7,2026-08-28T08:15:27.551208+00:00,2026-08-28
MediaWorld - IT,Italy,IT,MediaWorld - IT,1P Retailer,SKU-IT-0020,"Apple MacBook Pro 14"" M3 - AMD Ryzen 9 7945HX (Laptop)",,Apple,"MacBook Pro 14"" M3",AMD,AMD Ryzen 9,AMD Ryzen 9,7945HX,Zen 4 / Dragon Range,Integrated Intel Arc Graphics,Laptop,"14.0""",,16GB DDR5,512GB NVMe SSD,SSD,Windows 11 Home,1208,991,1208,991,217,18,USD,,InStock,https://www.mediaworld.it/products/apple-macbook-pro-14-m3-amd-ryzen-9,2026-08-28T08:15:27.551208+00:00,2026-08-28
MediaWorld - IT,Italy,IT,MediaWorld - IT,1P Retailer,SKU-IT-0021,Dell XPS 14 (9440) - Snapdragon X Elite X1E-80-100 (Laptop),,Dell,XPS 14 (9440),Qualcomm,Snapdragon X Elite,Snapdragon X Elite,X1E-80-100,Oryon ARM,NVIDIA GeForce RTX 4060,Laptop,"16.0""",,32GB LPDDR5X,1TB NVMe SSD,SSD,Windows 11 Home,1255,1104,1255,1104,151,12,USD,,InStock,https://www.mediaworld.it/products/dell-xps-14-9440--snapdragon-x-elite,2026-08-28T08:15:27.551208+00:00,2026-08-28
MediaWorld - IT,Italy,IT,MediaWorld - IT,1P Retailer,,HP Spectre x360 16 - Intel Core Ultra 9 185H (Laptop),,HP,Spectre x360 16,Intel,Intel Core Ultra 9,Intel Core Ultra 9,185H,14th Gen / Meteor Lake,Integrated Intel Arc Graphics,Laptop,"14.0""",,16GB DDR5,512GB NVMe SSD,SSD,Windows 11 Home,1302,1302,1302,1302,0,0,USD,,InStock,https://www.mediaworld.it/products/hp-spectre-x360-16-intel-core-ultra-9,2026-08-28T08:15:27.551208+00:00,2026-08-28
MediaWorld - IT,Italy,IT,MediaWorld - IT,1P Retailer,SKU-IT-0023,Lenovo Yoga 7i 2-in-1 - Intel Core i9 14900HX (Laptop),,Lenovo,Yoga 7i 2-in-1,Intel,Intel Core i9,Intel Core i9,14900HX,14th Gen / Raptor Lake-HX,Integrated Intel Arc Graphics,Laptop,"16.0""",,32GB LPDDR5X,512GB NVMe SSD,SSD,Windows 11 Home,1349,1349,1349,1349,0,0,USD,,InStock,https://www.mediaworld.it/products/lenovo-yoga-7i-2-in-1-intel-core-i9,2026-08-28T08:15:27.551208+00:00,2026-08-28
MediaWorld - IT,Italy,IT,MediaWorld - IT,1P Retailer,SKU-IT-0024,ASUS ROG Zephyrus G16 - AMD Ryzen 5 7520U (Desktop PC),,ASUS,ROG Zephyrus G16,AMD,AMD Ryzen 5,AMD Ryzen 5,7520U,Zen 2 / Mendocino,NVIDIA GeForce RTX 4060,Desktop,"27""",,16GB DDR5,1TB NVMe SSD,SSD,Windows 11 Home,1396,1228,1396,1228,168,12,USD,,InStock,https://www.mediaworld.it/products/asus-rog-zephyrus-g16-amd-ryzen-5,2026-08-28T08:15:27.551208+00:00,2026-08-28
MediaWorld - IT,Italy,IT,MediaWorld - IT,1P Retailer,SKU-IT-0025,Acer Nitro 16 - Apple M3 M3 (Laptop),,Acer,Nitro 16,Apple,Apple M3,Apple M3,M3,3nm Apple Silicon,Integrated Intel Arc Graphics,Laptop,"16.0""",,32GB LPDDR5X,512GB NVMe SSD,SSD,Windows 11 Home,1443,1183,1443,1183,260,18,USD,,InStock,https://www.mediaworld.it/products/acer-nitro-16-apple-m3,2026-08-28T08:15:27.551208+00:00,2026-08-28
MediaWorld - IT,Italy,IT,MediaWorld - IT,1P Retailer,SKU-IT-0026,Samsung Galaxy Book4 360 - Intel Core Ultra 5 125H (Laptop),,Samsung,Galaxy Book4 360,Intel,Intel Core Ultra 5,Intel Core Ultra 5,125H,14th Gen / Meteor Lake,Integrated Intel Arc Graphics,Laptop,"14.0""",,16GB DDR5,512GB NVMe SSD,SSD,Windows 11 Home,1490,1490,1490,1490,0,0,USD,,InStock,https://www.mediaworld.it/products/samsung-galaxy-book4-360-intel-core-ultra-5,2026-08-28T08:15:27.551208+00:00,2026-08-28
MediaWorld - IT,Italy,IT,MediaWorld - IT,1P Retailer,SKU-IT-0027,MSI Raider GE78 HX - Intel Core i5 1335U (Laptop),,MSI,Raider GE78 HX,Intel,Intel Core i5,Intel Core i5,1335U,13th Gen / Raptor Lake,NVIDIA GeForce RTX 4060,Laptop,"16.0""",,32GB LPDDR5X,1TB NVMe SSD,SSD,Windows 11 Home,1537,1353,1537,1353,184,12,USD,,InStock,https://www.mediaworld.it/products/msi-raider-ge78-hx-intel-core-i5,2026-08-28T08:15:27.551208+00:00,2026-08-28
MediaWorld - IT,Italy,IT,MediaWorld - IT,1P Retailer,SKU-IT-0028,"Apple MacBook Pro 14"" M3 - AMD Ryzen 7 7840HS (Laptop)",,Apple,"MacBook Pro 14"" M3",AMD,AMD Ryzen 7,AMD Ryzen 7,7840HS,Zen 4 / Phoenix,Integrated Intel Arc Graphics,Laptop,"14.0""",,16GB DDR5,512GB NVMe SSD,SSD,Windows 11 Home,1584,1584,1584,1584,0,0,USD,,InStock,https://www.mediaworld.it/products/apple-macbook-pro-14-m3-amd-ryzen-7,2026-08-28T08:15:27.551208+00:00,2026-08-28
MediaWorld - IT,Italy,IT,MediaWorld - IT,1P Retailer,SKU-IT-0029,Dell XPS 16 (9640) - Apple M3 Pro M3 Pro (Laptop),,Dell,XPS 16 (9640),Apple,Apple M3 Pro,Apple M3 Pro,M3 Pro,3nm Apple Silicon,Integrated Intel Arc Graphics,Laptop,"16.0""",,32GB LPDDR5X,512GB NVMe SSD,SSD,Windows 11 Home,1631,1631,1631,1631,0,0,USD,,InStock,https://www.mediaworld.it/products/dell-xps-16-9640--apple-m3-pro,2026-08-28T08:15:27.551208+00:00,2026-08-28
Unieuro - IT,Italy,IT,Unieuro - IT,1P Retailer,SKU-IT-0001,ASUS Zenbook 14 OLED - AMD Ryzen 9 7945HX (Laptop),,ASUS,Zenbook 14 OLED,AMD,AMD Ryzen 9,AMD Ryzen 9,7945HX,Zen 4 / Dragon Range,Integrated Intel Arc Graphics,Laptop,"16.0""",,32GB LPDDR5X,512GB NVMe SSD,SSD,Windows 11 Home,2604,2604,2604,2604,0,0,USD,,InStock,https://www.unieuro.it/products/asus-zenbook-14-oled-amd-ryzen-9,2026-08-28T08:15:27.551208+00:00,2026-08-28
Unieuro - IT,Italy,IT,Unieuro - IT,1P Retailer,SKU-IT-0002,Acer Aspire 5 - Snapdragon X Elite X1E-80-100 (Laptop),,Acer,Aspire 5,Qualcomm,Snapdragon X Elite,Snapdragon X Elite,X1E-80-100,Oryon ARM,Integrated Intel Arc Graphics,Laptop,"14.0""",,16GB DDR5,512GB NVMe SSD,SSD,Windows 11 Home,2651,2651,2651,2651,0,0,USD,,InStock,https://www.unieuro.it/products/acer-aspire-5-snapdragon-x-elite,2026-08-28T08:15:27.551208+00:00,2026-08-28
Unieuro - IT,Italy,IT,Unieuro - IT,1P Retailer,SKU-IT-0003,Samsung Galaxy Book4 Pro - Intel Core Ultra 9 185H (Laptop),,Samsung,Galaxy Book4 Pro,Intel,Intel Core Ultra 9,Intel Core Ultra 9,185H,14th Gen / Meteor Lake,NVIDIA GeForce RTX 4060,Laptop,"16.0""",,32GB LPDDR5X,1TB NVMe SSD,SSD,Windows 11 Home,2698,2374,2698,2374,324,12,USD,,InStock,https://www.unieuro.it/products/samsung-galaxy-book4-pro-intel-core-ultra-9,2026-08-28T08:15:27.551208+00:00,2026-08-28
Unieuro - IT,Italy,IT,Unieuro - IT,1P Retailer,SKU-IT-0004,MSI Modern 14 - Intel Core i9 14900HX (Laptop),,MSI,Modern 14,Intel,Intel Core i9,Intel Core i9,14900HX,14th Gen / Raptor Lake-HX,Integrated Intel Arc Graphics,Laptop,"14.0""",,16GB DDR5,512GB NVMe SSD,SSD,Windows 11 Home,2745,2745,2745,2745,0,0,USD,,InStock,https://www.unieuro.it/products/msi-modern-14-intel-core-i9,2026-08-28T08:15:27.551208+00:00,2026-08-28
Unieuro - IT,Italy,IT,Unieuro - IT,1P Retailer,SKU-IT-0005,"Apple MacBook Pro 16"" M3 Max - AMD Ryzen 5 7520U (Laptop)",,Apple,"MacBook Pro 16"" M3 Max",AMD,AMD Ryzen 5,AMD Ryzen 5,7520U,Zen 2 / Mendocino,Integrated Intel Arc Graphics,Laptop,"16.0""",,32GB LPDDR5X,512GB NVMe SSD,SSD,Windows 11 Home,2792,2289,2792,2289,503,18,USD,,InStock,https://www.unieuro.it/products/apple-macbook-pro-16-m3-max-amd-ryzen-5,2026-08-28T08:15:27.551208+00:00,2026-08-28
Unieuro - IT,Italy,IT,Unieuro - IT,1P Retailer,SKU-IT-0006,Dell G15 Gaming (5530) - Apple M3 M3 (Desktop PC),,Dell,G15 Gaming (5530),Apple,Apple M3,Apple M3,M3,3nm Apple Silicon,NVIDIA GeForce RTX 4060,Desktop,"27""",,16GB DDR5,1TB NVMe SSD,SSD,Windows 11 Home,639,562,639,562,77,12,USD,,InStock,https://www.unieuro.it/products/dell-g15-gaming-5530--apple-m3,2026-08-28T08:15:27.551208+00:00,2026-08-28
Unieuro - IT,Italy,IT,Unieuro - IT,1P Retailer,SKU-IT-0007,HP Spectre x360 14 - Intel Core Ultra 5 125H (Laptop),,HP,Spectre x360 14,Intel,Intel Core Ultra 5,Intel Core Ultra 5,125H,14th Gen / Meteor Lake,Integrated Intel Arc Graphics,Laptop,"16.0""",,32GB LPDDR5X,512GB NVMe SSD,SSD,Windows 11 Home,686,686,686,686,0,0,USD,,InStock,https://www.unieuro.it/products/hp-spectre-x360-14-intel-core-ultra-5,2026-08-28T08:15:27.551208+00:00,2026-08-28
Unieuro - IT,Italy,IT,Unieuro - IT,1P Retailer,SKU-IT-0008,"Lenovo Yoga Pro 9i (16"") - Intel Core i5 1335U (Laptop)",,Lenovo,"Yoga Pro 9i (16"")",Intel,Intel Core i5,Intel Core i5,1335U,13th Gen / Raptor Lake,Integrated Intel Arc Graphics,Laptop,"14.0""",,16GB DDR5,512GB NVMe SSD,SSD,Windows 11 Home,733,733,733,733,0,0,USD,,InStock,https://www.unieuro.it/products/lenovo-yoga-pro-9i-16--intel-core-i5,2026-08-28T08:15:27.551208+00:00,2026-08-28
Unieuro - IT,Italy,IT,Unieuro - IT,1P Retailer,SKU-IT-0009,ASUS Vivobook S 15 OLED - AMD Ryzen 7 7840HS (Laptop),,ASUS,Vivobook S 15 OLED,AMD,AMD Ryzen 7,AMD Ryzen 7,7840HS,Zen 4 / Phoenix,NVIDIA GeForce RTX 4060,Laptop,"16.0""",,32GB LPDDR5X,1TB NVMe SSD,SSD,Windows 11 Home,780,686,780,686,94,12,USD,,InStock,https://www.unieuro.it/products/asus-vivobook-s-15-oled-amd-ryzen-7,2026-08-28T08:15:27.551208+00:00,2026-08-28
Unieuro - IT,Italy,IT,Unieuro - IT,1P Retailer,SKU-IT-0010,Acer Predator Helios 16 - Apple M3 Pro M3 Pro (Laptop),,Acer,Predator Helios 16,Apple,Apple M3 Pro,Apple M3 Pro,M3 Pro,3nm Apple Silicon,Integrated Intel Arc Graphics,Laptop,"14.0""",,16GB DDR5,512GB NVMe SSD,SSD,Windows 11 Home,827,678,827,678,149,18,USD,,InStock,https://www.unieuro.it/products/acer-predator-helios-16-apple-m3-pro,2026-08-28T08:15:27.551208+00:00,2026-08-28
Unieuro - IT,Italy,IT,Unieuro - IT,1P Retailer,,Samsung Galaxy Book4 360 - Intel Core Ultra 7 155H (Laptop),,Samsung,Galaxy Book4 360,Intel,Intel Core Ultra 7,Intel Core Ultra 7,155H,14th Gen / Meteor Lake,Integrated Intel Arc Graphics,Laptop,"16.0""",,32GB LPDDR5X,512GB NVMe SSD,SSD,Windows 11 Home,874,874,874,874,0,0,USD,,InStock,https://www.unieuro.it/products/samsung-galaxy-book4-360-intel-core-ultra-7,2026-08-28T08:15:27.551208+00:00,2026-08-28
Unieuro - IT,Italy,IT,Unieuro - IT,1P Retailer,SKU-IT-0012,MSI Raider GE78 HX - Intel Core i7 13700H (Desktop PC),,MSI,Raider GE78 HX,Intel,Intel Core i7,Intel Core i7,13700H,13th Gen / Raptor Lake,NVIDIA GeForce RTX 4060,Desktop,"27""",,16GB DDR5,1TB NVMe SSD,SSD,Windows 11 Home,921,810,921,810,111,12,USD,,InStock,https://www.unieuro.it/products/msi-raider-ge78-hx-intel-core-i7,2026-08-28T08:15:27.551208+00:00,2026-08-28
Unieuro - IT,Italy,IT,Unieuro - IT,1P Retailer,SKU-IT-0013,"Apple MacBook Pro 16"" M3 Max - Intel Core 7 150U (Laptop)",,Apple,"MacBook Pro 16"" M3 Max",Intel,Intel Core 7,Intel Core 7,150U,14th Gen / Series 1,Integrated Intel Arc Graphics,Laptop,"16.0""",,32GB LPDDR5X,512GB NVMe SSD,SSD,Windows 11 Home,968,968,968,968,0,0,USD,,InStock,https://www.unieuro.it/products/apple-macbook-pro-16-m3-max-intel-core-7,2026-08-28T08:15:27.551208+00:00,2026-08-28
Unieuro - IT,Italy,IT,Unieuro - IT,1P Retailer,SKU-IT-0014,Dell XPS 14 (9440) - AMD Ryzen 9 7945HX (Laptop),,Dell,XPS 14 (9440),AMD,AMD Ryzen 9,AMD Ryzen 9,7945HX,Zen 4 / Dragon Range,Integrated Intel Arc Graphics,Laptop,"14.0""",,16GB DDR5,512GB NVMe SSD,SSD,Windows 11 Home,1015,1015,1015,1015,0,0,USD,,InStock,https://www.unieuro.it/products/dell-xps-14-9440--amd-ryzen-9,2026-08-28T08:15:27.551208+00:00,2026-08-28
Unieuro - IT,Italy,IT,Unieuro - IT,1P Retailer,SKU-IT-0015,HP Spectre x360 16 - Snapdragon X Elite X1E-80-100 (Laptop),,HP,Spectre x360 16,Qualcomm,Snapdragon X Elite,Snapdragon X Elite,X1E-80-100,Oryon ARM,NVIDIA GeForce RTX 4060,Laptop,"16.0""",,32GB LPDDR5X,1TB NVMe SSD,SSD,Windows 11 Home,1062,935,1062,935,127,12,USD,,InStock,https://www.unieuro.it/products/hp-spectre-x360-16-snapdragon-x-elite,2026-08-28T08:15:27.551208+00:00,2026-08-28
Unieuro - IT,Italy,IT,Unieuro - IT,1P Retailer,SKU-IT-0016,Lenovo Yoga 7i 2-in-1 - Intel Core Ultra 9 185H (Laptop),,Lenovo,Yoga 7i 2-in-1,Intel,Intel Core Ultra 9,Intel Core Ultra 9,185H,14th Gen / Meteor Lake,Integrated Intel Arc Graphics,Laptop,"14.0""",,16GB DDR5,512GB NVMe SSD,SSD,Windows 11 Home,1109,1109,1109,1109,0,0,USD,,InStock,https://www.unieuro.it/products/lenovo-yoga-7i-2-in-1-intel-core-ultra-9,2026-08-28T08:15:27.551208+00:00,2026-08-28
Unieuro - IT,Italy,IT,Unieuro - IT,1P Retailer,SKU-IT-0017,ASUS ROG Zephyrus G16 - Intel Core i9 14900HX (Laptop),,ASUS,ROG Zephyrus G16,Intel,Intel Core i9,Intel Core i9,14900HX,14th Gen / Raptor Lake-HX,Integrated Intel Arc Graphics,Laptop,"16.0""",,32GB LPDDR5X,512GB NVMe SSD,SSD,Windows 11 Home,1156,1156,1156,1156,0,0,USD,,InStock,https://www.unieuro.it/products/asus-rog-zephyrus-g16-intel-core-i9,2026-08-28T08:15:27.551208+00:00,2026-08-28
Unieuro - IT,Italy,IT,Unieuro - IT,1P Retailer,SKU-IT-0018,Acer Nitro 16 - AMD Ryzen 5 7520U (Desktop PC),,Acer,Nitro 16,AMD,AMD Ryzen 5,AMD Ryzen 5,7520U,Zen 2 / Mendocino,NVIDIA GeForce RTX 4060,Desktop,"27""",,16GB DDR5,1TB NVMe SSD,SSD,Windows 11 Home,1203,1059,1203,1059,144,12,USD,,InStock,https://www.unieuro.it/products/acer-nitro-16-amd-ryzen-5,2026-08-28T08:15:27.551208+00:00,2026-08-28
Unieuro - IT,Italy,IT,Unieuro - IT,1P Retailer,SKU-IT-0019,Samsung Galaxy Book4 Ultra - Apple M3 M3 (Laptop),,Samsung,Galaxy Book4 Ultra,Apple,Apple M3,Apple M3,M3,3nm Apple Silicon,Integrated Intel Arc Graphics,Laptop,"16.0""",,32GB LPDDR5X,512GB NVMe SSD,SSD,Windows 11 Home,1250,1250,1250,1250,0,0,USD,,InStock,https://www.unieuro.it/products/samsung-galaxy-book4-ultra-apple-m3,2026-08-28T08:15:27.551208+00:00,2026-08-28
Unieuro - IT,Italy,IT,Unieuro - IT,1P Retailer,SKU-IT-0020,MSI Prestige 16 AI Evo - Intel Core Ultra 5 125H (Laptop),,MSI,Prestige 16 AI Evo,Intel,Intel Core Ultra 5,Intel Core Ultra 5,125H,14th Gen / Meteor Lake,Integrated Intel Arc Graphics,Laptop,"14.0""",,16GB DDR5,512GB NVMe SSD,SSD,Windows 11 Home,1297,1064,1297,1064,233,18,USD,,InStock,https://www.unieuro.it/products/msi-prestige-16-ai-evo-intel-core-ultra-5,2026-08-28T08:15:27.551208+00:00,2026-08-28
Unieuro - IT,Italy,IT,Unieuro - IT,1P Retailer,SKU-IT-0021,"Apple MacBook Pro 16"" M3 Max - Intel Core i5 1335U (Laptop)",,Apple,"MacBook Pro 16"" M3 Max",Intel,Intel Core i5,Intel Core i5,1335U,13th Gen / Raptor Lake,NVIDIA GeForce RTX 4060,Laptop,"16.0""",,32GB LPDDR5X,1TB NVMe SSD,SSD,Windows 11 Home,1344,1183,1344,1183,161,12,USD,,InStock,https://www.unieuro.it/products/apple-macbook-pro-16-m3-max-intel-core-i5,2026-08-28T08:15:27.551208+00:00,2026-08-28
Unieuro - IT,Italy,IT,Unieuro - IT,1P Retailer,,Dell XPS 16 (9640) - AMD Ryzen 7 7840HS (Laptop),,Dell,XPS 16 (9640),AMD,AMD Ryzen 7,AMD Ryzen 7,7840HS,Zen 4 / Phoenix,Integrated Intel Arc Graphics,Laptop,"14.0""",,16GB DDR5,512GB NVMe SSD,SSD,Windows 11 Home,1391,1391,1391,1391,0,0,USD,,InStock,https://www.unieuro.it/products/dell-xps-16-9640--amd-ryzen-7,2026-08-28T08:15:27.551208+00:00,2026-08-28
Unieuro - IT,Italy,IT,Unieuro - IT,1P Retailer,SKU-IT-0023,HP Envy x360 15 - Apple M3 Pro M3 Pro (Laptop),,HP,Envy x360 15,Apple,Apple M3 Pro,Apple M3 Pro,M3 Pro,3nm Apple Silicon,Integrated Intel Arc Graphics,Laptop,"16.0""",,32GB LPDDR5X,512GB NVMe SSD,SSD,Windows 11 Home,1438,1438,1438,1438,0,0,USD,,InStock,https://www.unieuro.it/products/hp-envy-x360-15-apple-m3-pro,2026-08-28T08:15:27.551208+00:00,2026-08-28
Unieuro - IT,Italy,IT,Unieuro - IT,1P Retailer,SKU-IT-0024,Lenovo IdeaPad Slim 5 - Intel Core Ultra 7 155H (Desktop PC),,Lenovo,IdeaPad Slim 5,Intel,Intel Core Ultra 7,Intel Core Ultra 7,155H,14th Gen / Meteor Lake,NVIDIA GeForce RTX 4060,Desktop,"27""",,16GB DDR5,1TB NVMe SSD,SSD,Windows 11 Home,1485,1307,1485,1307,178,12,USD,,InStock,https://www.unieuro.it/products/lenovo-ideapad-slim-5-intel-core-ultra-7,2026-08-28T08:15:27.551208+00:00,2026-08-28
Unieuro - IT,Italy,IT,Unieuro - IT,1P Retailer,SKU-IT-0025,ASUS ROG Strix SCAR 18 - Intel Core i7 13700H (Laptop),,ASUS,ROG Strix SCAR 18,Intel,Intel Core i7,Intel Core i7,13700H,13th Gen / Raptor Lake,Integrated Intel Arc Graphics,Laptop,"16.0""",,32GB LPDDR5X,512GB NVMe SSD,SSD,Windows 11 Home,1532,1256,1532,1256,276,18,USD,,InStock,https://www.unieuro.it/products/asus-rog-strix-scar-18-intel-core-i7,2026-08-28T08:15:27.551208+00:00,2026-08-28
Unieuro - IT,Italy,IT,Unieuro - IT,1P Retailer,SKU-IT-0026,Acer TravelMate P6 - Intel Core 7 150U (Laptop),,Acer,TravelMate P6,Intel,Intel Core 7,Intel Core 7,150U,14th Gen / Series 1,Integrated Intel Arc Graphics,Laptop,"14.0""",,16GB DDR5,512GB NVMe SSD,SSD,Windows 11 Home,1579,1579,1579,1579,0,0,USD,,InStock,https://www.unieuro.it/products/acer-travelmate-p6-intel-core-7,2026-08-28T08:15:27.551208+00:00,2026-08-28
Unieuro - IT,Italy,IT,Unieuro - IT,1P Retailer,SKU-IT-0027,Samsung Galaxy Book4 Pro - AMD Ryzen 9 7945HX (Laptop),,Samsung,Galaxy Book4 Pro,AMD,AMD Ryzen 9,AMD Ryzen 9,7945HX,Zen 4 / Dragon Range,NVIDIA GeForce RTX 4060,Laptop,"16.0""",,32GB LPDDR5X,1TB NVMe SSD,SSD,Windows 11 Home,1626,1431,1626,1431,195,12,USD,,InStock,https://www.unieuro.it/products/samsung-galaxy-book4-pro-amd-ryzen-9,2026-08-28T08:15:27.551208+00:00,2026-08-28
Euronics - IT,Italy,IT,Euronics - IT,1P Retailer,SKU-IT-0001,"Lenovo Yoga Pro 9i (16"") - Intel Core Ultra 5 125H (Laptop)",,Lenovo,"Yoga Pro 9i (16"")",Intel,Intel Core Ultra 5,Intel Core Ultra 5,125H,14th Gen / Meteor Lake,Integrated Intel Arc Graphics,Laptop,"16.0""",,32GB LPDDR5X,512GB NVMe SSD,SSD,Windows 11 Home,2693,2693,2693,2693,0,0,USD,,InStock,https://www.euronics.it/products/lenovo-yoga-pro-9i-16--intel-core-ultra-5,2026-08-28T08:15:27.551208+00:00,2026-08-28
Euronics - IT,Italy,IT,Euronics - IT,1P Retailer,SKU-IT-0002,ASUS Vivobook S 15 OLED - Intel Core i5 1335U (Laptop),,ASUS,Vivobook S 15 OLED,Intel,Intel Core i5,Intel Core i5,1335U,13th Gen / Raptor Lake,Integrated Intel Arc Graphics,Laptop,"14.0""",,16GB DDR5,512GB NVMe SSD,SSD,Windows 11 Home,2740,2740,2740,2740,0,0,USD,,InStock,https://www.euronics.it/products/asus-vivobook-s-15-oled-intel-core-i5,2026-08-28T08:15:27.551208+00:00,2026-08-28
Euronics - IT,Italy,IT,Euronics - IT,1P Retailer,SKU-IT-0003,Acer Predator Helios 16 - AMD Ryzen 7 7840HS (Laptop),,Acer,Predator Helios 16,AMD,AMD Ryzen 7,AMD Ryzen 7,7840HS,Zen 4 / Phoenix,NVIDIA GeForce RTX 4060,Laptop,"16.0""",,32GB LPDDR5X,1TB NVMe SSD,SSD,Windows 11 Home,2787,2453,2787,2453,334,12,USD,,InStock,https://www.euronics.it/products/acer-predator-helios-16-amd-ryzen-7,2026-08-28T08:15:27.551208+00:00,2026-08-28
Euronics - IT,Italy,IT,Euronics - IT,1P Retailer,SKU-IT-0004,Samsung Galaxy Book4 Ultra - Apple M3 Pro M3 Pro (Laptop),,Samsung,Galaxy Book4 Ultra,Apple,Apple M3 Pro,Apple M3 Pro,M3 Pro,3nm Apple Silicon,Integrated Intel Arc Graphics,Laptop,"14.0""",,16GB DDR5,512GB NVMe SSD,SSD,Windows 11 Home,634,634,634,634,0,0,USD,,InStock,https://www.euronics.it/products/samsung-galaxy-book4-ultra-apple-m3-pro,2026-08-28T08:15:27.551208+00:00,2026-08-28
Euronics - IT,Italy,IT,Euronics - IT,1P Retailer,SKU-IT-0005,MSI Prestige 16 AI Evo - Intel Core Ultra 7 155H (Laptop),,MSI,Prestige 16 AI Evo,Intel,Intel Core Ultra 7,Intel Core Ultra 7,155H,14th Gen / Meteor Lake,Integrated Intel Arc Graphics,Laptop,"16.0""",,32GB LPDDR5X,512GB NVMe SSD,SSD,Windows 11 Home,681,558,681,558,123,18,USD,,InStock,https://www.euronics.it/products/msi-prestige-16-ai-evo-intel-core-ultra-7,2026-08-28T08:15:27.551208+00:00,2026-08-28
Euronics - IT,Italy,IT,Euronics - IT,1P Retailer,SKU-IT-0006,"Apple MacBook Air 13"" M3 - Intel Core i7 13700H (Desktop PC)",,Apple,"MacBook Air 13"" M3",Intel,Intel Core i7,Intel Core i7,13700H,13th Gen / Raptor Lake,NVIDIA GeForce RTX 4060,Desktop,"27""",,16GB DDR5,1TB NVMe SSD,SSD,Windows 11 Home,728,641,728,641,87,12,USD,,InStock,https://www.euronics.it/products/apple-macbook-air-13-m3-intel-core-i7,2026-08-28T08:15:27.551208+00:00,2026-08-28
Euronics - IT,Italy,IT,Euronics - IT,1P Retailer,SKU-IT-0007,Dell XPS 14 (9440) - Intel Core 7 150U (Laptop),,Dell,XPS 14 (9440),Intel,Intel Core 7,Intel Core 7,150U,14th Gen / Series 1,Integrated Intel Arc Graphics,Laptop,"16.0""",,32GB LPDDR5X,512GB NVMe SSD,SSD,Windows 11 Home,775,775,775,775,0,0,USD,,InStock,https://www.euronics.it/products/dell-xps-14-9440--intel-core-7,2026-08-28T08:15:27.551208+00:00,2026-08-28
Euronics - IT,Italy,IT,Euronics - IT,1P Retailer,SKU-IT-0008,HP Spectre x360 16 - AMD Ryzen 9 7945HX (Laptop),,HP,Spectre x360 16,AMD,AMD Ryzen 9,AMD Ryzen 9,7945HX,Zen 4 / Dragon Range,Integrated Intel Arc Graphics,Laptop,"14.0""",,16GB DDR5,512GB NVMe SSD,SSD,Windows 11 Home,822,822,822,822,0,0,USD,,InStock,https://www.euronics.it/products/hp-spectre-x360-16-amd-ryzen-9,2026-08-28T08:15:27.551208+00:00,2026-08-28
Euronics - IT,Italy,IT,Euronics - IT,1P Retailer,SKU-IT-0009,Lenovo Yoga 7i 2-in-1 - Snapdragon X Elite X1E-80-100 (Laptop),,Lenovo,Yoga 7i 2-in-1,Qualcomm,Snapdragon X Elite,Snapdragon X Elite,X1E-80-100,Oryon ARM,NVIDIA GeForce RTX 4060,Laptop,"16.0""",,32GB LPDDR5X,1TB NVMe SSD,SSD,Windows 11 Home,869,765,869,765,104,12,USD,,InStock,https://www.euronics.it/products/lenovo-yoga-7i-2-in-1-snapdragon-x-elite,2026-08-28T08:15:27.551208+00:00,2026-08-28
Euronics - IT,Italy,IT,Euronics - IT,1P Retailer,SKU-IT-0010,ASUS ROG Zephyrus G16 - Intel Core Ultra 9 185H (Laptop),,ASUS,ROG Zephyrus G16,Intel,Intel Core Ultra 9,Intel Core Ultra 9,185H,14th Gen / Meteor Lake,Integrated Intel Arc Graphics,Laptop,"14.0""",,16GB DDR5,512GB NVMe SSD,SSD,Windows 11 Home,916,751,916,751,165,18,USD,,InStock,https://www.euronics.it/products/asus-rog-zephyrus-g16-intel-core-ultra-9,2026-08-28T08:15:27.551208+00:00,2026-08-28
Euronics - IT,Italy,IT,Euronics - IT,1P Retailer,,Acer Nitro 16 - Intel Core i9 14900HX (Laptop),,Acer,Nitro 16,Intel,Intel Core i9,Intel Core i9,14900HX,14th Gen / Raptor Lake-HX,Integrated Intel Arc Graphics,Laptop,"16.0""",,32GB LPDDR5X,512GB NVMe SSD,SSD,Windows 11 Home,963,963,963,963,0,0,USD,,InStock,https://www.euronics.it/products/acer-nitro-16-intel-core-i9,2026-08-28T08:15:27.551208+00:00,2026-08-28
Euronics - IT,Italy,IT,Euronics - IT,1P Retailer,SKU-IT-0012,Samsung Galaxy Book4 Pro - AMD Ryzen 5 7520U (Desktop PC),,Samsung,Galaxy Book4 Pro,AMD,AMD Ryzen 5,AMD Ryzen 5,7520U,Zen 2 / Mendocino,NVIDIA GeForce RTX 4060,Desktop,"27""",,16GB DDR5,1TB NVMe SSD,SSD,Windows 11 Home,1010,889,1010,889,121,12,USD,,InStock,https://www.euronics.it/products/samsung-galaxy-book4-pro-amd-ryzen-5,2026-08-28T08:15:27.551208+00:00,2026-08-28
Euronics - IT,Italy,IT,Euronics - IT,1P Retailer,SKU-IT-0013,MSI Cyborg 15 - Apple M3 M3 (Laptop),,MSI,Cyborg 15,Apple,Apple M3,Apple M3,M3,3nm Apple Silicon,Integrated Intel Arc Graphics,Laptop,"16.0""",,32GB LPDDR5X,512GB NVMe SSD,SSD,Windows 11 Home,1057,1057,1057,1057,0,0,USD,,InStock,https://www.euronics.it/products/msi-cyborg-15-apple-m3,2026-08-28T08:15:27.551208+00:00,2026-08-28
Euronics - IT,Italy,IT,Euronics - IT,1P Retailer,SKU-IT-0014,"Apple MacBook Air 13"" M3 - Intel Core Ultra 5 125H (Laptop)",,Apple,"MacBook Air 13"" M3",Intel,Intel Core Ultra 5,Intel Core Ultra 5,125H,14th Gen / Meteor Lake,Integrated Intel Arc Graphics,Laptop,"14.0""",,16GB DDR5,512GB NVMe SSD,SSD,Windows 11 Home,1104,1104,1104,1104,0,0,USD,,InStock,https://www.euronics.it/products/apple-macbook-air-13-m3-intel-core-ultra-5,2026-08-28T08:15:27.551208+00:00,2026-08-28
Euronics - IT,Italy,IT,Euronics - IT,1P Retailer,SKU-IT-0015,Dell XPS 16 (9640) - Intel Core i5 1335U (Laptop),,Dell,XPS 16 (9640),Intel,Intel Core i5,Intel Core i5,1335U,13th Gen / Raptor Lake,NVIDIA GeForce RTX 4060,Laptop,"16.0""",,32GB LPDDR5X,1TB NVMe SSD,SSD,Windows 11 Home,1151,1013,1151,1013,138,12,USD,,InStock,https://www.euronics.it/products/dell-xps-16-9640--intel-core-i5,2026-08-28T08:15:27.551208+00:00,2026-08-28
Euronics - IT,Italy,IT,Euronics - IT,1P Retailer,SKU-IT-0016,HP Envy x360 15 - AMD Ryzen 7 7840HS (Laptop),,HP,Envy x360 15,AMD,AMD Ryzen 7,AMD Ryzen 7,7840HS,Zen 4 / Phoenix,Integrated Intel Arc Graphics,Laptop,"14.0""",,16GB DDR5,512GB NVMe SSD,SSD,Windows 11 Home,1198,1198,1198,1198,0,0,USD,,InStock,https://www.euronics.it/products/hp-envy-x360-15-amd-ryzen-7,2026-08-28T08:15:27.551208+00:00,2026-08-28
Euronics - IT,Italy,IT,Euronics - IT,1P Retailer,SKU-IT-0017,Lenovo IdeaPad Slim 5 - Apple M3 Pro M3 Pro (Laptop),,Lenovo,IdeaPad Slim 5,Apple,Apple M3 Pro,Apple M3 Pro,M3 Pro,3nm Apple Silicon,Integrated Intel Arc Graphics,Laptop,"16.0""",,32GB LPDDR5X,512GB NVMe SSD,SSD,Windows 11 Home,1245,1245,1245,1245,0,0,USD,,InStock,https://www.euronics.it/products/lenovo-ideapad-slim-5-apple-m3-pro,2026-08-28T08:15:27.551208+00:00,2026-08-28
Euronics - IT,Italy,IT,Euronics - IT,1P Retailer,SKU-IT-0018,ASUS ROG Strix SCAR 18 - Intel Core Ultra 7 155H (Desktop PC),,ASUS,ROG Strix SCAR 18,Intel,Intel Core Ultra 7,Intel Core Ultra 7,155H,14th Gen / Meteor Lake,NVIDIA GeForce RTX 4060,Desktop,"27""",,16GB DDR5,1TB NVMe SSD,SSD,Windows 11 Home,1292,1137,1292,1137,155,12,USD,,InStock,https://www.euronics.it/products/asus-rog-strix-scar-18-intel-core-ultra-7,2026-08-28T08:15:27.551208+00:00,2026-08-28
Euronics - IT,Italy,IT,Euronics - IT,1P Retailer,SKU-IT-0019,Acer TravelMate P6 - Intel Core i7 13700H (Laptop),,Acer,TravelMate P6,Intel,Intel Core i7,Intel Core i7,13700H,13th Gen / Raptor Lake,Integrated Intel Arc Graphics,Laptop,"16.0""",,32GB LPDDR5X,512GB NVMe SSD,SSD,Windows 11 Home,1339,1339,1339,1339,0,0,USD,,InStock,https://www.euronics.it/products/acer-travelmate-p6-intel-core-i7,2026-08-28T08:15:27.551208+00:00,2026-08-28
Euronics - IT,Italy,IT,Euronics - IT,1P Retailer,SKU-IT-0020,Samsung Galaxy Book4 360 - Intel Core 7 150U (Laptop),,Samsung,Galaxy Book4 360,Intel,Intel Core 7,Intel Core 7,150U,14th Gen / Series 1,Integrated Intel Arc Graphics,Laptop,"14.0""",,16GB DDR5,512GB NVMe SSD,SSD,Windows 11 Home,1386,1137,1386,1137,249,18,USD,,InStock,https://www.euronics.it/products/samsung-galaxy-book4-360-intel-core-7,2026-08-28T08:15:27.551208+00:00,2026-08-28
Euronics - IT,Italy,IT,Euronics - IT,1P Retailer,SKU-IT-0021,MSI Stealth 16 AI Studio - AMD Ryzen 9 7945HX (Laptop),,MSI,Stealth 16 AI Studio,AMD,AMD Ryzen 9,AMD Ryzen 9,7945HX,Zen 4 / Dragon Range,NVIDIA GeForce RTX 4060,Laptop,"16.0""",,32GB LPDDR5X,1TB NVMe SSD,SSD,Windows 11 Home,1433,1261,1433,1261,172,12,USD,,InStock,https://www.euronics.it/products/msi-stealth-16-ai-studio-amd-ryzen-9,2026-08-28T08:15:27.551208+00:00,2026-08-28
Euronics - IT,Italy,IT,Euronics - IT,1P Retailer,,"Apple MacBook Air 13"" M3 - Snapdragon X Elite X1E-80-100 (Laptop)",,Apple,"MacBook Air 13"" M3",Qualcomm,Snapdragon X Elite,Snapdragon X Elite,X1E-80-100,Oryon ARM,Integrated Intel Arc Graphics,Laptop,"14.0""",,16GB DDR5,512GB NVMe SSD,SSD,Windows 11 Home,1480,1480,1480,1480,0,0,USD,,InStock,https://www.euronics.it/products/apple-macbook-air-13-m3-snapdragon-x-elite,2026-08-28T08:15:27.551208+00:00,2026-08-28
Euronics - IT,Italy,IT,Euronics - IT,1P Retailer,SKU-IT-0023,Dell Inspiron 15 (3520) - Intel Core Ultra 9 185H (Laptop),,Dell,Inspiron 15 (3520),Intel,Intel Core Ultra 9,Intel Core Ultra 9,185H,14th Gen / Meteor Lake,Integrated Intel Arc Graphics,Laptop,"16.0""",,32GB LPDDR5X,512GB NVMe SSD,SSD,Windows 11 Home,1527,1527,1527,1527,0,0,USD,,InStock,https://www.euronics.it/products/dell-inspiron-15-3520--intel-core-ultra-9,2026-08-28T08:15:27.551208+00:00,2026-08-28
Euronics - IT,Italy,IT,Euronics - IT,1P Retailer,SKU-IT-0024,HP Pavilion Plus 14 - Intel Core i9 14900HX (Desktop PC),,HP,Pavilion Plus 14,Intel,Intel Core i9,Intel Core i9,14900HX,14th Gen / Raptor Lake-HX,NVIDIA GeForce RTX 4060,Desktop,"27""",,16GB DDR5,1TB NVMe SSD,SSD,Windows 11 Home,1574,1385,1574,1385,189,12,USD,,InStock,https://www.euronics.it/products/hp-pavilion-plus-14-intel-core-i9,2026-08-28T08:15:27.551208+00:00,2026-08-28
Euronics - IT,Italy,IT,Euronics - IT,1P Retailer,SKU-IT-0025,Lenovo Legion Pro 7i - AMD Ryzen 5 7520U (Laptop),,Lenovo,Legion Pro 7i,AMD,AMD Ryzen 5,AMD Ryzen 5,7520U,Zen 2 / Mendocino,Integrated Intel Arc Graphics,Laptop,"16.0""",,32GB LPDDR5X,512GB NVMe SSD,SSD,Windows 11 Home,1621,1329,1621,1329,292,18,USD,,InStock,https://www.euronics.it/products/lenovo-legion-pro-7i-amd-ryzen-5,2026-08-28T08:15:27.551208+00:00,2026-08-28
Euronics - IT,Italy,IT,Euronics - IT,1P Retailer,SKU-IT-0026,ASUS TUF Gaming A15 - Apple M3 M3 (Laptop),,ASUS,TUF Gaming A15,Apple,Apple M3,Apple M3,M3,3nm Apple Silicon,Integrated Intel Arc Graphics,Laptop,"14.0""",,16GB DDR5,512GB NVMe SSD,SSD,Windows 11 Home,1668,1668,1668,1668,0,0,USD,,InStock,https://www.euronics.it/products/asus-tuf-gaming-a15-apple-m3,2026-08-28T08:15:27.551208+00:00,2026-08-28
Amazon - ES,Spain,ES,Amazon - ES,3P Marketplace,SKU-ES-0001,HP Spectre x360 16 - Intel Core 7 150U (Laptop),,HP,Spectre x360 16,Intel,Intel Core 7,Intel Core 7,150U,14th Gen / Series 1,Integrated Intel Arc Graphics,Laptop,"16.0""",,32GB LPDDR5X,512GB NVMe SSD,SSD,Windows 11 Home,2782,2782,2782,2782,0,0,USD,,InStock,https://www.amazon.es/products/hp-spectre-x360-16-intel-core-7,2026-08-28T08:15:27.551208+00:00,2026-08-28
Amazon - ES,Spain,ES,Amazon - ES,3P Marketplace,SKU-ES-0002,Lenovo Yoga 7i 2-in-1 - AMD Ryzen 9 7945HX (Laptop),,Lenovo,Yoga 7i 2-in-1,AMD,AMD Ryzen 9,AMD Ryzen 9,7945HX,Zen 4 / Dragon Range,Integrated Intel Arc Graphics,Laptop,"14.0""",,16GB DDR5,512GB NVMe SSD,SSD,Windows 11 Home,629,629,629,629,0,0,USD,,InStock,https://www.amazon.es/products/lenovo-yoga-7i-2-in-1-amd-ryzen-9,2026-08-28T08:15:27.551208+00:00,2026-08-28
Amazon - ES,Spain,ES,Amazon - ES,3P Marketplace,SKU-ES-0003,ASUS ROG Zephyrus G16 - Snapdragon X Elite X1E-80-100 (Laptop),,ASUS,ROG Zephyrus G16,Qualcomm,Snapdragon X Elite,Snapdragon X Elite,X1E-80-100,Oryon ARM,NVIDIA GeForce RTX 4060,Laptop,"16.0""",,32GB LPDDR5X,1TB NVMe SSD,SSD,Windows 11 Home,676,595,676,595,81,12,USD,,InStock,https://www.amazon.es/products/asus-rog-zephyrus-g16-snapdragon-x-elite,2026-08-28T08:15:27.551208+00:00,2026-08-28
Amazon - ES,Spain,ES,Amazon - ES,3P Marketplace,SKU-ES-0004,Acer Nitro 16 - Intel Core Ultra 9 185H (Laptop),,Acer,Nitro 16,Intel,Intel Core Ultra 9,Intel Core Ultra 9,185H,14th Gen / Meteor Lake,Integrated Intel Arc Graphics,Laptop,"14.0""",,16GB DDR5,512GB NVMe SSD,SSD,Windows 11 Home,723,723,723,723,0,0,USD,,InStock,https://www.amazon.es/products/acer-nitro-16-intel-core-ultra-9,2026-08-28T08:15:27.551208+00:00,2026-08-28
Amazon - ES,Spain,ES,Amazon - ES,3P Marketplace,SKU-ES-0005,Samsung Galaxy Book4 360 - Intel Core i9 14900HX (Laptop),,Samsung,Galaxy Book4 360,Intel,Intel Core i9,Intel Core i9,14900HX,14th Gen / Raptor Lake-HX,Integrated Intel Arc Graphics,Laptop,"16.0""",,32GB LPDDR5X,512GB NVMe SSD,SSD,Windows 11 Home,770,631,770,631,139,18,USD,,InStock,https://www.amazon.es/products/samsung-galaxy-book4-360-intel-core-i9,2026-08-28T08:15:27.551208+00:00,2026-08-28
Amazon - ES,Spain,ES,Amazon - ES,3P Marketplace,SKU-ES-0006,MSI Stealth 16 AI Studio - AMD Ryzen 5 7520U (Desktop PC),,MSI,Stealth 16 AI Studio,AMD,AMD Ryzen 5,AMD Ryzen 5,7520U,Zen 2 / Mendocino,NVIDIA GeForce RTX 4060,Desktop,"27""",,16GB DDR5,1TB NVMe SSD,SSD,Windows 11 Home,817,719,817,719,98,12,USD,,InStock,https://www.amazon.es/products/msi-stealth-16-ai-studio-amd-ryzen-5,2026-08-28T08:15:27.551208+00:00,2026-08-28
Amazon - ES,Spain,ES,Amazon - ES,3P Marketplace,SKU-ES-0007,"Apple MacBook Air 15"" M3 - Apple M3 M3 (Laptop)",,Apple,"MacBook Air 15"" M3",Apple,Apple M3,Apple M3,M3,3nm Apple Silicon,Integrated Intel Arc Graphics,Laptop,"16.0""",,32GB LPDDR5X,512GB NVMe SSD,SSD,Windows 11 Home,864,864,864,864,0,0,USD,,InStock,https://www.amazon.es/products/apple-macbook-air-15-m3-apple-m3,2026-08-28T08:15:27.551208+00:00,2026-08-28
Amazon - ES,Spain,ES,Amazon - ES,3P Marketplace,SKU-ES-0008,Dell XPS 16 (9640) - Intel Core Ultra 5 125H (Laptop),,Dell,XPS 16 (9640),Intel,Intel Core Ultra 5,Intel Core Ultra 5,125H,14th Gen / Meteor Lake,Integrated Intel Arc Graphics,Laptop,"14.0""",,16GB DDR5,512GB NVMe SSD,SSD,Windows 11 Home,911,911,911,911,0,0,USD,,InStock,https://www.amazon.es/products/dell-xps-16-9640--intel-core-ultra-5,2026-08-28T08:15:27.551208+00:00,2026-08-28
Amazon - ES,Spain,ES,Amazon - ES,3P Marketplace,SKU-ES-0009,HP Envy x360 15 - Intel Core i5 1335U (Laptop),,HP,Envy x360 15,Intel,Intel Core i5,Intel Core i5,1335U,13th Gen / Raptor Lake,NVIDIA GeForce RTX 4060,Laptop,"16.0""",,32GB LPDDR5X,1TB NVMe SSD,SSD,Windows 11 Home,958,843,958,843,115,12,USD,,InStock,https://www.amazon.es/products/hp-envy-x360-15-intel-core-i5,2026-08-28T08:15:27.551208+00:00,2026-08-28
Amazon - ES,Spain,ES,Amazon - ES,3P Marketplace,SKU-ES-0010,Lenovo IdeaPad Slim 5 - AMD Ryzen 7 7840HS (Laptop),,Lenovo,IdeaPad Slim 5,AMD,AMD Ryzen 7,AMD Ryzen 7,7840HS,Zen 4 / Phoenix,Integrated Intel Arc Graphics,Laptop,"14.0""",,16GB DDR5,512GB NVMe SSD,SSD,Windows 11 Home,1005,824,1005,824,181,18,USD,,InStock,https://www.amazon.es/products/lenovo-ideapad-slim-5-amd-ryzen-7,2026-08-28T08:15:27.551208+00:00,2026-08-28
Amazon - ES,Spain,ES,Amazon - ES,3P Marketplace,,ASUS ROG Strix SCAR 18 - Apple M3 Pro M3 Pro (Laptop),,ASUS,ROG Strix SCAR 18,Apple,Apple M3 Pro,Apple M3 Pro,M3 Pro,3nm Apple Silicon,Integrated Intel Arc Graphics,Laptop,"16.0""",,32GB LPDDR5X,512GB NVMe SSD,SSD,Windows 11 Home,1052,1052,1052,1052,0,0,USD,,InStock,https://www.amazon.es/products/asus-rog-strix-scar-18-apple-m3-pro,2026-08-28T08:15:27.551208+00:00,2026-08-28
Amazon - ES,Spain,ES,Amazon - ES,3P Marketplace,SKU-ES-0012,Acer TravelMate P6 - Intel Core Ultra 7 155H (Desktop PC),,Acer,TravelMate P6,Intel,Intel Core Ultra 7,Intel Core Ultra 7,155H,14th Gen / Meteor Lake,NVIDIA GeForce RTX 4060,Desktop,"27""",,16GB DDR5,1TB NVMe SSD,SSD,Windows 11 Home,1099,967,1099,967,132,12,USD,,InStock,https://www.amazon.es/products/acer-travelmate-p6-intel-core-ultra-7,2026-08-28T08:15:27.551208+00:00,2026-08-28
Amazon - ES,Spain,ES,Amazon - ES,3P Marketplace,SKU-ES-0013,Samsung Galaxy Book4 Ultra - Intel Core i7 13700H (Laptop),,Samsung,Galaxy Book4 Ultra,Intel,Intel Core i7,Intel Core i7,13700H,13th Gen / Raptor Lake,Integrated Intel Arc Graphics,Laptop,"16.0""",,32GB LPDDR5X,512GB NVMe SSD,SSD,Windows 11 Home,1146,1146,1146,1146,0,0,USD,,InStock,https://www.amazon.es/products/samsung-galaxy-book4-ultra-intel-core-i7,2026-08-28T08:15:27.551208+00:00,2026-08-28
Amazon - ES,Spain,ES,Amazon - ES,3P Marketplace,SKU-ES-0014,MSI Modern 14 - Intel Core 7 150U (Laptop),,MSI,Modern 14,Intel,Intel Core 7,Intel Core 7,150U,14th Gen / Series 1,Integrated Intel Arc Graphics,Laptop,"14.0""",,16GB DDR5,512GB NVMe SSD,SSD,Windows 11 Home,1193,1193,1193,1193,0,0,USD,,InStock,https://www.amazon.es/products/msi-modern-14-intel-core-7,2026-08-28T08:15:27.551208+00:00,2026-08-28
Amazon - ES,Spain,ES,Amazon - ES,3P Marketplace,SKU-ES-0015,"Apple MacBook Air 15"" M3 - AMD Ryzen 9 7945HX (Laptop)",,Apple,"MacBook Air 15"" M3",AMD,AMD Ryzen 9,AMD Ryzen 9,7945HX,Zen 4 / Dragon Range,NVIDIA GeForce RTX 4060,Laptop,"16.0""",,32GB LPDDR5X,1TB NVMe SSD,SSD,Windows 11 Home,1240,1091,1240,1091,149,12,USD,,InStock,https://www.amazon.es/products/apple-macbook-air-15-m3-amd-ryzen-9,2026-08-28T08:15:27.551208+00:00,2026-08-28
Amazon - ES,Spain,ES,Amazon - ES,3P Marketplace,SKU-ES-0016,Dell Inspiron 15 (3520) - Snapdragon X Elite X1E-80-100 (Laptop),,Dell,Inspiron 15 (3520),Qualcomm,Snapdragon X Elite,Snapdragon X Elite,X1E-80-100,Oryon ARM,Integrated Intel Arc Graphics,Laptop,"14.0""",,16GB DDR5,512GB NVMe SSD,SSD,Windows 11 Home,1287,1287,1287,1287,0,0,USD,,InStock,https://www.amazon.es/products/dell-inspiron-15-3520--snapdragon-x-elite,2026-08-28T08:15:27.551208+00:00,2026-08-28
Amazon - ES,Spain,ES,Amazon - ES,3P Marketplace,SKU-ES-0017,HP Pavilion Plus 14 - Intel Core Ultra 9 185H (Laptop),,HP,Pavilion Plus 14,Intel,Intel Core Ultra 9,Intel Core Ultra 9,185H,14th Gen / Meteor Lake,Integrated Intel Arc Graphics,Laptop,"16.0""",,32GB LPDDR5X,512GB NVMe SSD,SSD,Windows 11 Home,1334,1334,1334,1334,0,0,USD,,InStock,https://www.amazon.es/products/hp-pavilion-plus-14-intel-core-ultra-9,2026-08-28T08:15:27.551208+00:00,2026-08-28
Amazon - ES,Spain,ES,Amazon - ES,3P Marketplace,SKU-ES-0018,Lenovo Legion Pro 7i - Intel Core i9 14900HX (Desktop PC),,Lenovo,Legion Pro 7i,Intel,Intel Core i9,Intel Core i9,14900HX,14th Gen / Raptor Lake-HX,NVIDIA GeForce RTX 4060,Desktop,"27""",,16GB DDR5,1TB NVMe SSD,SSD,Windows 11 Home,1381,1215,1381,1215,166,12,USD,,InStock,https://www.amazon.es/products/lenovo-legion-pro-7i-intel-core-i9,2026-08-28T08:15:27.551208+00:00,2026-08-28
Amazon - ES,Spain,ES,Amazon - ES,3P Marketplace,SKU-ES-0019,ASUS TUF Gaming A15 - AMD Ryzen 5 7520U (Laptop),,ASUS,TUF Gaming A15,AMD,AMD Ryzen 5,AMD Ryzen 5,7520U,Zen 2 / Mendocino,Integrated Intel Arc Graphics,Laptop,"16.0""",,32GB LPDDR5X,512GB NVMe SSD,SSD,Windows 11 Home,1428,1428,1428,1428,0,0,USD,,InStock,https://www.amazon.es/products/asus-tuf-gaming-a15-amd-ryzen-5,2026-08-28T08:15:27.551208+00:00,2026-08-28
Amazon - ES,Spain,ES,Amazon - ES,3P Marketplace,SKU-ES-0020,Acer Spin 5 - Apple M3 M3 (Laptop),,Acer,Spin 5,Apple,Apple M3,Apple M3,M3,3nm Apple Silicon,Integrated Intel Arc Graphics,Laptop,"14.0""",,16GB DDR5,512GB NVMe SSD,SSD,Windows 11 Home,1475,1209,1475,1209,266,18,USD,,InStock,https://www.amazon.es/products/acer-spin-5-apple-m3,2026-08-28T08:15:27.551208+00:00,2026-08-28
Amazon - ES,Spain,ES,Amazon - ES,3P Marketplace,SKU-ES-0021,Samsung Galaxy Book4 Pro - Intel Core Ultra 5 125H (Laptop),,Samsung,Galaxy Book4 Pro,Intel,Intel Core Ultra 5,Intel Core Ultra 5,125H,14th Gen / Meteor Lake,NVIDIA GeForce RTX 4060,Laptop,"16.0""",,32GB LPDDR5X,1TB NVMe SSD,SSD,Windows 11 Home,1522,1339,1522,1339,183,12,USD,,InStock,https://www.amazon.es/products/samsung-galaxy-book4-pro-intel-core-ultra-5,2026-08-28T08:15:27.551208+00:00,2026-08-28
Amazon - ES,Spain,ES,Amazon - ES,3P Marketplace,,MSI Raider GE78 HX - Intel Core i5 1335U (Laptop),,MSI,Raider GE78 HX,Intel,Intel Core i5,Intel Core i5,1335U,13th Gen / Raptor Lake,Integrated Intel Arc Graphics,Laptop,"14.0""",,16GB DDR5,512GB NVMe SSD,SSD,Windows 11 Home,1569,1569,1569,1569,0,0,USD,,InStock,https://www.amazon.es/products/msi-raider-ge78-hx-intel-core-i5,2026-08-28T08:15:27.551208+00:00,2026-08-28
Amazon - ES,Spain,ES,Amazon - ES,3P Marketplace,SKU-ES-0023,"Apple MacBook Air 15"" M3 - AMD Ryzen 7 7840HS (Laptop)",,Apple,"MacBook Air 15"" M3",AMD,AMD Ryzen 7,AMD Ryzen 7,7840HS,Zen 4 / Phoenix,Integrated Intel Arc Graphics,Laptop,"16.0""",,32GB LPDDR5X,512GB NVMe SSD,SSD,Windows 11 Home,1616,1616,1616,1616,0,0,USD,,InStock,https://www.amazon.es/products/apple-macbook-air-15-m3-amd-ryzen-7,2026-08-28T08:15:27.551208+00:00,2026-08-28
Amazon - ES,Spain,ES,Amazon - ES,3P Marketplace,SKU-ES-0024,Dell Inspiron 16 Plus (7640) - Apple M3 Pro M3 Pro (Desktop PC),,Dell,Inspiron 16 Plus (7640),Apple,Apple M3 Pro,Apple M3 Pro,M3 Pro,3nm Apple Silicon,NVIDIA GeForce RTX 4060,Desktop,"27""",,16GB DDR5,1TB NVMe SSD,SSD,Windows 11 Home,1663,1463,1663,1463,200,12,USD,,InStock,https://www.amazon.es/products/dell-inspiron-16-plus-7640--apple-m3-pro,2026-08-28T08:15:27.551208+00:00,2026-08-28
Amazon - ES,Spain,ES,Amazon - ES,3P Marketplace,SKU-ES-0025,HP OMEN 16 Transcend - Intel Core Ultra 7 155H (Laptop),,HP,OMEN 16 Transcend,Intel,Intel Core Ultra 7,Intel Core Ultra 7,155H,14th Gen / Meteor Lake,Integrated Intel Arc Graphics,Laptop,"16.0""",,32GB LPDDR5X,512GB NVMe SSD,SSD,Windows 11 Home,1710,1402,1710,1402,308,18,USD,,InStock,https://www.amazon.es/products/hp-omen-16-transcend-intel-core-ultra-7,2026-08-28T08:15:27.551208+00:00,2026-08-28
Amazon - ES,Spain,ES,Amazon - ES,3P Marketplace,SKU-ES-0026,Lenovo ThinkBook 16 Gen 6 - Intel Core i7 13700H (Laptop),,Lenovo,ThinkBook 16 Gen 6,Intel,Intel Core i7,Intel Core i7,13700H,13th Gen / Raptor Lake,Integrated Intel Arc Graphics,Laptop,"14.0""",,16GB DDR5,512GB NVMe SSD,SSD,Windows 11 Home,1757,1757,1757,1757,0,0,USD,,InStock,https://www.amazon.es/products/lenovo-thinkbook-16-gen-6-intel-core-i7,2026-08-28T08:15:27.551208+00:00,2026-08-28
Amazon - ES,Spain,ES,Amazon - ES,3P Marketplace,SKU-ES-0027,ASUS ExpertBook B9 - Intel Core 7 150U (Laptop),,ASUS,ExpertBook B9,Intel,Intel Core 7,Intel Core 7,150U,14th Gen / Series 1,NVIDIA GeForce RTX 4060,Laptop,"16.0""",,32GB LPDDR5X,1TB NVMe SSD,SSD,Windows 11 Home,1804,1588,1804,1588,216,12,USD,,InStock,https://www.amazon.es/products/asus-expertbook-b9-intel-core-7,2026-08-28T08:15:27.551208+00:00,2026-08-28
Amazon - ES,Spain,ES,Amazon - ES,3P Marketplace,SKU-ES-0028,Acer Swift Go 14 AI - AMD Ryzen 9 7945HX (Laptop),,Acer,Swift Go 14 AI,AMD,AMD Ryzen 9,AMD Ryzen 9,7945HX,Zen 4 / Dragon Range,Integrated Intel Arc Graphics,Laptop,"14.0""",,16GB DDR5,512GB NVMe SSD,SSD,Windows 11 Home,1851,1851,1851,1851,0,0,USD,,InStock,https://www.amazon.es/products/acer-swift-go-14-ai-amd-ryzen-9,2026-08-28T08:15:27.551208+00:00,2026-08-28
Amazon - ES,Spain,ES,Amazon - ES,3P Marketplace,SKU-ES-0029,Samsung Galaxy Book4 360 - Snapdragon X Elite X1E-80-100 (Laptop),,Samsung,Galaxy Book4 360,Qualcomm,Snapdragon X Elite,Snapdragon X Elite,X1E-80-100,Oryon ARM,Integrated Intel Arc Graphics,Laptop,"16.0""",,32GB LPDDR5X,512GB NVMe SSD,SSD,Windows 11 Home,1898,1898,1898,1898,0,0,USD,,InStock,https://www.amazon.es/products/samsung-galaxy-book4-360-snapdragon-x-elite,2026-08-28T08:15:27.551208+00:00,2026-08-28
Amazon - ES,Spain,ES,Amazon - ES,3P Marketplace,SKU-ES-0030,MSI Prestige 16 AI Evo - Intel Core Ultra 9 185H (Desktop PC),,MSI,Prestige 16 AI Evo,Intel,Intel Core Ultra 9,Intel Core Ultra 9,185H,14th Gen / Meteor Lake,NVIDIA GeForce RTX 4060,Desktop,"27""",,16GB DDR5,1TB NVMe SSD,SSD,Windows 11 Home,1945,1712,1945,1712,233,12,USD,,InStock,https://www.amazon.es/products/msi-prestige-16-ai-evo-intel-core-ultra-9,2026-08-28T08:15:27.551208+00:00,2026-08-28
Amazon - ES,Spain,ES,Amazon - ES,3P Marketplace,SKU-ES-0031,"Apple MacBook Air 15"" M3 - Intel Core i9 14900HX (Laptop)",,Apple,"MacBook Air 15"" M3",Intel,Intel Core i9,Intel Core i9,14900HX,14th Gen / Raptor Lake-HX,Integrated Intel Arc Graphics,Laptop,"16.0""",,32GB LPDDR5X,512GB NVMe SSD,SSD,Windows 11 Home,1992,1992,1992,1992,0,0,USD,,InStock,https://www.amazon.es/products/apple-macbook-air-15-m3-intel-core-i9,2026-08-28T08:15:27.551208+00:00,2026-08-28
MediaMarkt - ES,Spain,ES,MediaMarkt - ES,1P Retailer,SKU-ES-0001,Dell XPS 16 (9640) - Apple M3 M3 (Laptop),,Dell,XPS 16 (9640),Apple,Apple M3,Apple M3,M3,3nm Apple Silicon,Integrated Intel Arc Graphics,Laptop,"16.0""",,32GB LPDDR5X,512GB NVMe SSD,SSD,Windows 11 Home,671,671,671,671,0,0,USD,,InStock,https://www.mediamarkt.es/products/dell-xps-16-9640--apple-m3,2026-08-28T08:15:27.551208+00:00,2026-08-28
MediaMarkt - ES,Spain,ES,MediaMarkt - ES,1P Retailer,SKU-ES-0002,HP Envy x360 15 - Intel Core Ultra 5 125H (Laptop),,HP,Envy x360 15,Intel,Intel Core Ultra 5,Intel Core Ultra 5,125H,14th Gen / Meteor Lake,Integrated Intel Arc Graphics,Laptop,"14.0""",,16GB DDR5,512GB NVMe SSD,SSD,Windows 11 Home,718,718,718,718,0,0,USD,,InStock,https://www.mediamarkt.es/products/hp-envy-x360-15-intel-core-ultra-5,2026-08-28T08:15:27.551208+00:00,2026-08-28
MediaMarkt - ES,Spain,ES,MediaMarkt - ES,1P Retailer,SKU-ES-0003,Lenovo IdeaPad Slim 5 - Intel Core i5 1335U (Laptop),,Lenovo,IdeaPad Slim 5,Intel,Intel Core i5,Intel Core i5,1335U,13th Gen / Raptor Lake,NVIDIA GeForce RTX 4060,Laptop,"16.0""",,32GB LPDDR5X,1TB NVMe SSD,SSD,Windows 11 Home,765,673,765,673,92,12,USD,,InStock,https://www.mediamarkt.es/products/lenovo-ideapad-slim-5-intel-core-i5,2026-08-28T08:15:27.551208+00:00,2026-08-28
MediaMarkt - ES,Spain,ES,MediaMarkt - ES,1P Retailer,SKU-ES-0004,ASUS ROG Strix SCAR 18 - AMD Ryzen 7 7840HS (Laptop),,ASUS,ROG Strix SCAR 18,AMD,AMD Ryzen 7,AMD Ryzen 7,7840HS,Zen 4 / Phoenix,Integrated Intel Arc Graphics,Laptop,"14.0""",,16GB DDR5,512GB NVMe SSD,SSD,Windows 11 Home,812,812,812,812,0,0,USD,,InStock,https://www.mediamarkt.es/products/asus-rog-strix-scar-18-amd-ryzen-7,2026-08-28T08:15:27.551208+00:00,2026-08-28
MediaMarkt - ES,Spain,ES,MediaMarkt - ES,1P Retailer,SKU-ES-0005,Acer TravelMate P6 - Apple M3 Pro M3 Pro (Laptop),,Acer,TravelMate P6,Apple,Apple M3 Pro,Apple M3 Pro,M3 Pro,3nm Apple Silicon,Integrated Intel Arc Graphics,Laptop,"16.0""",,32GB LPDDR5X,512GB NVMe SSD,SSD,Windows 11 Home,859,704,859,704,155,18,USD,,InStock,https://www.mediamarkt.es/products/acer-travelmate-p6-apple-m3-pro,2026-08-28T08:15:27.551208+00:00,2026-08-28
MediaMarkt - ES,Spain,ES,MediaMarkt - ES,1P Retailer,SKU-ES-0006,Samsung Galaxy Book4 Pro - Intel Core Ultra 7 155H (Desktop PC),,Samsung,Galaxy Book4 Pro,Intel,Intel Core Ultra 7,Intel Core Ultra 7,155H,14th Gen / Meteor Lake,NVIDIA GeForce RTX 4060,Desktop,"27""",,16GB DDR5,1TB NVMe SSD,SSD,Windows 11 Home,906,797,906,797,109,12,USD,,InStock,https://www.mediamarkt.es/products/samsung-galaxy-book4-pro-intel-core-ultra-7,2026-08-28T08:15:27.551208+00:00,2026-08-28
MediaMarkt - ES,Spain,ES,MediaMarkt - ES,1P Retailer,SKU-ES-0007,MSI Raider GE78 HX - Intel Core i7 13700H (Laptop),,MSI,Raider GE78 HX,Intel,Intel Core i7,Intel Core i7,13700H,13th Gen / Raptor Lake,Integrated Intel Arc Graphics,Laptop,"16.0""",,32GB LPDDR5X,512GB NVMe SSD,SSD,Windows 11 Home,953,953,953,953,0,0,USD,,InStock,https://www.mediamarkt.es/products/msi-raider-ge78-hx-intel-core-i7,2026-08-28T08:15:27.551208+00:00,2026-08-28
MediaMarkt - ES,Spain,ES,MediaMarkt - ES,1P Retailer,SKU-ES-0008,"Apple MacBook Pro 14"" M3 - Intel Core 7 150U (Laptop)",,Apple,"MacBook Pro 14"" M3",Intel,Intel Core 7,Intel Core 7,150U,14th Gen / Series 1,Integrated Intel Arc Graphics,Laptop,"14.0""",,16GB DDR5,512GB NVMe SSD,SSD,Windows 11 Home,1000,1000,1000,1000,0,0,USD,,InStock,https://www.mediamarkt.es/products/apple-macbook-pro-14-m3-intel-core-7,2026-08-28T08:15:27.551208+00:00,2026-08-28
MediaMarkt - ES,Spain,ES,MediaMarkt - ES,1P Retailer,SKU-ES-0009,Dell Inspiron 15 (3520) - AMD Ryzen 9 7945HX (Laptop),,Dell,Inspiron 15 (3520),AMD,AMD Ryzen 9,AMD Ryzen 9,7945HX,Zen 4 / Dragon Range,NVIDIA GeForce RTX 4060,Laptop,"16.0""",,32GB LPDDR5X,1TB NVMe SSD,SSD,Windows 11 Home,1047,921,1047,921,126,12,USD,,InStock,https://www.mediamarkt.es/products/dell-inspiron-15-3520--amd-ryzen-9,2026-08-28T08:15:27.551208+00:00,2026-08-28
MediaMarkt - ES,Spain,ES,MediaMarkt - ES,1P Retailer,SKU-ES-0010,HP Pavilion Plus 14 - Snapdragon X Elite X1E-80-100 (Laptop),,HP,Pavilion Plus 14,Qualcomm,Snapdragon X Elite,Snapdragon X Elite,X1E-80-100,Oryon ARM,Integrated Intel Arc Graphics,Laptop,"14.0""",,16GB DDR5,512GB NVMe SSD,SSD,Windows 11 Home,1094,897,1094,897,197,18,USD,,InStock,https://www.mediamarkt.es/products/hp-pavilion-plus-14-snapdragon-x-elite,2026-08-28T08:15:27.551208+00:00,2026-08-28
MediaMarkt - ES,Spain,ES,MediaMarkt - ES,1P Retailer,,Lenovo Legion Pro 7i - Intel Core Ultra 9 185H (Laptop),,Lenovo,Legion Pro 7i,Intel,Intel Core Ultra 9,Intel Core Ultra 9,185H,14th Gen / Meteor Lake,Integrated Intel Arc Graphics,Laptop,"16.0""",,32GB LPDDR5X,512GB NVMe SSD,SSD,Windows 11 Home,1141,1141,1141,1141,0,0,USD,,InStock,https://www.mediamarkt.es/products/lenovo-legion-pro-7i-intel-core-ultra-9,2026-08-28T08:15:27.551208+00:00,2026-08-28
MediaMarkt - ES,Spain,ES,MediaMarkt - ES,1P Retailer,SKU-ES-0012,ASUS TUF Gaming A15 - Intel Core i9 14900HX (Desktop PC),,ASUS,TUF Gaming A15,Intel,Intel Core i9,Intel Core i9,14900HX,14th Gen / Raptor Lake-HX,NVIDIA GeForce RTX 4060,Desktop,"27""",,16GB DDR5,1TB NVMe SSD,SSD,Windows 11 Home,1188,1045,1188,1045,143,12,USD,,InStock,https://www.mediamarkt.es/products/asus-tuf-gaming-a15-intel-core-i9,2026-08-28T08:15:27.551208+00:00,2026-08-28
MediaMarkt - ES,Spain,ES,MediaMarkt - ES,1P Retailer,SKU-ES-0013,Acer Spin 5 - AMD Ryzen 5 7520U (Laptop),,Acer,Spin 5,AMD,AMD Ryzen 5,AMD Ryzen 5,7520U,Zen 2 / Mendocino,Integrated Intel Arc Graphics,Laptop,"16.0""",,32GB LPDDR5X,512GB NVMe SSD,SSD,Windows 11 Home,1235,1235,1235,1235,0,0,USD,,InStock,https://www.mediamarkt.es/products/acer-spin-5-amd-ryzen-5,2026-08-28T08:15:27.551208+00:00,2026-08-28
MediaMarkt - ES,Spain,ES,MediaMarkt - ES,1P Retailer,SKU-ES-0014,Samsung Galaxy Book4 360 - Apple M3 M3 (Laptop),,Samsung,Galaxy Book4 360,Apple,Apple M3,Apple M3,M3,3nm Apple Silicon,Integrated Intel Arc Graphics,Laptop,"14.0""",,16GB DDR5,512GB NVMe SSD,SSD,Windows 11 Home,1282,1282,1282,1282,0,0,USD,,InStock,https://www.mediamarkt.es/products/samsung-galaxy-book4-360-apple-m3,2026-08-28T08:15:27.551208+00:00,2026-08-28
MediaMarkt - ES,Spain,ES,MediaMarkt - ES,1P Retailer,SKU-ES-0015,MSI Prestige 16 AI Evo - Intel Core Ultra 5 125H (Laptop),,MSI,Prestige 16 AI Evo,Intel,Intel Core Ultra 5,Intel Core Ultra 5,125H,14th Gen / Meteor Lake,NVIDIA GeForce RTX 4060,Laptop,"16.0""",,32GB LPDDR5X,1TB NVMe SSD,SSD,Windows 11 Home,1329,1170,1329,1170,159,12,USD,,InStock,https://www.mediamarkt.es/products/msi-prestige-16-ai-evo-intel-core-ultra-5,2026-08-28T08:15:27.551208+00:00,2026-08-28
MediaMarkt - ES,Spain,ES,MediaMarkt - ES,1P Retailer,SKU-ES-0016,"Apple MacBook Pro 14"" M3 - Intel Core i5 1335U (Laptop)",,Apple,"MacBook Pro 14"" M3",Intel,Intel Core i5,Intel Core i5,1335U,13th Gen / Raptor Lake,Integrated Intel Arc Graphics,Laptop,"14.0""",,16GB DDR5,512GB NVMe SSD,SSD,Windows 11 Home,1376,1376,1376,1376,0,0,USD,,InStock,https://www.mediamarkt.es/products/apple-macbook-pro-14-m3-intel-core-i5,2026-08-28T08:15:27.551208+00:00,2026-08-28
MediaMarkt - ES,Spain,ES,MediaMarkt - ES,1P Retailer,SKU-ES-0017,Dell Inspiron 16 Plus (7640) - AMD Ryzen 7 7840HS (Laptop),,Dell,Inspiron 16 Plus (7640),AMD,AMD Ryzen 7,AMD Ryzen 7,7840HS,Zen 4 / Phoenix,Integrated Intel Arc Graphics,Laptop,"16.0""",,32GB LPDDR5X,512GB NVMe SSD,SSD,Windows 11 Home,1423,1423,1423,1423,0,0,USD,,InStock,https://www.mediamarkt.es/products/dell-inspiron-16-plus-7640--amd-ryzen-7,2026-08-28T08:15:27.551208+00:00,2026-08-28
MediaMarkt - ES,Spain,ES,MediaMarkt - ES,1P Retailer,SKU-ES-0018,HP OMEN 16 Transcend - Apple M3 Pro M3 Pro (Desktop PC),,HP,OMEN 16 Transcend,Apple,Apple M3 Pro,Apple M3 Pro,M3 Pro,3nm Apple Silicon,NVIDIA GeForce RTX 4060,Desktop,"27""",,16GB DDR5,1TB NVMe SSD,SSD,Windows 11 Home,1470,1294,1470,1294,176,12,USD,,InStock,https://www.mediamarkt.es/products/hp-omen-16-transcend-apple-m3-pro,2026-08-28T08:15:27.551208+00:00,2026-08-28
MediaMarkt - ES,Spain,ES,MediaMarkt - ES,1P Retailer,SKU-ES-0019,Lenovo ThinkBook 16 Gen 6 - Intel Core Ultra 7 155H (Laptop),,Lenovo,ThinkBook 16 Gen 6,Intel,Intel Core Ultra 7,Intel Core Ultra 7,155H,14th Gen / Meteor Lake,Integrated Intel Arc Graphics,Laptop,"16.0""",,32GB LPDDR5X,512GB NVMe SSD,SSD,Windows 11 Home,1517,1517,1517,1517,0,0,USD,,InStock,https://www.mediamarkt.es/products/lenovo-thinkbook-16-gen-6-intel-core-ultra-7,2026-08-28T08:15:27.551208+00:00,2026-08-28
MediaMarkt - ES,Spain,ES,MediaMarkt - ES,1P Retailer,SKU-ES-0020,ASUS ExpertBook B9 - Intel Core i7 13700H (Laptop),,ASUS,ExpertBook B9,Intel,Intel Core i7,Intel Core i7,13700H,13th Gen / Raptor Lake,Integrated Intel Arc Graphics,Laptop,"14.0""",,16GB DDR5,512GB NVMe SSD,SSD,Windows 11 Home,1564,1282,1564,1282,282,18,USD,,InStock,https://www.mediamarkt.es/products/asus-expertbook-b9-intel-core-i7,2026-08-28T08:15:27.551208+00:00,2026-08-28
MediaMarkt - ES,Spain,ES,MediaMarkt - ES,1P Retailer,SKU-ES-0021,Acer Swift Go 14 AI - Intel Core 7 150U (Laptop),,Acer,Swift Go 14 AI,Intel,Intel Core 7,Intel Core 7,150U,14th Gen / Series 1,NVIDIA GeForce RTX 4060,Laptop,"16.0""",,32GB LPDDR5X,1TB NVMe SSD,SSD,Windows 11 Home,1611,1418,1611,1418,193,12,USD,,InStock,https://www.mediamarkt.es/products/acer-swift-go-14-ai-intel-core-7,2026-08-28T08:15:27.551208+00:00,2026-08-28
MediaMarkt - ES,Spain,ES,MediaMarkt - ES,1P Retailer,,Samsung Galaxy Book4 Ultra - AMD Ryzen 9 7945HX (Laptop),,Samsung,Galaxy Book4 Ultra,AMD,AMD Ryzen 9,AMD Ryzen 9,7945HX,Zen 4 / Dragon Range,Integrated Intel Arc Graphics,Laptop,"14.0""",,16GB DDR5,512GB NVMe SSD,SSD,Windows 11 Home,1658,1658,1658,1658,0,0,USD,,InStock,https://www.mediamarkt.es/products/samsung-galaxy-book4-ultra-amd-ryzen-9,2026-08-28T08:15:27.551208+00:00,2026-08-28
MediaMarkt - ES,Spain,ES,MediaMarkt - ES,1P Retailer,SKU-ES-0023,MSI Cyborg 15 - Snapdragon X Elite X1E-80-100 (Laptop),,MSI,Cyborg 15,Qualcomm,Snapdragon X Elite,Snapdragon X Elite,X1E-80-100,Oryon ARM,Integrated Intel Arc Graphics,Laptop,"16.0""",,32GB LPDDR5X,512GB NVMe SSD,SSD,Windows 11 Home,1705,1705,1705,1705,0,0,USD,,InStock,https://www.mediamarkt.es/products/msi-cyborg-15-snapdragon-x-elite,2026-08-28T08:15:27.551208+00:00,2026-08-28
MediaMarkt - ES,Spain,ES,MediaMarkt - ES,1P Retailer,SKU-ES-0024,"Apple MacBook Pro 14"" M3 - Intel Core Ultra 9 185H (Desktop PC)",,Apple,"MacBook Pro 14"" M3",Intel,Intel Core Ultra 9,Intel Core Ultra 9,185H,14th Gen / Meteor Lake,NVIDIA GeForce RTX 4060,Desktop,"27""",,16GB DDR5,1TB NVMe SSD,SSD,Windows 11 Home,1752,1542,1752,1542,210,12,USD,,InStock,https://www.mediamarkt.es/products/apple-macbook-pro-14-m3-intel-core-ultra-9,2026-08-28T08:15:27.551208+00:00,2026-08-28
MediaMarkt - ES,Spain,ES,MediaMarkt - ES,1P Retailer,SKU-ES-0025,Dell Alienware m16 R2 - Intel Core i9 14900HX (Laptop),,Dell,Alienware m16 R2,Intel,Intel Core i9,Intel Core i9,14900HX,14th Gen / Raptor Lake-HX,Integrated Intel Arc Graphics,Laptop,"16.0""",,32GB LPDDR5X,512GB NVMe SSD,SSD,Windows 11 Home,1799,1475,1799,1475,324,18,USD,,InStock,https://www.mediamarkt.es/products/dell-alienware-m16-r2-intel-core-i9,2026-08-28T08:15:27.551208+00:00,2026-08-28
MediaMarkt - ES,Spain,ES,MediaMarkt - ES,1P Retailer,SKU-ES-0026,HP Victus 15 - AMD Ryzen 5 7520U (Laptop),,HP,Victus 15,AMD,AMD Ryzen 5,AMD Ryzen 5,7520U,Zen 2 / Mendocino,Integrated Intel Arc Graphics,Laptop,"14.0""",,16GB DDR5,512GB NVMe SSD,SSD,Windows 11 Home,1846,1846,1846,1846,0,0,USD,,InStock,https://www.mediamarkt.es/products/hp-victus-15-amd-ryzen-5,2026-08-28T08:15:27.551208+00:00,2026-08-28
MediaMarkt - ES,Spain,ES,MediaMarkt - ES,1P Retailer,SKU-ES-0027,Lenovo LOQ 15IRX9 - Apple M3 M3 (Laptop),,Lenovo,LOQ 15IRX9,Apple,Apple M3,Apple M3,M3,3nm Apple Silicon,NVIDIA GeForce RTX 4060,Laptop,"16.0""",,32GB LPDDR5X,1TB NVMe SSD,SSD,Windows 11 Home,1893,1666,1893,1666,227,12,USD,,InStock,https://www.mediamarkt.es/products/lenovo-loq-15irx9-apple-m3,2026-08-28T08:15:27.551208+00:00,2026-08-28
MediaMarkt - ES,Spain,ES,MediaMarkt - ES,1P Retailer,SKU-ES-0028,ASUS Zenbook Duo (2024) - Intel Core Ultra 5 125H (Laptop),,ASUS,Zenbook Duo (2024),Intel,Intel Core Ultra 5,Intel Core Ultra 5,125H,14th Gen / Meteor Lake,Integrated Intel Arc Graphics,Laptop,"14.0""",,16GB DDR5,512GB NVMe SSD,SSD,Windows 11 Home,1940,1940,1940,1940,0,0,USD,,InStock,https://www.mediamarkt.es/products/asus-zenbook-duo-2024--intel-core-ultra-5,2026-08-28T08:15:27.551208+00:00,2026-08-28
MediaMarkt - ES,Spain,ES,MediaMarkt - ES,1P Retailer,SKU-ES-0029,Acer Swift X 14 - Intel Core i5 1335U (Laptop),,Acer,Swift X 14,Intel,Intel Core i5,Intel Core i5,1335U,13th Gen / Raptor Lake,Integrated Intel Arc Graphics,Laptop,"16.0""",,32GB LPDDR5X,512GB NVMe SSD,SSD,Windows 11 Home,1987,1987,1987,1987,0,0,USD,,InStock,https://www.mediamarkt.es/products/acer-swift-x-14-intel-core-i5,2026-08-28T08:15:27.551208+00:00,2026-08-28
MediaMarkt - ES,Spain,ES,MediaMarkt - ES,1P Retailer,SKU-ES-0030,Samsung Galaxy Book4 Pro - AMD Ryzen 7 7840HS (Desktop PC),,Samsung,Galaxy Book4 Pro,AMD,AMD Ryzen 7,AMD Ryzen 7,7840HS,Zen 4 / Phoenix,NVIDIA GeForce RTX 4060,Desktop,"27""",,16GB DDR5,1TB NVMe SSD,SSD,Windows 11 Home,2034,1790,2034,1790,244,12,USD,,InStock,https://www.mediamarkt.es/products/samsung-galaxy-book4-pro-amd-ryzen-7,2026-08-28T08:15:27.551208+00:00,2026-08-28
Amazon - IN,India,IN,Amazon - IN,3P Marketplace,SKU-IN-0001,"Apple MacBook Pro 16"" M3 Max - Intel Core i7 13700H (Laptop)",,Apple,"MacBook Pro 16"" M3 Max",Intel,Intel Core i7,Intel Core i7,13700H,13th Gen / Raptor Lake,Integrated Intel Arc Graphics,Laptop,"16.0""",,32GB LPDDR5X,512GB NVMe SSD,SSD,Windows 11 Home,760,760,760,760,0,0,USD,,InStock,https://www.amazon.in/products/apple-macbook-pro-16-m3-max-intel-core-i7,2026-08-28T08:15:27.551208+00:00,2026-08-28
Amazon - IN,India,IN,Amazon - IN,3P Marketplace,SKU-IN-0002,Dell Inspiron 15 (3520) - Intel Core 7 150U (Laptop),,Dell,Inspiron 15 (3520),Intel,Intel Core 7,Intel Core 7,150U,14th Gen / Series 1,Integrated Intel Arc Graphics,Laptop,"14.0""",,16GB DDR5,512GB NVMe SSD,SSD,Windows 11 Home,807,807,807,807,0,0,USD,,InStock,https://www.amazon.in/products/dell-inspiron-15-3520--intel-core-7,2026-08-28T08:15:27.551208+00:00,2026-08-28
Amazon - IN,India,IN,Amazon - IN,3P Marketplace,SKU-IN-0003,HP Pavilion Plus 14 - AMD Ryzen 9 7945HX (Laptop),,HP,Pavilion Plus 14,AMD,AMD Ryzen 9,AMD Ryzen 9,7945HX,Zen 4 / Dragon Range,NVIDIA GeForce RTX 4060,Laptop,"16.0""",,32GB LPDDR5X,1TB NVMe SSD,SSD,Windows 11 Home,854,752,854,752,102,12,USD,,InStock,https://www.amazon.in/products/hp-pavilion-plus-14-amd-ryzen-9,2026-08-28T08:15:27.551208+00:00,2026-08-28
Amazon - IN,India,IN,Amazon - IN,3P Marketplace,SKU-IN-0004,Lenovo Legion Pro 7i - Snapdragon X Elite X1E-80-100 (Laptop),,Lenovo,Legion Pro 7i,Qualcomm,Snapdragon X Elite,Snapdragon X Elite,X1E-80-100,Oryon ARM,Integrated Intel Arc Graphics,Laptop,"14.0""",,16GB DDR5,512GB NVMe SSD,SSD,Windows 11 Home,901,901,901,901,0,0,USD,,InStock,https://www.amazon.in/products/lenovo-legion-pro-7i-snapdragon-x-elite,2026-08-28T08:15:27.551208+00:00,2026-08-28
Amazon - IN,India,IN,Amazon - IN,3P Marketplace,SKU-IN-0005,ASUS TUF Gaming A15 - Intel Core Ultra 9 185H (Laptop),,ASUS,TUF Gaming A15,Intel,Intel Core Ultra 9,Intel Core Ultra 9,185H,14th Gen / Meteor Lake,Integrated Intel Arc Graphics,Laptop,"16.0""",,32GB LPDDR5X,512GB NVMe SSD,SSD,Windows 11 Home,948,777,948,777,171,18,USD,,InStock,https://www.amazon.in/products/asus-tuf-gaming-a15-intel-core-ultra-9,2026-08-28T08:15:27.551208+00:00,2026-08-28
Amazon - IN,India,IN,Amazon - IN,3P Marketplace,SKU-IN-0006,Acer Spin 5 - Intel Core i9 14900HX (Desktop PC),,Acer,Spin 5,Intel,Intel Core i9,Intel Core i9,14900HX,14th Gen / Raptor Lake-HX,NVIDIA GeForce RTX 4060,Desktop,"27""",,16GB DDR5,1TB NVMe SSD,SSD,Windows 11 Home,995,876,995,876,119,12,USD,,InStock,https://www.amazon.in/products/acer-spin-5-intel-core-i9,2026-08-28T08:15:27.551208+00:00,2026-08-28
Amazon - IN,India,IN,Amazon - IN,3P Marketplace,SKU-IN-0007,Samsung Galaxy Book4 Ultra - AMD Ryzen 5 7520U (Laptop),,Samsung,Galaxy Book4 Ultra,AMD,AMD Ryzen 5,AMD Ryzen 5,7520U,Zen 2 / Mendocino,Integrated Intel Arc Graphics,Laptop,"16.0""",,32GB LPDDR5X,512GB NVMe SSD,SSD,Windows 11 Home,1042,1042,1042,1042,0,0,USD,,InStock,https://www.amazon.in/products/samsung-galaxy-book4-ultra-amd-ryzen-5,2026-08-28T08:15:27.551208+00:00,2026-08-28
Amazon - IN,India,IN,Amazon - IN,3P Marketplace,SKU-IN-0008,MSI Cyborg 15 - Apple M3 M3 (Laptop),,MSI,Cyborg 15,Apple,Apple M3,Apple M3,M3,3nm Apple Silicon,Integrated Intel Arc Graphics,Laptop,"14.0""",,16GB DDR5,512GB NVMe SSD,SSD,Windows 11 Home,1089,1089,1089,1089,0,0,USD,,InStock,https://www.amazon.in/products/msi-cyborg-15-apple-m3,2026-08-28T08:15:27.551208+00:00,2026-08-28
Amazon - IN,India,IN,Amazon - IN,3P Marketplace,SKU-IN-0009,"Apple MacBook Pro 16"" M3 Max - Intel Core Ultra 5 125H (Laptop)",,Apple,"MacBook Pro 16"" M3 Max",Intel,Intel Core Ultra 5,Intel Core Ultra 5,125H,14th Gen / Meteor Lake,NVIDIA GeForce RTX 4060,Laptop,"16.0""",,32GB LPDDR5X,1TB NVMe SSD,SSD,Windows 11 Home,1136,1000,1136,1000,136,12,USD,,InStock,https://www.amazon.in/products/apple-macbook-pro-16-m3-max-intel-core-ultra-5,2026-08-28T08:15:27.551208+00:00,2026-08-28
Amazon - IN,India,IN,Amazon - IN,3P Marketplace,SKU-IN-0010,Dell Inspiron 16 Plus (7640) - Intel Core i5 1335U (Laptop),,Dell,Inspiron 16 Plus (7640),Intel,Intel Core i5,Intel Core i5,1335U,13th Gen / Raptor Lake,Integrated Intel Arc Graphics,Laptop,"14.0""",,16GB DDR5,512GB NVMe SSD,SSD,Windows 11 Home,1183,970,1183,970,213,18,USD,,InStock,https://www.amazon.in/products/dell-inspiron-16-plus-7640--intel-core-i5,2026-08-28T08:15:27.551208+00:00,2026-08-28
Amazon - IN,India,IN,Amazon - IN,3P Marketplace,,HP OMEN 16 Transcend - AMD Ryzen 7 7840HS (Laptop),,HP,OMEN 16 Transcend,AMD,AMD Ryzen 7,AMD Ryzen 7,7840HS,Zen 4 / Phoenix,Integrated Intel Arc Graphics,Laptop,"16.0""",,32GB LPDDR5X,512GB NVMe SSD,SSD,Windows 11 Home,1230,1230,1230,1230,0,0,USD,,InStock,https://www.amazon.in/products/hp-omen-16-transcend-amd-ryzen-7,2026-08-28T08:15:27.551208+00:00,2026-08-28
Amazon - IN,India,IN,Amazon - IN,3P Marketplace,SKU-IN-0012,Lenovo ThinkBook 16 Gen 6 - Apple M3 Pro M3 Pro (Desktop PC),,Lenovo,ThinkBook 16 Gen 6,Apple,Apple M3 Pro,Apple M3 Pro,M3 Pro,3nm Apple Silicon,NVIDIA GeForce RTX 4060,Desktop,"27""",,16GB DDR5,1TB NVMe SSD,SSD,Windows 11 Home,1277,1124,1277,1124,153,12,USD,,InStock,https://www.amazon.in/products/lenovo-thinkbook-16-gen-6-apple-m3-pro,2026-08-28T08:15:27.551208+00:00,2026-08-28
Amazon - IN,India,IN,Amazon - IN,3P Marketplace,SKU-IN-0013,ASUS ExpertBook B9 - Intel Core Ultra 7 155H (Laptop),,ASUS,ExpertBook B9,Intel,Intel Core Ultra 7,Intel Core Ultra 7,155H,14th Gen / Meteor Lake,Integrated Intel Arc Graphics,Laptop,"16.0""",,32GB LPDDR5X,512GB NVMe SSD,SSD,Windows 11 Home,1324,1324,1324,1324,0,0,USD,,InStock,https://www.amazon.in/products/asus-expertbook-b9-intel-core-ultra-7,2026-08-28T08:15:27.551208+00:00,2026-08-28
Amazon - IN,India,IN,Amazon - IN,3P Marketplace,SKU-IN-0014,Acer Swift Go 14 AI - Intel Core i7 13700H (Laptop),,Acer,Swift Go 14 AI,Intel,Intel Core i7,Intel Core i7,13700H,13th Gen / Raptor Lake,Integrated Intel Arc Graphics,Laptop,"14.0""",,16GB DDR5,512GB NVMe SSD,SSD,Windows 11 Home,1371,1371,1371,1371,0,0,USD,,InStock,https://www.amazon.in/products/acer-swift-go-14-ai-intel-core-i7,2026-08-28T08:15:27.551208+00:00,2026-08-28
Amazon - IN,India,IN,Amazon - IN,3P Marketplace,SKU-IN-0015,Samsung Galaxy Book4 Pro - Intel Core 7 150U (Laptop),,Samsung,Galaxy Book4 Pro,Intel,Intel Core 7,Intel Core 7,150U,14th Gen / Series 1,NVIDIA GeForce RTX 4060,Laptop,"16.0""",,32GB LPDDR5X,1TB NVMe SSD,SSD,Windows 11 Home,1418,1248,1418,1248,170,12,USD,,InStock,https://www.amazon.in/products/samsung-galaxy-book4-pro-intel-core-7,2026-08-28T08:15:27.551208+00:00,2026-08-28
Amazon - IN,India,IN,Amazon - IN,3P Marketplace,SKU-IN-0016,MSI Stealth 16 AI Studio - AMD Ryzen 9 7945HX (Laptop),,MSI,Stealth 16 AI Studio,AMD,AMD Ryzen 9,AMD Ryzen 9,7945HX,Zen 4 / Dragon Range,Integrated Intel Arc Graphics,Laptop,"14.0""",,16GB DDR5,512GB NVMe SSD,SSD,Windows 11 Home,1465,1465,1465,1465,0,0,USD,,InStock,https://www.amazon.in/products/msi-stealth-16-ai-studio-amd-ryzen-9,2026-08-28T08:15:27.551208+00:00,2026-08-28
Amazon - IN,India,IN,Amazon - IN,3P Marketplace,SKU-IN-0017,"Apple MacBook Pro 16"" M3 Max - Snapdragon X Elite X1E-80-100 (Laptop)",,Apple,"MacBook Pro 16"" M3 Max",Qualcomm,Snapdragon X Elite,Snapdragon X Elite,X1E-80-100,Oryon ARM,Integrated Intel Arc Graphics,Laptop,"16.0""",,32GB LPDDR5X,512GB NVMe SSD,SSD,Windows 11 Home,1512,1512,1512,1512,0,0,USD,,InStock,https://www.amazon.in/products/apple-macbook-pro-16-m3-max-snapdragon-x-elite,2026-08-28T08:15:27.551208+00:00,2026-08-28
Amazon - IN,India,IN,Amazon - IN,3P Marketplace,SKU-IN-0018,Dell Alienware m16 R2 - Intel Core Ultra 9 185H (Desktop PC),,Dell,Alienware m16 R2,Intel,Intel Core Ultra 9,Intel Core Ultra 9,185H,14th Gen / Meteor Lake,NVIDIA GeForce RTX 4060,Desktop,"27""",,16GB DDR5,1TB NVMe SSD,SSD,Windows 11 Home,1559,1372,1559,1372,187,12,USD,,InStock,https://www.amazon.in/products/dell-alienware-m16-r2-intel-core-ultra-9,2026-08-28T08:15:27.551208+00:00,2026-08-28
Amazon - IN,India,IN,Amazon - IN,3P Marketplace,SKU-IN-0019,HP Victus 15 - Intel Core i9 14900HX (Laptop),,HP,Victus 15,Intel,Intel Core i9,Intel Core i9,14900HX,14th Gen / Raptor Lake-HX,Integrated Intel Arc Graphics,Laptop,"16.0""",,32GB LPDDR5X,512GB NVMe SSD,SSD,Windows 11 Home,1606,1606,1606,1606,0,0,USD,,InStock,https://www.amazon.in/products/hp-victus-15-intel-core-i9,2026-08-28T08:15:27.551208+00:00,2026-08-28
Amazon - IN,India,IN,Amazon - IN,3P Marketplace,SKU-IN-0020,Lenovo LOQ 15IRX9 - AMD Ryzen 5 7520U (Laptop),,Lenovo,LOQ 15IRX9,AMD,AMD Ryzen 5,AMD Ryzen 5,7520U,Zen 2 / Mendocino,Integrated Intel Arc Graphics,Laptop,"14.0""",,16GB DDR5,512GB NVMe SSD,SSD,Windows 11 Home,1653,1355,1653,1355,298,18,USD,,InStock,https://www.amazon.in/products/lenovo-loq-15irx9-amd-ryzen-5,2026-08-28T08:15:27.551208+00:00,2026-08-28
Amazon - IN,India,IN,Amazon - IN,3P Marketplace,SKU-IN-0021,ASUS Zenbook Duo (2024) - Apple M3 M3 (Laptop),,ASUS,Zenbook Duo (2024),Apple,Apple M3,Apple M3,M3,3nm Apple Silicon,NVIDIA GeForce RTX 4060,Laptop,"16.0""",,32GB LPDDR5X,1TB NVMe SSD,SSD,Windows 11 Home,1700,1496,1700,1496,204,12,USD,,InStock,https://www.amazon.in/products/asus-zenbook-duo-2024--apple-m3,2026-08-28T08:15:27.551208+00:00,2026-08-28
Amazon - IN,India,IN,Amazon - IN,3P Marketplace,,Acer Swift X 14 - Intel Core Ultra 5 125H (Laptop),,Acer,Swift X 14,Intel,Intel Core Ultra 5,Intel Core Ultra 5,125H,14th Gen / Meteor Lake,Integrated Intel Arc Graphics,Laptop,"14.0""",,16GB DDR5,512GB NVMe SSD,SSD,Windows 11 Home,1747,1747,1747,1747,0,0,USD,,InStock,https://www.amazon.in/products/acer-swift-x-14-intel-core-ultra-5,2026-08-28T08:15:27.551208+00:00,2026-08-28
Amazon - IN,India,IN,Amazon - IN,3P Marketplace,SKU-IN-0023,Samsung Galaxy Book4 360 - Intel Core i5 1335U (Laptop),,Samsung,Galaxy Book4 360,Intel,Intel Core i5,Intel Core i5,1335U,13th Gen / Raptor Lake,Integrated Intel Arc Graphics,Laptop,"16.0""",,32GB LPDDR5X,512GB NVMe SSD,SSD,Windows 11 Home,1794,1794,1794,1794,0,0,USD,,InStock,https://www.amazon.in/products/samsung-galaxy-book4-360-intel-core-i5,2026-08-28T08:15:27.551208+00:00,2026-08-28
Amazon - IN,India,IN,Amazon - IN,3P Marketplace,SKU-IN-0024,MSI Modern 14 - AMD Ryzen 7 7840HS (Desktop PC),,MSI,Modern 14,AMD,AMD Ryzen 7,AMD Ryzen 7,7840HS,Zen 4 / Phoenix,NVIDIA GeForce RTX 4060,Desktop,"27""",,16GB DDR5,1TB NVMe SSD,SSD,Windows 11 Home,1841,1620,1841,1620,221,12,USD,,InStock,https://www.amazon.in/products/msi-modern-14-amd-ryzen-7,2026-08-28T08:15:27.551208+00:00,2026-08-28
Amazon - IN,India,IN,Amazon - IN,3P Marketplace,SKU-IN-0025,"Apple MacBook Pro 16"" M3 Max - Apple M3 Pro M3 Pro (Laptop)",,Apple,"MacBook Pro 16"" M3 Max",Apple,Apple M3 Pro,Apple M3 Pro,M3 Pro,3nm Apple Silicon,Integrated Intel Arc Graphics,Laptop,"16.0""",,32GB LPDDR5X,512GB NVMe SSD,SSD,Windows 11 Home,1888,1548,1888,1548,340,18,USD,,InStock,https://www.amazon.in/products/apple-macbook-pro-16-m3-max-apple-m3-pro,2026-08-28T08:15:27.551208+00:00,2026-08-28
Amazon - IN,India,IN,Amazon - IN,3P Marketplace,SKU-IN-0026,Dell Latitude 5540 - Intel Core Ultra 7 155H (Laptop),,Dell,Latitude 5540,Intel,Intel Core Ultra 7,Intel Core Ultra 7,155H,14th Gen / Meteor Lake,Integrated Intel Arc Graphics,Laptop,"14.0""",,16GB DDR5,512GB NVMe SSD,SSD,Windows 11 Home,1935,1935,1935,1935,0,0,USD,,InStock,https://www.amazon.in/products/dell-latitude-5540-intel-core-ultra-7,2026-08-28T08:15:27.551208+00:00,2026-08-28
Amazon - IN,India,IN,Amazon - IN,3P Marketplace,SKU-IN-0027,HP EliteBook 840 G10 - Intel Core i7 13700H (Laptop),,HP,EliteBook 840 G10,Intel,Intel Core i7,Intel Core i7,13700H,13th Gen / Raptor Lake,NVIDIA GeForce RTX 4060,Laptop,"16.0""",,32GB LPDDR5X,1TB NVMe SSD,SSD,Windows 11 Home,1982,1744,1982,1744,238,12,USD,,InStock,https://www.amazon.in/products/hp-elitebook-840-g10-intel-core-i7,2026-08-28T08:15:27.551208+00:00,2026-08-28
Amazon - IN,India,IN,Amazon - IN,3P Marketplace,SKU-IN-0028,Lenovo ThinkPad X1 Carbon Gen 12 - Intel Core 7 150U (Laptop),,Lenovo,ThinkPad X1 Carbon Gen 12,Intel,Intel Core 7,Intel Core 7,150U,14th Gen / Series 1,Integrated Intel Arc Graphics,Laptop,"14.0""",,16GB DDR5,512GB NVMe SSD,SSD,Windows 11 Home,2029,2029,2029,2029,0,0,USD,,InStock,https://www.amazon.in/products/lenovo-thinkpad-x1-carbon-gen-12-intel-core-7,2026-08-28T08:15:27.551208+00:00,2026-08-28
Amazon - IN,India,IN,Amazon - IN,3P Marketplace,SKU-IN-0029,ASUS Zenbook 14 OLED - AMD Ryzen 9 7945HX (Laptop),,ASUS,Zenbook 14 OLED,AMD,AMD Ryzen 9,AMD Ryzen 9,7945HX,Zen 4 / Dragon Range,Integrated Intel Arc Graphics,Laptop,"16.0""",,32GB LPDDR5X,512GB NVMe SSD,SSD,Windows 11 Home,2076,2076,2076,2076,0,0,USD,,InStock,https://www.amazon.in/products/asus-zenbook-14-oled-amd-ryzen-9,2026-08-28T08:15:27.551208+00:00,2026-08-28
Amazon - IN,India,IN,Amazon - IN,3P Marketplace,SKU-IN-0030,Acer Aspire 5 - Snapdragon X Elite X1E-80-100 (Desktop PC),,Acer,Aspire 5,Qualcomm,Snapdragon X Elite,Snapdragon X Elite,X1E-80-100,Oryon ARM,NVIDIA GeForce RTX 4060,Desktop,"27""",,16GB DDR5,1TB NVMe SSD,SSD,Windows 11 Home,2123,1868,2123,1868,255,12,USD,,InStock,https://www.amazon.in/products/acer-aspire-5-snapdragon-x-elite,2026-08-28T08:15:27.551208+00:00,2026-08-28
Amazon - IN,India,IN,Amazon - IN,3P Marketplace,SKU-IN-0031,Samsung Galaxy Book4 Ultra - Intel Core Ultra 9 185H (Laptop),,Samsung,Galaxy Book4 Ultra,Intel,Intel Core Ultra 9,Intel Core Ultra 9,185H,14th Gen / Meteor Lake,Integrated Intel Arc Graphics,Laptop,"16.0""",,32GB LPDDR5X,512GB NVMe SSD,SSD,Windows 11 Home,2170,2170,2170,2170,0,0,USD,,InStock,https://www.amazon.in/products/samsung-galaxy-book4-ultra-intel-core-ultra-9,2026-08-28T08:15:27.551208+00:00,2026-08-28
Amazon - IN,India,IN,Amazon - IN,3P Marketplace,SKU-IN-0032,MSI Raider GE78 HX - Intel Core i9 14900HX (Laptop),,MSI,Raider GE78 HX,Intel,Intel Core i9,Intel Core i9,14900HX,14th Gen / Raptor Lake-HX,Integrated Intel Arc Graphics,Laptop,"14.0""",,16GB DDR5,512GB NVMe SSD,SSD,Windows 11 Home,2217,2217,2217,2217,0,0,USD,,InStock,https://www.amazon.in/products/msi-raider-ge78-hx-intel-core-i9,2026-08-28T08:15:27.551208+00:00,2026-08-28
Amazon - IN,India,IN,Amazon - IN,3P Marketplace,,"Apple MacBook Pro 16"" M3 Max - AMD Ryzen 5 7520U (Laptop)",,Apple,"MacBook Pro 16"" M3 Max",AMD,AMD Ryzen 5,AMD Ryzen 5,7520U,Zen 2 / Mendocino,NVIDIA GeForce RTX 4060,Laptop,"16.0""",,32GB LPDDR5X,1TB NVMe SSD,SSD,Windows 11 Home,2264,1992,2264,1992,272,12,USD,,InStock,https://www.amazon.in/products/apple-macbook-pro-16-m3-max-amd-ryzen-5,2026-08-28T08:15:27.551208+00:00,2026-08-28
Flipkart - IN,India,IN,Flipkart - IN,3P Marketplace,SKU-IN-0001,MSI Stealth 16 AI Studio - AMD Ryzen 5 7520U (Laptop),,MSI,Stealth 16 AI Studio,AMD,AMD Ryzen 5,AMD Ryzen 5,7520U,Zen 2 / Mendocino,Integrated Intel Arc Graphics,Laptop,"16.0""",,32GB LPDDR5X,512GB NVMe SSD,SSD,Windows 11 Home,849,849,849,849,0,0,USD,,InStock,https://www.flipkart.com/products/msi-stealth-16-ai-studio-amd-ryzen-5,2026-08-28T08:15:27.551208+00:00,2026-08-28
Flipkart - IN,India,IN,Flipkart - IN,3P Marketplace,SKU-IN-0002,"Apple MacBook Air 13"" M3 - Apple M3 M3 (Laptop)",,Apple,"MacBook Air 13"" M3",Apple,Apple M3,Apple M3,M3,3nm Apple Silicon,Integrated Intel Arc Graphics,Laptop,"14.0""",,16GB DDR5,512GB NVMe SSD,SSD,Windows 11 Home,896,896,896,896,0,0,USD,,InStock,https://www.flipkart.com/products/apple-macbook-air-13-m3-apple-m3,2026-08-28T08:15:27.551208+00:00,2026-08-28
Flipkart - IN,India,IN,Flipkart - IN,3P Marketplace,SKU-IN-0003,Dell Inspiron 16 Plus (7640) - Intel Core Ultra 5 125H (Laptop),,Dell,Inspiron 16 Plus (7640),Intel,Intel Core Ultra 5,Intel Core Ultra 5,125H,14th Gen / Meteor Lake,NVIDIA GeForce RTX 4060,Laptop,"16.0""",,32GB LPDDR5X,1TB NVMe SSD,SSD,Windows 11 Home,943,830,943,830,113,12,USD,,InStock,https://www.flipkart.com/products/dell-inspiron-16-plus-7640--intel-core-ultra-5,2026-08-28T08:15:27.551208+00:00,2026-08-28
Flipkart - IN,India,IN,Flipkart - IN,3P Marketplace,SKU-IN-0004,HP OMEN 16 Transcend - Intel Core i5 1335U (Laptop),,HP,OMEN 16 Transcend,Intel,Intel Core i5,Intel Core i5,1335U,13th Gen / Raptor Lake,Integrated Intel Arc Graphics,Laptop,"14.0""",,16GB DDR5,512GB NVMe SSD,SSD,Windows 11 Home,990,990,990,990,0,0,USD,,InStock,https://www.flipkart.com/products/hp-omen-16-transcend-intel-core-i5,2026-08-28T08:15:27.551208+00:00,2026-08-28
Flipkart - IN,India,IN,Flipkart - IN,3P Marketplace,SKU-IN-0005,Lenovo ThinkBook 16 Gen 6 - AMD Ryzen 7 7840HS (Laptop),,Lenovo,ThinkBook 16 Gen 6,AMD,AMD Ryzen 7,AMD Ryzen 7,7840HS,Zen 4 / Phoenix,Integrated Intel Arc Graphics,Laptop,"16.0""",,32GB LPDDR5X,512GB NVMe SSD,SSD,Windows 11 Home,1037,850,1037,850,187,18,USD,,InStock,https://www.flipkart.com/products/lenovo-thinkbook-16-gen-6-amd-ryzen-7,2026-08-28T08:15:27.551208+00:00,2026-08-28
Flipkart - IN,India,IN,Flipkart - IN,3P Marketplace,SKU-IN-0006,ASUS ExpertBook B9 - Apple M3 Pro M3 Pro (Desktop PC),,ASUS,ExpertBook B9,Apple,Apple M3 Pro,Apple M3 Pro,M3 Pro,3nm Apple Silicon,NVIDIA GeForce RTX 4060,Desktop,"27""",,16GB DDR5,1TB NVMe SSD,SSD,Windows 11 Home,1084,954,1084,954,130,12,USD,,InStock,https://www.flipkart.com/products/asus-expertbook-b9-apple-m3-pro,2026-08-28T08:15:27.551208+00:00,2026-08-28
Flipkart - IN,India,IN,Flipkart - IN,3P Marketplace,SKU-IN-0007,Acer Swift Go 14 AI - Intel Core Ultra 7 155H (Laptop),,Acer,Swift Go 14 AI,Intel,Intel Core Ultra 7,Intel Core Ultra 7,155H,14th Gen / Meteor Lake,Integrated Intel Arc Graphics,Laptop,"16.0""",,32GB LPDDR5X,512GB NVMe SSD,SSD,Windows 11 Home,1131,1131,1131,1131,0,0,USD,,InStock,https://www.flipkart.com/products/acer-swift-go-14-ai-intel-core-ultra-7,2026-08-28T08:15:27.551208+00:00,2026-08-28
Flipkart - IN,India,IN,Flipkart - IN,3P Marketplace,SKU-IN-0008,Samsung Galaxy Book4 360 - Intel Core i7 13700H (Laptop),,Samsung,Galaxy Book4 360,Intel,Intel Core i7,Intel Core i7,13700H,13th Gen / Raptor Lake,Integrated Intel Arc Graphics,Laptop,"14.0""",,16GB DDR5,512GB NVMe SSD,SSD,Windows 11 Home,1178,1178,1178,1178,0,0,USD,,InStock,https://www.flipkart.com/products/samsung-galaxy-book4-360-intel-core-i7,2026-08-28T08:15:27.551208+00:00,2026-08-28
Flipkart - IN,India,IN,Flipkart - IN,3P Marketplace,SKU-IN-0009,MSI Modern 14 - Intel Core 7 150U (Laptop),,MSI,Modern 14,Intel,Intel Core 7,Intel Core 7,150U,14th Gen / Series 1,NVIDIA GeForce RTX 4060,Laptop,"16.0""",,32GB LPDDR5X,1TB NVMe SSD,SSD,Windows 11 Home,1225,1078,1225,1078,147,12,USD,,InStock,https://www.flipkart.com/products/msi-modern-14-intel-core-7,2026-08-28T08:15:27.551208+00:00,2026-08-28
Flipkart - IN,India,IN,Flipkart - IN,3P Marketplace,SKU-IN-0010,"Apple MacBook Air 13"" M3 - AMD Ryzen 9 7945HX (Laptop)",,Apple,"MacBook Air 13"" M3",AMD,AMD Ryzen 9,AMD Ryzen 9,7945HX,Zen 4 / Dragon Range,Integrated Intel Arc Graphics,Laptop,"14.0""",,16GB DDR5,512GB NVMe SSD,SSD,Windows 11 Home,1272,1043,1272,1043,229,18,USD,,InStock,https://www.flipkart.com/products/apple-macbook-air-13-m3-amd-ryzen-9,2026-08-28T08:15:27.551208+00:00,2026-08-28
Flipkart - IN,India,IN,Flipkart - IN,3P Marketplace,,Dell Alienware m16 R2 - Snapdragon X Elite X1E-80-100 (Laptop),,Dell,Alienware m16 R2,Qualcomm,Snapdragon X Elite,Snapdragon X Elite,X1E-80-100,Oryon ARM,Integrated Intel Arc Graphics,Laptop,"16.0""",,32GB LPDDR5X,512GB NVMe SSD,SSD,Windows 11 Home,1319,1319,1319,1319,0,0,USD,,InStock,https://www.flipkart.com/products/dell-alienware-m16-r2-snapdragon-x-elite,2026-08-28T08:15:27.551208+00:00,2026-08-28
Flipkart - IN,India,IN,Flipkart - IN,3P Marketplace,SKU-IN-0012,HP Victus 15 - Intel Core Ultra 9 185H (Desktop PC),,HP,Victus 15,Intel,Intel Core Ultra 9,Intel Core Ultra 9,185H,14th Gen / Meteor Lake,NVIDIA GeForce RTX 4060,Desktop,"27""",,16GB DDR5,1TB NVMe SSD,SSD,Windows 11 Home,1366,1202,1366,1202,164,12,USD,,InStock,https://www.flipkart.com/products/hp-victus-15-intel-core-ultra-9,2026-08-28T08:15:27.551208+00:00,2026-08-28
Flipkart - IN,India,IN,Flipkart - IN,3P Marketplace,SKU-IN-0013,Lenovo LOQ 15IRX9 - Intel Core i9 14900HX (Laptop),,Lenovo,LOQ 15IRX9,Intel,Intel Core i9,Intel Core i9,14900HX,14th Gen / Raptor Lake-HX,Integrated Intel Arc Graphics,Laptop,"16.0""",,32GB LPDDR5X,512GB NVMe SSD,SSD,Windows 11 Home,1413,1413,1413,1413,0,0,USD,,InStock,https://www.flipkart.com/products/lenovo-loq-15irx9-intel-core-i9,2026-08-28T08:15:27.551208+00:00,2026-08-28
Flipkart - IN,India,IN,Flipkart - IN,3P Marketplace,SKU-IN-0014,ASUS Zenbook Duo (2024) - AMD Ryzen 5 7520U (Laptop),,ASUS,Zenbook Duo (2024),AMD,AMD Ryzen 5,AMD Ryzen 5,7520U,Zen 2 / Mendocino,Integrated Intel Arc Graphics,Laptop,"14.0""",,16GB DDR5,512GB NVMe SSD,SSD,Windows 11 Home,1460,1460,1460,1460,0,0,USD,,InStock,https://www.flipkart.com/products/asus-zenbook-duo-2024--amd-ryzen-5,2026-08-28T08:15:27.551208+00:00,2026-08-28
Flipkart - IN,India,IN,Flipkart - IN,3P Marketplace,SKU-IN-0015,Acer Swift X 14 - Apple M3 M3 (Laptop),,Acer,Swift X 14,Apple,Apple M3,Apple M3,M3,3nm Apple Silicon,NVIDIA GeForce RTX 4060,Laptop,"16.0""",,32GB LPDDR5X,1TB NVMe SSD,SSD,Windows 11 Home,1507,1326,1507,1326,181,12,USD,,InStock,https://www.flipkart.com/products/acer-swift-x-14-apple-m3,2026-08-28T08:15:27.551208+00:00,2026-08-28
Flipkart - IN,India,IN,Flipkart - IN,3P Marketplace,SKU-IN-0016,Samsung Galaxy Book4 Ultra - Intel Core Ultra 5 125H (Laptop),,Samsung,Galaxy Book4 Ultra,Intel,Intel Core Ultra 5,Intel Core Ultra 5,125H,14th Gen / Meteor Lake,Integrated Intel Arc Graphics,Laptop,"14.0""",,16GB DDR5,512GB NVMe SSD,SSD,Windows 11 Home,1554,1554,1554,1554,0,0,USD,,InStock,https://www.flipkart.com/products/samsung-galaxy-book4-ultra-intel-core-ultra-5,2026-08-28T08:15:27.551208+00:00,2026-08-28
Flipkart - IN,India,IN,Flipkart - IN,3P Marketplace,SKU-IN-0017,MSI Raider GE78 HX - Intel Core i5 1335U (Laptop),,MSI,Raider GE78 HX,Intel,Intel Core i5,Intel Core i5,1335U,13th Gen / Raptor Lake,Integrated Intel Arc Graphics,Laptop,"16.0""",,32GB LPDDR5X,512GB NVMe SSD,SSD,Windows 11 Home,1601,1601,1601,1601,0,0,USD,,InStock,https://www.flipkart.com/products/msi-raider-ge78-hx-intel-core-i5,2026-08-28T08:15:27.551208+00:00,2026-08-28
Flipkart - IN,India,IN,Flipkart - IN,3P Marketplace,SKU-IN-0018,"Apple MacBook Air 13"" M3 - AMD Ryzen 7 7840HS (Desktop PC)",,Apple,"MacBook Air 13"" M3",AMD,AMD Ryzen 7,AMD Ryzen 7,7840HS,Zen 4 / Phoenix,NVIDIA GeForce RTX 4060,Desktop,"27""",,16GB DDR5,1TB NVMe SSD,SSD,Windows 11 Home,1648,1450,1648,1450,198,12,USD,,InStock,https://www.flipkart.com/products/apple-macbook-air-13-m3-amd-ryzen-7,2026-08-28T08:15:27.551208+00:00,2026-08-28
Flipkart - IN,India,IN,Flipkart - IN,3P Marketplace,SKU-IN-0019,Dell Latitude 5540 - Apple M3 Pro M3 Pro (Laptop),,Dell,Latitude 5540,Apple,Apple M3 Pro,Apple M3 Pro,M3 Pro,3nm Apple Silicon,Integrated Intel Arc Graphics,Laptop,"16.0""",,32GB LPDDR5X,512GB NVMe SSD,SSD,Windows 11 Home,1695,1695,1695,1695,0,0,USD,,InStock,https://www.flipkart.com/products/dell-latitude-5540-apple-m3-pro,2026-08-28T08:15:27.551208+00:00,2026-08-28
Flipkart - IN,India,IN,Flipkart - IN,3P Marketplace,SKU-IN-0020,HP EliteBook 840 G10 - Intel Core Ultra 7 155H (Laptop),,HP,EliteBook 840 G10,Intel,Intel Core Ultra 7,Intel Core Ultra 7,155H,14th Gen / Meteor Lake,Integrated Intel Arc Graphics,Laptop,"14.0""",,16GB DDR5,512GB NVMe SSD,SSD,Windows 11 Home,1742,1428,1742,1428,314,18,USD,,InStock,https://www.flipkart.com/products/hp-elitebook-840-g10-intel-core-ultra-7,2026-08-28T08:15:27.551208+00:00,2026-08-28
Flipkart - IN,India,IN,Flipkart - IN,3P Marketplace,SKU-IN-0021,Lenovo ThinkPad X1 Carbon Gen 12 - Intel Core i7 13700H (Laptop),,Lenovo,ThinkPad X1 Carbon Gen 12,Intel,Intel Core i7,Intel Core i7,13700H,13th Gen / Raptor Lake,NVIDIA GeForce RTX 4060,Laptop,"16.0""",,32GB LPDDR5X,1TB NVMe SSD,SSD,Windows 11 Home,1789,1574,1789,1574,215,12,USD,,InStock,https://www.flipkart.com/products/lenovo-thinkpad-x1-carbon-gen-12-intel-core-i7,2026-08-28T08:15:27.551208+00:00,2026-08-28
Flipkart - IN,India,IN,Flipkart - IN,3P Marketplace,,ASUS Zenbook 14 OLED - Intel Core 7 150U (Laptop),,ASUS,Zenbook 14 OLED,Intel,Intel Core 7,Intel Core 7,150U,14th Gen / Series 1,Integrated Intel Arc Graphics,Laptop,"14.0""",,16GB DDR5,512GB NVMe SSD,SSD,Windows 11 Home,1836,1836,1836,1836,0,0,USD,,InStock,https://www.flipkart.com/products/asus-zenbook-14-oled-intel-core-7,2026-08-28T08:15:27.551208+00:00,2026-08-28
Flipkart - IN,India,IN,Flipkart - IN,3P Marketplace,SKU-IN-0023,Acer Aspire 5 - AMD Ryzen 9 7945HX (Laptop),,Acer,Aspire 5,AMD,AMD Ryzen 9,AMD Ryzen 9,7945HX,Zen 4 / Dragon Range,Integrated Intel Arc Graphics,Laptop,"16.0""",,32GB LPDDR5X,512GB NVMe SSD,SSD,Windows 11 Home,1883,1883,1883,1883,0,0,USD,,InStock,https://www.flipkart.com/products/acer-aspire-5-amd-ryzen-9,2026-08-28T08:15:27.551208+00:00,2026-08-28
Flipkart - IN,India,IN,Flipkart - IN,3P Marketplace,SKU-IN-0024,Samsung Galaxy Book4 Pro - Snapdragon X Elite X1E-80-100 (Desktop PC),,Samsung,Galaxy Book4 Pro,Qualcomm,Snapdragon X Elite,Snapdragon X Elite,X1E-80-100,Oryon ARM,NVIDIA GeForce RTX 4060,Desktop,"27""",,16GB DDR5,1TB NVMe SSD,SSD,Windows 11 Home,1930,1698,1930,1698,232,12,USD,,InStock,https://www.flipkart.com/products/samsung-galaxy-book4-pro-snapdragon-x-elite,2026-08-28T08:15:27.551208+00:00,2026-08-28
Flipkart - IN,India,IN,Flipkart - IN,3P Marketplace,SKU-IN-0025,MSI Prestige 16 AI Evo - Intel Core Ultra 9 185H (Laptop),,MSI,Prestige 16 AI Evo,Intel,Intel Core Ultra 9,Intel Core Ultra 9,185H,14th Gen / Meteor Lake,Integrated Intel Arc Graphics,Laptop,"16.0""",,32GB LPDDR5X,512GB NVMe SSD,SSD,Windows 11 Home,1977,1621,1977,1621,356,18,USD,,InStock,https://www.flipkart.com/products/msi-prestige-16-ai-evo-intel-core-ultra-9,2026-08-28T08:15:27.551208+00:00,2026-08-28
Flipkart - IN,India,IN,Flipkart - IN,3P Marketplace,SKU-IN-0026,"Apple MacBook Air 13"" M3 - Intel Core i9 14900HX (Laptop)",,Apple,"MacBook Air 13"" M3",Intel,Intel Core i9,Intel Core i9,14900HX,14th Gen / Raptor Lake-HX,Integrated Intel Arc Graphics,Laptop,"14.0""",,16GB DDR5,512GB NVMe SSD,SSD,Windows 11 Home,2024,2024,2024,2024,0,0,USD,,InStock,https://www.flipkart.com/products/apple-macbook-air-13-m3-intel-core-i9,2026-08-28T08:15:27.551208+00:00,2026-08-28
Flipkart - IN,India,IN,Flipkart - IN,3P Marketplace,SKU-IN-0027,Dell G15 Gaming (5530) - AMD Ryzen 5 7520U (Laptop),,Dell,G15 Gaming (5530),AMD,AMD Ryzen 5,AMD Ryzen 5,7520U,Zen 2 / Mendocino,NVIDIA GeForce RTX 4060,Laptop,"16.0""",,32GB LPDDR5X,1TB NVMe SSD,SSD,Windows 11 Home,2071,1822,2071,1822,249,12,USD,,InStock,https://www.flipkart.com/products/dell-g15-gaming-5530--amd-ryzen-5,2026-08-28T08:15:27.551208+00:00,2026-08-28
Flipkart - IN,India,IN,Flipkart - IN,3P Marketplace,SKU-IN-0028,HP Spectre x360 14 - Apple M3 M3 (Laptop),,HP,Spectre x360 14,Apple,Apple M3,Apple M3,M3,3nm Apple Silicon,Integrated Intel Arc Graphics,Laptop,"14.0""",,16GB DDR5,512GB NVMe SSD,SSD,Windows 11 Home,2118,2118,2118,2118,0,0,USD,,InStock,https://www.flipkart.com/products/hp-spectre-x360-14-apple-m3,2026-08-28T08:15:27.551208+00:00,2026-08-28
Flipkart - IN,India,IN,Flipkart - IN,3P Marketplace,SKU-IN-0029,"Lenovo Yoga Pro 9i (16"") - Intel Core Ultra 5 125H (Laptop)",,Lenovo,"Yoga Pro 9i (16"")",Intel,Intel Core Ultra 5,Intel Core Ultra 5,125H,14th Gen / Meteor Lake,Integrated Intel Arc Graphics,Laptop,"16.0""",,32GB LPDDR5X,512GB NVMe SSD,SSD,Windows 11 Home,2165,2165,2165,2165,0,0,USD,,InStock,https://www.flipkart.com/products/lenovo-yoga-pro-9i-16--intel-core-ultra-5,2026-08-28T08:15:27.551208+00:00,2026-08-28
Flipkart - IN,India,IN,Flipkart - IN,3P Marketplace,SKU-IN-0030,ASUS Vivobook S 15 OLED - Intel Core i5 1335U (Desktop PC),,ASUS,Vivobook S 15 OLED,Intel,Intel Core i5,Intel Core i5,1335U,13th Gen / Raptor Lake,NVIDIA GeForce RTX 4060,Desktop,"27""",,16GB DDR5,1TB NVMe SSD,SSD,Windows 11 Home,2212,1947,2212,1947,265,12,USD,,InStock,https://www.flipkart.com/products/asus-vivobook-s-15-oled-intel-core-i5,2026-08-28T08:15:27.551208+00:00,2026-08-28
Flipkart - IN,India,IN,Flipkart - IN,3P Marketplace,SKU-IN-0031,Acer Predator Helios 16 - AMD Ryzen 7 7840HS (Laptop),,Acer,Predator Helios 16,AMD,AMD Ryzen 7,AMD Ryzen 7,7840HS,Zen 4 / Phoenix,Integrated Intel Arc Graphics,Laptop,"16.0""",,32GB LPDDR5X,512GB NVMe SSD,SSD,Windows 11 Home,2259,2259,2259,2259,0,0,USD,,InStock,https://www.flipkart.com/products/acer-predator-helios-16-amd-ryzen-7,2026-08-28T08:15:27.551208+00:00,2026-08-28
Flipkart - IN,India,IN,Flipkart - IN,3P Marketplace,SKU-IN-0032,Samsung Galaxy Book4 360 - Apple M3 Pro M3 Pro (Laptop),,Samsung,Galaxy Book4 360,Apple,Apple M3 Pro,Apple M3 Pro,M3 Pro,3nm Apple Silicon,Integrated Intel Arc Graphics,Laptop,"14.0""",,16GB DDR5,512GB NVMe SSD,SSD,Windows 11 Home,2306,2306,2306,2306,0,0,USD,,InStock,https://www.flipkart.com/products/samsung-galaxy-book4-360-apple-m3-pro,2026-08-28T08:15:27.551208+00:00,2026-08-28
Reliance Digital - IN,India,IN,Reliance Digital - IN,1P Retailer,SKU-IN-0001,Samsung Galaxy Book4 Ultra - Intel Core Ultra 7 155H (Laptop),,Samsung,Galaxy Book4 Ultra,Intel,Intel Core Ultra 7,Intel Core Ultra 7,155H,14th Gen / Meteor Lake,Integrated Intel Arc Graphics,Laptop,"16.0""",,32GB LPDDR5X,512GB NVMe SSD,SSD,Windows 11 Home,938,938,938,938,0,0,USD,,InStock,https://www.reliancedigital.in/products/samsung-galaxy-book4-ultra-intel-core-ultra-7,2026-08-28T08:15:27.551208+00:00,2026-08-28
Reliance Digital - IN,India,IN,Reliance Digital - IN,1P Retailer,SKU-IN-0002,MSI Raider GE78 HX - Intel Core i7 13700H (Laptop),,MSI,Raider GE78 HX,Intel,Intel Core i7,Intel Core i7,13700H,13th Gen / Raptor Lake,Integrated Intel Arc Graphics,Laptop,"14.0""",,16GB DDR5,512GB NVMe SSD,SSD,Windows 11 Home,985,985,985,985,0,0,USD,,InStock,https://www.reliancedigital.in/products/msi-raider-ge78-hx-intel-core-i7,2026-08-28T08:15:27.551208+00:00,2026-08-28
Reliance Digital - IN,India,IN,Reliance Digital - IN,1P Retailer,SKU-IN-0003,"Apple MacBook Air 15"" M3 - Intel Core 7 150U (Laptop)",,Apple,"MacBook Air 15"" M3",Intel,Intel Core 7,Intel Core 7,150U,14th Gen / Series 1,NVIDIA GeForce RTX 4060,Laptop,"16.0""",,32GB LPDDR5X,1TB NVMe SSD,SSD,Windows 11 Home,1032,908,1032,908,124,12,USD,,InStock,https://www.reliancedigital.in/products/apple-macbook-air-15-m3-intel-core-7,2026-08-28T08:15:27.551208+00:00,2026-08-28
Reliance Digital - IN,India,IN,Reliance Digital - IN,1P Retailer,SKU-IN-0004,Dell Alienware m16 R2 - AMD Ryzen 9 7945HX (Laptop),,Dell,Alienware m16 R2,AMD,AMD Ryzen 9,AMD Ryzen 9,7945HX,Zen 4 / Dragon Range,Integrated Intel Arc Graphics,Laptop,"14.0""",,16GB DDR5,512GB NVMe SSD,SSD,Windows 11 Home,1079,1079,1079,1079,0,0,USD,,InStock,https://www.reliancedigital.in/products/dell-alienware-m16-r2-amd-ryzen-9,2026-08-28T08:15:27.551208+00:00,2026-08-28
Reliance Digital - IN,India,IN,Reliance Digital - IN,1P Retailer,SKU-IN-0005,HP Victus 15 - Snapdragon X Elite X1E-80-100 (Laptop),,HP,Victus 15,Qualcomm,Snapdragon X Elite,Snapdragon X Elite,X1E-80-100,Oryon ARM,Integrated Intel Arc Graphics,Laptop,"16.0""",,32GB LPDDR5X,512GB NVMe SSD,SSD,Windows 11 Home,1126,923,1126,923,203,18,USD,,InStock,https://www.reliancedigital.in/products/hp-victus-15-snapdragon-x-elite,2026-08-28T08:15:27.551208+00:00,2026-08-28
Reliance Digital - IN,India,IN,Reliance Digital - IN,1P Retailer,SKU-IN-0006,Lenovo LOQ 15IRX9 - Intel Core Ultra 9 185H (Desktop PC),,Lenovo,LOQ 15IRX9,Intel,Intel Core Ultra 9,Intel Core Ultra 9,185H,14th Gen / Meteor Lake,NVIDIA GeForce RTX 4060,Desktop,"27""",,16GB DDR5,1TB NVMe SSD,SSD,Windows 11 Home,1173,1032,1173,1032,141,12,USD,,InStock,https://www.reliancedigital.in/products/lenovo-loq-15irx9-intel-core-ultra-9,2026-08-28T08:15:27.551208+00:00,2026-08-28
Reliance Digital - IN,India,IN,Reliance Digital - IN,1P Retailer,SKU-IN-0007,ASUS Zenbook Duo (2024) - Intel Core i9 14900HX (Laptop),,ASUS,Zenbook Duo (2024),Intel,Intel Core i9,Intel Core i9,14900HX,14th Gen / Raptor Lake-HX,Integrated Intel Arc Graphics,Laptop,"16.0""",,32GB LPDDR5X,512GB NVMe SSD,SSD,Windows 11 Home,1220,1220,1220,1220,0,0,USD,,InStock,https://www.reliancedigital.in/products/asus-zenbook-duo-2024--intel-core-i9,2026-08-28T08:15:27.551208+00:00,2026-08-28
Reliance Digital - IN,India,IN,Reliance Digital - IN,1P Retailer,SKU-IN-0008,Acer Swift X 14 - AMD Ryzen 5 7520U (Laptop),,Acer,Swift X 14,AMD,AMD Ryzen 5,AMD Ryzen 5,7520U,Zen 2 / Mendocino,Integrated Intel Arc Graphics,Laptop,"14.0""",,16GB DDR5,512GB NVMe SSD,SSD,Windows 11 Home,1267,1267,1267,1267,0,0,USD,,InStock,https://www.reliancedigital.in/products/acer-swift-x-14-amd-ryzen-5,2026-08-28T08:15:27.551208+00:00,2026-08-28
Reliance Digital - IN,India,IN,Reliance Digital - IN,1P Retailer,SKU-IN-0009,Samsung Galaxy Book4 Pro - Apple M3 M3 (Laptop),,Samsung,Galaxy Book4 Pro,Apple,Apple M3,Apple M3,M3,3nm Apple Silicon,NVIDIA GeForce RTX 4060,Laptop,"16.0""",,32GB LPDDR5X,1TB NVMe SSD,SSD,Windows 11 Home,1314,1156,1314,1156,158,12,USD,,InStock,https://www.reliancedigital.in/products/samsung-galaxy-book4-pro-apple-m3,2026-08-28T08:15:27.551208+00:00,2026-08-28
Reliance Digital - IN,India,IN,Reliance Digital - IN,1P Retailer,SKU-IN-0010,MSI Prestige 16 AI Evo - Intel Core Ultra 5 125H (Laptop),,MSI,Prestige 16 AI Evo,Intel,Intel Core Ultra 5,Intel Core Ultra 5,125H,14th Gen / Meteor Lake,Integrated Intel Arc Graphics,Laptop,"14.0""",,16GB DDR5,512GB NVMe SSD,SSD,Windows 11 Home,1361,1116,1361,1116,245,18,USD,,InStock,https://www.reliancedigital.in/products/msi-prestige-16-ai-evo-intel-core-ultra-5,2026-08-28T08:15:27.551208+00:00,2026-08-28
Reliance Digital - IN,India,IN,Reliance Digital - IN,1P Retailer,,"Apple MacBook Air 15"" M3 - Intel Core i5 1335U (Laptop)",,Apple,"MacBook Air 15"" M3",Intel,Intel Core i5,Intel Core i5,1335U,13th Gen / Raptor Lake,Integrated Intel Arc Graphics,Laptop,"16.0""",,32GB LPDDR5X,512GB NVMe SSD,SSD,Windows 11 Home,1408,1408,1408,1408,0,0,USD,,InStock,https://www.reliancedigital.in/products/apple-macbook-air-15-m3-intel-core-i5,2026-08-28T08:15:27.551208+00:00,2026-08-28
Reliance Digital - IN,India,IN,Reliance Digital - IN,1P Retailer,SKU-IN-0012,Dell Latitude 5540 - AMD Ryzen 7 7840HS (Desktop PC),,Dell,Latitude 5540,AMD,AMD Ryzen 7,AMD Ryzen 7,7840HS,Zen 4 / Phoenix,NVIDIA GeForce RTX 4060,Desktop,"27""",,16GB DDR5,1TB NVMe SSD,SSD,Windows 11 Home,1455,1280,1455,1280,175,12,USD,,InStock,https://www.reliancedigital.in/products/dell-latitude-5540-amd-ryzen-7,2026-08-28T08:15:27.551208+00:00,2026-08-28
Reliance Digital - IN,India,IN,Reliance Digital - IN,1P Retailer,SKU-IN-0013,HP EliteBook 840 G10 - Apple M3 Pro M3 Pro (Laptop),,HP,EliteBook 840 G10,Apple,Apple M3 Pro,Apple M3 Pro,M3 Pro,3nm Apple Silicon,Integrated Intel Arc Graphics,Laptop,"16.0""",,32GB LPDDR5X,512GB NVMe SSD,SSD,Windows 11 Home,1502,1502,1502,1502,0,0,USD,,InStock,https://www.reliancedigital.in/products/hp-elitebook-840-g10-apple-m3-pro,2026-08-28T08:15:27.551208+00:00,2026-08-28
Reliance Digital - IN,India,IN,Reliance Digital - IN,1P Retailer,SKU-IN-0014,Lenovo ThinkPad X1 Carbon Gen 12 - Intel Core Ultra 7 155H (Laptop),,Lenovo,ThinkPad X1 Carbon Gen 12,Intel,Intel Core Ultra 7,Intel Core Ultra 7,155H,14th Gen / Meteor Lake,Integrated Intel Arc Graphics,Laptop,"14.0""",,16GB DDR5,512GB NVMe SSD,SSD,Windows 11 Home,1549,1549,1549,1549,0,0,USD,,InStock,https://www.reliancedigital.in/products/lenovo-thinkpad-x1-carbon-gen-12-intel-core-ultra-7,2026-08-28T08:15:27.551208+00:00,2026-08-28
Reliance Digital - IN,India,IN,Reliance Digital - IN,1P Retailer,SKU-IN-0015,ASUS Zenbook 14 OLED - Intel Core i7 13700H (Laptop),,ASUS,Zenbook 14 OLED,Intel,Intel Core i7,Intel Core i7,13700H,13th Gen / Raptor Lake,NVIDIA GeForce RTX 4060,Laptop,"16.0""",,32GB LPDDR5X,1TB NVMe SSD,SSD,Windows 11 Home,1596,1404,1596,1404,192,12,USD,,InStock,https://www.reliancedigital.in/products/asus-zenbook-14-oled-intel-core-i7,2026-08-28T08:15:27.551208+00:00,2026-08-28
Reliance Digital - IN,India,IN,Reliance Digital - IN,1P Retailer,SKU-IN-0016,Acer Aspire 5 - Intel Core 7 150U (Laptop),,Acer,Aspire 5,Intel,Intel Core 7,Intel Core 7,150U,14th Gen / Series 1,Integrated Intel Arc Graphics,Laptop,"14.0""",,16GB DDR5,512GB NVMe SSD,SSD,Windows 11 Home,1643,1643,1643,1643,0,0,USD,,InStock,https://www.reliancedigital.in/products/acer-aspire-5-intel-core-7,2026-08-28T08:15:27.551208+00:00,2026-08-28
Reliance Digital - IN,India,IN,Reliance Digital - IN,1P Retailer,SKU-IN-0017,Samsung Galaxy Book4 360 - AMD Ryzen 9 7945HX (Laptop),,Samsung,Galaxy Book4 360,AMD,AMD Ryzen 9,AMD Ryzen 9,7945HX,Zen 4 / Dragon Range,Integrated Intel Arc Graphics,Laptop,"16.0""",,32GB LPDDR5X,512GB NVMe SSD,SSD,Windows 11 Home,1690,1690,1690,1690,0,0,USD,,InStock,https://www.reliancedigital.in/products/samsung-galaxy-book4-360-amd-ryzen-9,2026-08-28T08:15:27.551208+00:00,2026-08-28
Reliance Digital - IN,India,IN,Reliance Digital - IN,1P Retailer,SKU-IN-0018,MSI Cyborg 15 - Snapdragon X Elite X1E-80-100 (Desktop PC),,MSI,Cyborg 15,Qualcomm,Snapdragon X Elite,Snapdragon X Elite,X1E-80-100,Oryon ARM,NVIDIA GeForce RTX 4060,Desktop,"27""",,16GB DDR5,1TB NVMe SSD,SSD,Windows 11 Home,1737,1529,1737,1529,208,12,USD,,InStock,https://www.reliancedigital.in/products/msi-cyborg-15-snapdragon-x-elite,2026-08-28T08:15:27.551208+00:00,2026-08-28
Reliance Digital - IN,India,IN,Reliance Digital - IN,1P Retailer,SKU-IN-0019,"Apple MacBook Air 15"" M3 - Intel Core Ultra 9 185H (Laptop)",,Apple,"MacBook Air 15"" M3",Intel,Intel Core Ultra 9,Intel Core Ultra 9,185H,14th Gen / Meteor Lake,Integrated Intel Arc Graphics,Laptop,"16.0""",,32GB LPDDR5X,512GB NVMe SSD,SSD,Windows 11 Home,1784,1784,1784,1784,0,0,USD,,InStock,https://www.reliancedigital.in/products/apple-macbook-air-15-m3-intel-core-ultra-9,2026-08-28T08:15:27.551208+00:00,2026-08-28
Reliance Digital - IN,India,IN,Reliance Digital - IN,1P Retailer,SKU-IN-0020,Dell G15 Gaming (5530) - Intel Core i9 14900HX (Laptop),,Dell,G15 Gaming (5530),Intel,Intel Core i9,Intel Core i9,14900HX,14th Gen / Raptor Lake-HX,Integrated Intel Arc Graphics,Laptop,"14.0""",,16GB DDR5,512GB NVMe SSD,SSD,Windows 11 Home,1831,1501,1831,1501,330,18,USD,,InStock,https://www.reliancedigital.in/products/dell-g15-gaming-5530--intel-core-i9,2026-08-28T08:15:27.551208+00:00,2026-08-28
Reliance Digital - IN,India,IN,Reliance Digital - IN,1P Retailer,SKU-IN-0021,HP Spectre x360 14 - AMD Ryzen 5 7520U (Laptop),,HP,Spectre x360 14,AMD,AMD Ryzen 5,AMD Ryzen 5,7520U,Zen 2 / Mendocino,NVIDIA GeForce RTX 4060,Laptop,"16.0""",,32GB LPDDR5X,1TB NVMe SSD,SSD,Windows 11 Home,1878,1653,1878,1653,225,12,USD,,InStock,https://www.reliancedigital.in/products/hp-spectre-x360-14-amd-ryzen-5,2026-08-28T08:15:27.551208+00:00,2026-08-28
Reliance Digital - IN,India,IN,Reliance Digital - IN,1P Retailer,,"Lenovo Yoga Pro 9i (16"") - Apple M3 M3 (Laptop)",,Lenovo,"Yoga Pro 9i (16"")",Apple,Apple M3,Apple M3,M3,3nm Apple Silicon,Integrated Intel Arc Graphics,Laptop,"14.0""",,16GB DDR5,512GB NVMe SSD,SSD,Windows 11 Home,1925,1925,1925,1925,0,0,USD,,InStock,https://www.reliancedigital.in/products/lenovo-yoga-pro-9i-16--apple-m3,2026-08-28T08:15:27.551208+00:00,2026-08-28
Reliance Digital - IN,India,IN,Reliance Digital - IN,1P Retailer,SKU-IN-0023,ASUS Vivobook S 15 OLED - Intel Core Ultra 5 125H (Laptop),,ASUS,Vivobook S 15 OLED,Intel,Intel Core Ultra 5,Intel Core Ultra 5,125H,14th Gen / Meteor Lake,Integrated Intel Arc Graphics,Laptop,"16.0""",,32GB LPDDR5X,512GB NVMe SSD,SSD,Windows 11 Home,1972,1972,1972,1972,0,0,USD,,InStock,https://www.reliancedigital.in/products/asus-vivobook-s-15-oled-intel-core-ultra-5,2026-08-28T08:15:27.551208+00:00,2026-08-28
Reliance Digital - IN,India,IN,Reliance Digital - IN,1P Retailer,SKU-IN-0024,Acer Predator Helios 16 - Intel Core i5 1335U (Desktop PC),,Acer,Predator Helios 16,Intel,Intel Core i5,Intel Core i5,1335U,13th Gen / Raptor Lake,NVIDIA GeForce RTX 4060,Desktop,"27""",,16GB DDR5,1TB NVMe SSD,SSD,Windows 11 Home,2019,1777,2019,1777,242,12,USD,,InStock,https://www.reliancedigital.in/products/acer-predator-helios-16-intel-core-i5,2026-08-28T08:15:27.551208+00:00,2026-08-28
Reliance Digital - IN,India,IN,Reliance Digital - IN,1P Retailer,SKU-IN-0025,Samsung Galaxy Book4 Ultra - AMD Ryzen 7 7840HS (Laptop),,Samsung,Galaxy Book4 Ultra,AMD,AMD Ryzen 7,AMD Ryzen 7,7840HS,Zen 4 / Phoenix,Integrated Intel Arc Graphics,Laptop,"16.0""",,32GB LPDDR5X,512GB NVMe SSD,SSD,Windows 11 Home,2066,1694,2066,1694,372,18,USD,,InStock,https://www.reliancedigital.in/products/samsung-galaxy-book4-ultra-amd-ryzen-7,2026-08-28T08:15:27.551208+00:00,2026-08-28
Reliance Digital - IN,India,IN,Reliance Digital - IN,1P Retailer,SKU-IN-0026,MSI Stealth 16 AI Studio - Apple M3 Pro M3 Pro (Laptop),,MSI,Stealth 16 AI Studio,Apple,Apple M3 Pro,Apple M3 Pro,M3 Pro,3nm Apple Silicon,Integrated Intel Arc Graphics,Laptop,"14.0""",,16GB DDR5,512GB NVMe SSD,SSD,Windows 11 Home,2113,2113,2113,2113,0,0,USD,,InStock,https://www.reliancedigital.in/products/msi-stealth-16-ai-studio-apple-m3-pro,2026-08-28T08:15:27.551208+00:00,2026-08-28
Reliance Digital - IN,India,IN,Reliance Digital - IN,1P Retailer,SKU-IN-0027,"Apple MacBook Air 15"" M3 - Intel Core Ultra 7 155H (Laptop)",,Apple,"MacBook Air 15"" M3",Intel,Intel Core Ultra 7,Intel Core Ultra 7,155H,14th Gen / Meteor Lake,NVIDIA GeForce RTX 4060,Laptop,"16.0""",,32GB LPDDR5X,1TB NVMe SSD,SSD,Windows 11 Home,2160,1901,2160,1901,259,12,USD,,InStock,https://www.reliancedigital.in/products/apple-macbook-air-15-m3-intel-core-ultra-7,2026-08-28T08:15:27.551208+00:00,2026-08-28
Reliance Digital - IN,India,IN,Reliance Digital - IN,1P Retailer,SKU-IN-0028,Dell XPS 14 (9440) - Intel Core i7 13700H (Laptop),,Dell,XPS 14 (9440),Intel,Intel Core i7,Intel Core i7,13700H,13th Gen / Raptor Lake,Integrated Intel Arc Graphics,Laptop,"14.0""",,16GB DDR5,512GB NVMe SSD,SSD,Windows 11 Home,2207,2207,2207,2207,0,0,USD,,InStock,https://www.reliancedigital.in/products/dell-xps-14-9440--intel-core-i7,2026-08-28T08:15:27.551208+00:00,2026-08-28
Yodobashi - JP,Japan,JP,Yodobashi - JP,1P Retailer,SKU-JP-0001,Acer Swift X 14 - Intel Core i9 14900HX (Laptop),,Acer,Swift X 14,Intel,Intel Core i9,Intel Core i9,14900HX,14th Gen / Raptor Lake-HX,Integrated Intel Arc Graphics,Laptop,"16.0""",,32GB LPDDR5X,512GB NVMe SSD,SSD,Windows 11 Home,1027,1027,1027,1027,0,0,USD,,InStock,https://www.yodobashi.com/products/acer-swift-x-14-intel-core-i9,2026-08-28T08:15:27.551208+00:00,2026-08-28
Yodobashi - JP,Japan,JP,Yodobashi - JP,1P Retailer,SKU-JP-0002,Samsung Galaxy Book4 360 - AMD Ryzen 5 7520U (Laptop),,Samsung,Galaxy Book4 360,AMD,AMD Ryzen 5,AMD Ryzen 5,7520U,Zen 2 / Mendocino,Integrated Intel Arc Graphics,Laptop,"14.0""",,16GB DDR5,512GB NVMe SSD,SSD,Windows 11 Home,1074,1074,1074,1074,0,0,USD,,InStock,https://www.yodobashi.com/products/samsung-galaxy-book4-360-amd-ryzen-5,2026-08-28T08:15:27.551208+00:00,2026-08-28
Yodobashi - JP,Japan,JP,Yodobashi - JP,1P Retailer,SKU-JP-0003,MSI Cyborg 15 - Apple M3 M3 (Laptop),,MSI,Cyborg 15,Apple,Apple M3,Apple M3,M3,3nm Apple Silicon,NVIDIA GeForce RTX 4060,Laptop,"16.0""",,32GB LPDDR5X,1TB NVMe SSD,SSD,Windows 11 Home,1121,986,1121,986,135,12,USD,,InStock,https://www.yodobashi.com/products/msi-cyborg-15-apple-m3,2026-08-28T08:15:27.551208+00:00,2026-08-28
Yodobashi - JP,Japan,JP,Yodobashi - JP,1P Retailer,SKU-JP-0004,"Apple MacBook Pro 14"" M3 - Intel Core Ultra 5 125H (Laptop)",,Apple,"MacBook Pro 14"" M3",Intel,Intel Core Ultra 5,Intel Core Ultra 5,125H,14th Gen / Meteor Lake,Integrated Intel Arc Graphics,Laptop,"14.0""",,16GB DDR5,512GB NVMe SSD,SSD,Windows 11 Home,1168,1168,1168,1168,0,0,USD,,InStock,https://www.yodobashi.com/products/apple-macbook-pro-14-m3-intel-core-ultra-5,2026-08-28T08:15:27.551208+00:00,2026-08-28
Yodobashi - JP,Japan,JP,Yodobashi - JP,1P Retailer,SKU-JP-0005,Dell Latitude 5540 - Intel Core i5 1335U (Laptop),,Dell,Latitude 5540,Intel,Intel Core i5,Intel Core i5,1335U,13th Gen / Raptor Lake,Integrated Intel Arc Graphics,Laptop,"16.0""",,32GB LPDDR5X,512GB NVMe SSD,SSD,Windows 11 Home,1215,996,1215,996,219,18,USD,,InStock,https://www.yodobashi.com/products/dell-latitude-5540-intel-core-i5,2026-08-28T08:15:27.551208+00:00,2026-08-28
Yodobashi - JP,Japan,JP,Yodobashi - JP,1P Retailer,SKU-JP-0006,HP EliteBook 840 G10 - AMD Ryzen 7 7840HS (Desktop PC),,HP,EliteBook 840 G10,AMD,AMD Ryzen 7,AMD Ryzen 7,7840HS,Zen 4 / Phoenix,NVIDIA GeForce RTX 4060,Desktop,"27""",,16GB DDR5,1TB NVMe SSD,SSD,Windows 11 Home,1262,1111,1262,1111,151,12,USD,,InStock,https://www.yodobashi.com/products/hp-elitebook-840-g10-amd-ryzen-7,2026-08-28T08:15:27.551208+00:00,2026-08-28
Yodobashi - JP,Japan,JP,Yodobashi - JP,1P Retailer,SKU-JP-0007,Lenovo ThinkPad X1 Carbon Gen 12 - Apple M3 Pro M3 Pro (Laptop),,Lenovo,ThinkPad X1 Carbon Gen 12,Apple,Apple M3 Pro,Apple M3 Pro,M3 Pro,3nm Apple Silicon,Integrated Intel Arc Graphics,Laptop,"16.0""",,32GB LPDDR5X,512GB NVMe SSD,SSD,Windows 11 Home,1309,1309,1309,1309,0,0,USD,,InStock,https://www.yodobashi.com/products/lenovo-thinkpad-x1-carbon-gen-12-apple-m3-pro,2026-08-28T08:15:27.551208+00:00,2026-08-28
Yodobashi - JP,Japan,JP,Yodobashi - JP,1P Retailer,SKU-JP-0008,ASUS Zenbook 14 OLED - Intel Core Ultra 7 155H (Laptop),,ASUS,Zenbook 14 OLED,Intel,Intel Core Ultra 7,Intel Core Ultra 7,155H,14th Gen / Meteor Lake,Integrated Intel Arc Graphics,Laptop,"14.0""",,16GB DDR5,512GB NVMe SSD,SSD,Windows 11 Home,1356,1356,1356,1356,0,0,USD,,InStock,https://www.yodobashi.com/products/asus-zenbook-14-oled-intel-core-ultra-7,2026-08-28T08:15:27.551208+00:00,2026-08-28
Yodobashi - JP,Japan,JP,Yodobashi - JP,1P Retailer,SKU-JP-0009,Acer Aspire 5 - Intel Core i7 13700H (Laptop),,Acer,Aspire 5,Intel,Intel Core i7,Intel Core i7,13700H,13th Gen / Raptor Lake,NVIDIA GeForce RTX 4060,Laptop,"16.0""",,32GB LPDDR5X,1TB NVMe SSD,SSD,Windows 11 Home,1403,1235,1403,1235,168,12,USD,,InStock,https://www.yodobashi.com/products/acer-aspire-5-intel-core-i7,2026-08-28T08:15:27.551208+00:00,2026-08-28
Yodobashi - JP,Japan,JP,Yodobashi - JP,1P Retailer,SKU-JP-0010,Samsung Galaxy Book4 Ultra - Intel Core 7 150U (Laptop),,Samsung,Galaxy Book4 Ultra,Intel,Intel Core 7,Intel Core 7,150U,14th Gen / Series 1,Integrated Intel Arc Graphics,Laptop,"14.0""",,16GB DDR5,512GB NVMe SSD,SSD,Windows 11 Home,1450,1189,1450,1189,261,18,USD,,InStock,https://www.yodobashi.com/products/samsung-galaxy-book4-ultra-intel-core-7,2026-08-28T08:15:27.551208+00:00,2026-08-28
Yodobashi - JP,Japan,JP,Yodobashi - JP,1P Retailer,,MSI Stealth 16 AI Studio - AMD Ryzen 9 7945HX (Laptop),,MSI,Stealth 16 AI Studio,AMD,AMD Ryzen 9,AMD Ryzen 9,7945HX,Zen 4 / Dragon Range,Integrated Intel Arc Graphics,Laptop,"16.0""",,32GB LPDDR5X,512GB NVMe SSD,SSD,Windows 11 Home,1497,1497,1497,1497,0,0,USD,,InStock,https://www.yodobashi.com/products/msi-stealth-16-ai-studio-amd-ryzen-9,2026-08-28T08:15:27.551208+00:00,2026-08-28
Yodobashi - JP,Japan,JP,Yodobashi - JP,1P Retailer,SKU-JP-0012,"Apple MacBook Pro 14"" M3 - Snapdragon X Elite X1E-80-100 (Desktop PC)",,Apple,"MacBook Pro 14"" M3",Qualcomm,Snapdragon X Elite,Snapdragon X Elite,X1E-80-100,Oryon ARM,NVIDIA GeForce RTX 4060,Desktop,"27""",,16GB DDR5,1TB NVMe SSD,SSD,Windows 11 Home,1544,1359,1544,1359,185,12,USD,,InStock,https://www.yodobashi.com/products/apple-macbook-pro-14-m3-snapdragon-x-elite,2026-08-28T08:15:27.551208+00:00,2026-08-28
Yodobashi - JP,Japan,JP,Yodobashi - JP,1P Retailer,SKU-JP-0013,Dell G15 Gaming (5530) - Intel Core Ultra 9 185H (Laptop),,Dell,G15 Gaming (5530),Intel,Intel Core Ultra 9,Intel Core Ultra 9,185H,14th Gen / Meteor Lake,Integrated Intel Arc Graphics,Laptop,"16.0""",,32GB LPDDR5X,512GB NVMe SSD,SSD,Windows 11 Home,1591,1591,1591,1591,0,0,USD,,InStock,https://www.yodobashi.com/products/dell-g15-gaming-5530--intel-core-ultra-9,2026-08-28T08:15:27.551208+00:00,2026-08-28
Yodobashi - JP,Japan,JP,Yodobashi - JP,1P Retailer,SKU-JP-0014,HP Spectre x360 14 - Intel Core i9 14900HX (Laptop),,HP,Spectre x360 14,Intel,Intel Core i9,Intel Core i9,14900HX,14th Gen / Raptor Lake-HX,Integrated Intel Arc Graphics,Laptop,"14.0""",,16GB DDR5,512GB NVMe SSD,SSD,Windows 11 Home,1638,1638,1638,1638,0,0,USD,,InStock,https://www.yodobashi.com/products/hp-spectre-x360-14-intel-core-i9,2026-08-28T08:15:27.551208+00:00,2026-08-28
Yodobashi - JP,Japan,JP,Yodobashi - JP,1P Retailer,SKU-JP-0015,"Lenovo Yoga Pro 9i (16"") - AMD Ryzen 5 7520U (Laptop)",,Lenovo,"Yoga Pro 9i (16"")",AMD,AMD Ryzen 5,AMD Ryzen 5,7520U,Zen 2 / Mendocino,NVIDIA GeForce RTX 4060,Laptop,"16.0""",,32GB LPDDR5X,1TB NVMe SSD,SSD,Windows 11 Home,1685,1483,1685,1483,202,12,USD,,InStock,https://www.yodobashi.com/products/lenovo-yoga-pro-9i-16--amd-ryzen-5,2026-08-28T08:15:27.551208+00:00,2026-08-28
Yodobashi - JP,Japan,JP,Yodobashi - JP,1P Retailer,SKU-JP-0016,ASUS Vivobook S 15 OLED - Apple M3 M3 (Laptop),,ASUS,Vivobook S 15 OLED,Apple,Apple M3,Apple M3,M3,3nm Apple Silicon,Integrated Intel Arc Graphics,Laptop,"14.0""",,16GB DDR5,512GB NVMe SSD,SSD,Windows 11 Home,1732,1732,1732,1732,0,0,USD,,InStock,https://www.yodobashi.com/products/asus-vivobook-s-15-oled-apple-m3,2026-08-28T08:15:27.551208+00:00,2026-08-28
Yodobashi - JP,Japan,JP,Yodobashi - JP,1P Retailer,SKU-JP-0017,Acer Predator Helios 16 - Intel Core Ultra 5 125H (Laptop),,Acer,Predator Helios 16,Intel,Intel Core Ultra 5,Intel Core Ultra 5,125H,14th Gen / Meteor Lake,Integrated Intel Arc Graphics,Laptop,"16.0""",,32GB LPDDR5X,512GB NVMe SSD,SSD,Windows 11 Home,1779,1779,1779,1779,0,0,USD,,InStock,https://www.yodobashi.com/products/acer-predator-helios-16-intel-core-ultra-5,2026-08-28T08:15:27.551208+00:00,2026-08-28
Yodobashi - JP,Japan,JP,Yodobashi - JP,1P Retailer,SKU-JP-0018,Samsung Galaxy Book4 Pro - Intel Core i5 1335U (Desktop PC),,Samsung,Galaxy Book4 Pro,Intel,Intel Core i5,Intel Core i5,1335U,13th Gen / Raptor Lake,NVIDIA GeForce RTX 4060,Desktop,"27""",,16GB DDR5,1TB NVMe SSD,SSD,Windows 11 Home,1826,1607,1826,1607,219,12,USD,,InStock,https://www.yodobashi.com/products/samsung-galaxy-book4-pro-intel-core-i5,2026-08-28T08:15:27.551208+00:00,2026-08-28
Yodobashi - JP,Japan,JP,Yodobashi - JP,1P Retailer,SKU-JP-0019,MSI Modern 14 - AMD Ryzen 7 7840HS (Laptop),,MSI,Modern 14,AMD,AMD Ryzen 7,AMD Ryzen 7,7840HS,Zen 4 / Phoenix,Integrated Intel Arc Graphics,Laptop,"16.0""",,32GB LPDDR5X,512GB NVMe SSD,SSD,Windows 11 Home,1873,1873,1873,1873,0,0,USD,,InStock,https://www.yodobashi.com/products/msi-modern-14-amd-ryzen-7,2026-08-28T08:15:27.551208+00:00,2026-08-28
Yodobashi - JP,Japan,JP,Yodobashi - JP,1P Retailer,SKU-JP-0020,"Apple MacBook Pro 14"" M3 - Apple M3 Pro M3 Pro (Laptop)",,Apple,"MacBook Pro 14"" M3",Apple,Apple M3 Pro,Apple M3 Pro,M3 Pro,3nm Apple Silicon,Integrated Intel Arc Graphics,Laptop,"14.0""",,16GB DDR5,512GB NVMe SSD,SSD,Windows 11 Home,1920,1574,1920,1574,346,18,USD,,InStock,https://www.yodobashi.com/products/apple-macbook-pro-14-m3-apple-m3-pro,2026-08-28T08:15:27.551208+00:00,2026-08-28
Yodobashi - JP,Japan,JP,Yodobashi - JP,1P Retailer,SKU-JP-0021,Dell XPS 14 (9440) - Intel Core Ultra 7 155H (Laptop),,Dell,XPS 14 (9440),Intel,Intel Core Ultra 7,Intel Core Ultra 7,155H,14th Gen / Meteor Lake,NVIDIA GeForce RTX 4060,Laptop,"16.0""",,32GB LPDDR5X,1TB NVMe SSD,SSD,Windows 11 Home,1967,1731,1967,1731,236,12,USD,,InStock,https://www.yodobashi.com/products/dell-xps-14-9440--intel-core-ultra-7,2026-08-28T08:15:27.551208+00:00,2026-08-28
Yodobashi - JP,Japan,JP,Yodobashi - JP,1P Retailer,,HP Spectre x360 16 - Intel Core i7 13700H (Laptop),,HP,Spectre x360 16,Intel,Intel Core i7,Intel Core i7,13700H,13th Gen / Raptor Lake,Integrated Intel Arc Graphics,Laptop,"14.0""",,16GB DDR5,512GB NVMe SSD,SSD,Windows 11 Home,2014,2014,2014,2014,0,0,USD,,InStock,https://www.yodobashi.com/products/hp-spectre-x360-16-intel-core-i7,2026-08-28T08:15:27.551208+00:00,2026-08-28
Yodobashi - JP,Japan,JP,Yodobashi - JP,1P Retailer,SKU-JP-0023,Lenovo Yoga 7i 2-in-1 - Intel Core 7 150U (Laptop),,Lenovo,Yoga 7i 2-in-1,Intel,Intel Core 7,Intel Core 7,150U,14th Gen / Series 1,Integrated Intel Arc Graphics,Laptop,"16.0""",,32GB LPDDR5X,512GB NVMe SSD,SSD,Windows 11 Home,2061,2061,2061,2061,0,0,USD,,InStock,https://www.yodobashi.com/products/lenovo-yoga-7i-2-in-1-intel-core-7,2026-08-28T08:15:27.551208+00:00,2026-08-28
Yodobashi - JP,Japan,JP,Yodobashi - JP,1P Retailer,SKU-JP-0024,ASUS ROG Zephyrus G16 - AMD Ryzen 9 7945HX (Desktop PC),,ASUS,ROG Zephyrus G16,AMD,AMD Ryzen 9,AMD Ryzen 9,7945HX,Zen 4 / Dragon Range,NVIDIA GeForce RTX 4060,Desktop,"27""",,16GB DDR5,1TB NVMe SSD,SSD,Windows 11 Home,2108,1855,2108,1855,253,12,USD,,InStock,https://www.yodobashi.com/products/asus-rog-zephyrus-g16-amd-ryzen-9,2026-08-28T08:15:27.551208+00:00,2026-08-28
Yodobashi - JP,Japan,JP,Yodobashi - JP,1P Retailer,SKU-JP-0025,Acer Nitro 16 - Snapdragon X Elite X1E-80-100 (Laptop),,Acer,Nitro 16,Qualcomm,Snapdragon X Elite,Snapdragon X Elite,X1E-80-100,Oryon ARM,Integrated Intel Arc Graphics,Laptop,"16.0""",,32GB LPDDR5X,512GB NVMe SSD,SSD,Windows 11 Home,2155,1767,2155,1767,388,18,USD,,InStock,https://www.yodobashi.com/products/acer-nitro-16-snapdragon-x-elite,2026-08-28T08:15:27.551208+00:00,2026-08-28
Yodobashi - JP,Japan,JP,Yodobashi - JP,1P Retailer,SKU-JP-0026,Samsung Galaxy Book4 360 - Intel Core Ultra 9 185H (Laptop),,Samsung,Galaxy Book4 360,Intel,Intel Core Ultra 9,Intel Core Ultra 9,185H,14th Gen / Meteor Lake,Integrated Intel Arc Graphics,Laptop,"14.0""",,16GB DDR5,512GB NVMe SSD,SSD,Windows 11 Home,2202,2202,2202,2202,0,0,USD,,InStock,https://www.yodobashi.com/products/samsung-galaxy-book4-360-intel-core-ultra-9,2026-08-28T08:15:27.551208+00:00,2026-08-28
Yodobashi - JP,Japan,JP,Yodobashi - JP,1P Retailer,SKU-JP-0027,MSI Raider GE78 HX - Intel Core i9 14900HX (Laptop),,MSI,Raider GE78 HX,Intel,Intel Core i9,Intel Core i9,14900HX,14th Gen / Raptor Lake-HX,NVIDIA GeForce RTX 4060,Laptop,"16.0""",,32GB LPDDR5X,1TB NVMe SSD,SSD,Windows 11 Home,2249,1979,2249,1979,270,12,USD,,InStock,https://www.yodobashi.com/products/msi-raider-ge78-hx-intel-core-i9,2026-08-28T08:15:27.551208+00:00,2026-08-28
Yodobashi - JP,Japan,JP,Yodobashi - JP,1P Retailer,SKU-JP-0028,"Apple MacBook Pro 14"" M3 - AMD Ryzen 5 7520U (Laptop)",,Apple,"MacBook Pro 14"" M3",AMD,AMD Ryzen 5,AMD Ryzen 5,7520U,Zen 2 / Mendocino,Integrated Intel Arc Graphics,Laptop,"14.0""",,16GB DDR5,512GB NVMe SSD,SSD,Windows 11 Home,2296,2296,2296,2296,0,0,USD,,InStock,https://www.yodobashi.com/products/apple-macbook-pro-14-m3-amd-ryzen-5,2026-08-28T08:15:27.551208+00:00,2026-08-28
Yodobashi - JP,Japan,JP,Yodobashi - JP,1P Retailer,SKU-JP-0029,Dell XPS 16 (9640) - Apple M3 M3 (Laptop),,Dell,XPS 16 (9640),Apple,Apple M3,Apple M3,M3,3nm Apple Silicon,Integrated Intel Arc Graphics,Laptop,"16.0""",,32GB LPDDR5X,512GB NVMe SSD,SSD,Windows 11 Home,2343,2343,2343,2343,0,0,USD,,InStock,https://www.yodobashi.com/products/dell-xps-16-9640--apple-m3,2026-08-28T08:15:27.551208+00:00,2026-08-28
Yodobashi - JP,Japan,JP,Yodobashi - JP,1P Retailer,SKU-JP-0030,HP Envy x360 15 - Intel Core Ultra 5 125H (Desktop PC),,HP,Envy x360 15,Intel,Intel Core Ultra 5,Intel Core Ultra 5,125H,14th Gen / Meteor Lake,NVIDIA GeForce RTX 4060,Desktop,"27""",,16GB DDR5,1TB NVMe SSD,SSD,Windows 11 Home,2390,2103,2390,2103,287,12,USD,,InStock,https://www.yodobashi.com/products/hp-envy-x360-15-intel-core-ultra-5,2026-08-28T08:15:27.551208+00:00,2026-08-28
JB Hi-Fi - AU,Australia,AU,JB Hi-Fi - AU,1P Retailer,SKU-AU-0001,ASUS Zenbook 14 OLED - Apple M3 Pro M3 Pro (Laptop),,ASUS,Zenbook 14 OLED,Apple,Apple M3 Pro,Apple M3 Pro,M3 Pro,3nm Apple Silicon,Integrated Intel Arc Graphics,Laptop,"16.0""",,32GB LPDDR5X,512GB NVMe SSD,SSD,Windows 11 Home,1116,1116,1116,1116,0,0,USD,,InStock,https://www.jbhifi.com.au/products/asus-zenbook-14-oled-apple-m3-pro,2026-08-28T08:15:27.551208+00:00,2026-08-28
JB Hi-Fi - AU,Australia,AU,JB Hi-Fi - AU,1P Retailer,SKU-AU-0002,Acer Aspire 5 - Intel Core Ultra 7 155H (Laptop),,Acer,Aspire 5,Intel,Intel Core Ultra 7,Intel Core Ultra 7,155H,14th Gen / Meteor Lake,Integrated Intel Arc Graphics,Laptop,"14.0""",,16GB DDR5,512GB NVMe SSD,SSD,Windows 11 Home,1163,1163,1163,1163,0,0,USD,,InStock,https://www.jbhifi.com.au/products/acer-aspire-5-intel-core-ultra-7,2026-08-28T08:15:27.551208+00:00,2026-08-28
JB Hi-Fi - AU,Australia,AU,JB Hi-Fi - AU,1P Retailer,SKU-AU-0003,Samsung Galaxy Book4 Pro - Intel Core i7 13700H (Laptop),,Samsung,Galaxy Book4 Pro,Intel,Intel Core i7,Intel Core i7,13700H,13th Gen / Raptor Lake,NVIDIA GeForce RTX 4060,Laptop,"16.0""",,32GB LPDDR5X,1TB NVMe SSD,SSD,Windows 11 Home,1210,1065,1210,1065,145,12,USD,,InStock,https://www.jbhifi.com.au/products/samsung-galaxy-book4-pro-intel-core-i7,2026-08-28T08:15:27.551208+00:00,2026-08-28
JB Hi-Fi - AU,Australia,AU,JB Hi-Fi - AU,1P Retailer,SKU-AU-0004,MSI Modern 14 - Intel Core 7 150U (Laptop),,MSI,Modern 14,Intel,Intel Core 7,Intel Core 7,150U,14th Gen / Series 1,Integrated Intel Arc Graphics,Laptop,"14.0""",,16GB DDR5,512GB NVMe SSD,SSD,Windows 11 Home,1257,1257,1257,1257,0,0,USD,,InStock,https://www.jbhifi.com.au/products/msi-modern-14-intel-core-7,2026-08-28T08:15:27.551208+00:00,2026-08-28
JB Hi-Fi - AU,Australia,AU,JB Hi-Fi - AU,1P Retailer,SKU-AU-0005,"Apple MacBook Pro 16"" M3 Max - AMD Ryzen 9 7945HX (Laptop)",,Apple,"MacBook Pro 16"" M3 Max",AMD,AMD Ryzen 9,AMD Ryzen 9,7945HX,Zen 4 / Dragon Range,Integrated Intel Arc Graphics,Laptop,"16.0""",,32GB LPDDR5X,512GB NVMe SSD,SSD,Windows 11 Home,1304,1069,1304,1069,235,18,USD,,InStock,https://www.jbhifi.com.au/products/apple-macbook-pro-16-m3-max-amd-ryzen-9,2026-08-28T08:15:27.551208+00:00,2026-08-28
JB Hi-Fi - AU,Australia,AU,JB Hi-Fi - AU,1P Retailer,SKU-AU-0006,Dell G15 Gaming (5530) - Snapdragon X Elite X1E-80-100 (Desktop PC),,Dell,G15 Gaming (5530),Qualcomm,Snapdragon X Elite,Snapdragon X Elite,X1E-80-100,Oryon ARM,NVIDIA GeForce RTX 4060,Desktop,"27""",,16GB DDR5,1TB NVMe SSD,SSD,Windows 11 Home,1351,1189,1351,1189,162,12,USD,,InStock,https://www.jbhifi.com.au/products/dell-g15-gaming-5530--snapdragon-x-elite,2026-08-28T08:15:27.551208+00:00,2026-08-28
JB Hi-Fi - AU,Australia,AU,JB Hi-Fi - AU,1P Retailer,SKU-AU-0007,HP Spectre x360 14 - Intel Core Ultra 9 185H (Laptop),,HP,Spectre x360 14,Intel,Intel Core Ultra 9,Intel Core Ultra 9,185H,14th Gen / Meteor Lake,Integrated Intel Arc Graphics,Laptop,"16.0""",,32GB LPDDR5X,512GB NVMe SSD,SSD,Windows 11 Home,1398,1398,1398,1398,0,0,USD,,InStock,https://www.jbhifi.com.au/products/hp-spectre-x360-14-intel-core-ultra-9,2026-08-28T08:15:27.551208+00:00,2026-08-28
JB Hi-Fi - AU,Australia,AU,JB Hi-Fi - AU,1P Retailer,SKU-AU-0008,"Lenovo Yoga Pro 9i (16"") - Intel Core i9 14900HX (Laptop)",,Lenovo,"Yoga Pro 9i (16"")",Intel,Intel Core i9,Intel Core i9,14900HX,14th Gen / Raptor Lake-HX,Integrated Intel Arc Graphics,Laptop,"14.0""",,16GB DDR5,512GB NVMe SSD,SSD,Windows 11 Home,1445,1445,1445,1445,0,0,USD,,InStock,https://www.jbhifi.com.au/products/lenovo-yoga-pro-9i-16--intel-core-i9,2026-08-28T08:15:27.551208+00:00,2026-08-28
JB Hi-Fi - AU,Australia,AU,JB Hi-Fi - AU,1P Retailer,SKU-AU-0009,ASUS Vivobook S 15 OLED - AMD Ryzen 5 7520U (Laptop),,ASUS,Vivobook S 15 OLED,AMD,AMD Ryzen 5,AMD Ryzen 5,7520U,Zen 2 / Mendocino,NVIDIA GeForce RTX 4060,Laptop,"16.0""",,32GB LPDDR5X,1TB NVMe SSD,SSD,Windows 11 Home,1492,1313,1492,1313,179,12,USD,,InStock,https://www.jbhifi.com.au/products/asus-vivobook-s-15-oled-amd-ryzen-5,2026-08-28T08:15:27.551208+00:00,2026-08-28
JB Hi-Fi - AU,Australia,AU,JB Hi-Fi - AU,1P Retailer,SKU-AU-0010,Acer Predator Helios 16 - Apple M3 M3 (Laptop),,Acer,Predator Helios 16,Apple,Apple M3,Apple M3,M3,3nm Apple Silicon,Integrated Intel Arc Graphics,Laptop,"14.0""",,16GB DDR5,512GB NVMe SSD,SSD,Windows 11 Home,1539,1262,1539,1262,277,18,USD,,InStock,https://www.jbhifi.com.au/products/acer-predator-helios-16-apple-m3,2026-08-28T08:15:27.551208+00:00,2026-08-28
JB Hi-Fi - AU,Australia,AU,JB Hi-Fi - AU,1P Retailer,,Samsung Galaxy Book4 360 - Intel Core Ultra 5 125H (Laptop),,Samsung,Galaxy Book4 360,Intel,Intel Core Ultra 5,Intel Core Ultra 5,125H,14th Gen / Meteor Lake,Integrated Intel Arc Graphics,Laptop,"16.0""",,32GB LPDDR5X,512GB NVMe SSD,SSD,Windows 11 Home,1586,1586,1586,1586,0,0,USD,,InStock,https://www.jbhifi.com.au/products/samsung-galaxy-book4-360-intel-core-ultra-5,2026-08-28T08:15:27.551208+00:00,2026-08-28
JB Hi-Fi - AU,Australia,AU,JB Hi-Fi - AU,1P Retailer,SKU-AU-0012,MSI Raider GE78 HX - Intel Core i5 1335U (Desktop PC),,MSI,Raider GE78 HX,Intel,Intel Core i5,Intel Core i5,1335U,13th Gen / Raptor Lake,NVIDIA GeForce RTX 4060,Desktop,"27""",,16GB DDR5,1TB NVMe SSD,SSD,Windows 11 Home,1633,1437,1633,1437,196,12,USD,,InStock,https://www.jbhifi.com.au/products/msi-raider-ge78-hx-intel-core-i5,2026-08-28T08:15:27.551208+00:00,2026-08-28
JB Hi-Fi - AU,Australia,AU,JB Hi-Fi - AU,1P Retailer,SKU-AU-0013,"Apple MacBook Pro 16"" M3 Max - AMD Ryzen 7 7840HS (Laptop)",,Apple,"MacBook Pro 16"" M3 Max",AMD,AMD Ryzen 7,AMD Ryzen 7,7840HS,Zen 4 / Phoenix,Integrated Intel Arc Graphics,Laptop,"16.0""",,32GB LPDDR5X,512GB NVMe SSD,SSD,Windows 11 Home,1680,1680,1680,1680,0,0,USD,,InStock,https://www.jbhifi.com.au/products/apple-macbook-pro-16-m3-max-amd-ryzen-7,2026-08-28T08:15:27.551208+00:00,2026-08-28
JB Hi-Fi - AU,Australia,AU,JB Hi-Fi - AU,1P Retailer,SKU-AU-0014,Dell XPS 14 (9440) - Apple M3 Pro M3 Pro (Laptop),,Dell,XPS 14 (9440),Apple,Apple M3 Pro,Apple M3 Pro,M3 Pro,3nm Apple Silicon,Integrated Intel Arc Graphics,Laptop,"14.0""",,16GB DDR5,512GB NVMe SSD,SSD,Windows 11 Home,1727,1727,1727,1727,0,0,USD,,InStock,https://www.jbhifi.com.au/products/dell-xps-14-9440--apple-m3-pro,2026-08-28T08:15:27.551208+00:00,2026-08-28
JB Hi-Fi - AU,Australia,AU,JB Hi-Fi - AU,1P Retailer,SKU-AU-0015,HP Spectre x360 16 - Intel Core Ultra 7 155H (Laptop),,HP,Spectre x360 16,Intel,Intel Core Ultra 7,Intel Core Ultra 7,155H,14th Gen / Meteor Lake,NVIDIA GeForce RTX 4060,Laptop,"16.0""",,32GB LPDDR5X,1TB NVMe SSD,SSD,Windows 11 Home,1774,1561,1774,1561,213,12,USD,,InStock,https://www.jbhifi.com.au/products/hp-spectre-x360-16-intel-core-ultra-7,2026-08-28T08:15:27.551208+00:00,2026-08-28
JB Hi-Fi - AU,Australia,AU,JB Hi-Fi - AU,1P Retailer,SKU-AU-0016,Lenovo Yoga 7i 2-in-1 - Intel Core i7 13700H (Laptop),,Lenovo,Yoga 7i 2-in-1,Intel,Intel Core i7,Intel Core i7,13700H,13th Gen / Raptor Lake,Integrated Intel Arc Graphics,Laptop,"14.0""",,16GB DDR5,512GB NVMe SSD,SSD,Windows 11 Home,1821,1821,1821,1821,0,0,USD,,InStock,https://www.jbhifi.com.au/products/lenovo-yoga-7i-2-in-1-intel-core-i7,2026-08-28T08:15:27.551208+00:00,2026-08-28
JB Hi-Fi - AU,Australia,AU,JB Hi-Fi - AU,1P Retailer,SKU-AU-0017,ASUS ROG Zephyrus G16 - Intel Core 7 150U (Laptop),,ASUS,ROG Zephyrus G16,Intel,Intel Core 7,Intel Core 7,150U,14th Gen / Series 1,Integrated Intel Arc Graphics,Laptop,"16.0""",,32GB LPDDR5X,512GB NVMe SSD,SSD,Windows 11 Home,1868,1868,1868,1868,0,0,USD,,InStock,https://www.jbhifi.com.au/products/asus-rog-zephyrus-g16-intel-core-7,2026-08-28T08:15:27.551208+00:00,2026-08-28
JB Hi-Fi - AU,Australia,AU,JB Hi-Fi - AU,1P Retailer,SKU-AU-0018,Acer Nitro 16 - AMD Ryzen 9 7945HX (Desktop PC),,Acer,Nitro 16,AMD,AMD Ryzen 9,AMD Ryzen 9,7945HX,Zen 4 / Dragon Range,NVIDIA GeForce RTX 4060,Desktop,"27""",,16GB DDR5,1TB NVMe SSD,SSD,Windows 11 Home,1915,1685,1915,1685,230,12,USD,,InStock,https://www.jbhifi.com.au/products/acer-nitro-16-amd-ryzen-9,2026-08-28T08:15:27.551208+00:00,2026-08-28
JB Hi-Fi - AU,Australia,AU,JB Hi-Fi - AU,1P Retailer,SKU-AU-0019,Samsung Galaxy Book4 Ultra - Snapdragon X Elite X1E-80-100 (Laptop),,Samsung,Galaxy Book4 Ultra,Qualcomm,Snapdragon X Elite,Snapdragon X Elite,X1E-80-100,Oryon ARM,Integrated Intel Arc Graphics,Laptop,"16.0""",,32GB LPDDR5X,512GB NVMe SSD,SSD,Windows 11 Home,1962,1962,1962,1962,0,0,USD,,InStock,https://www.jbhifi.com.au/products/samsung-galaxy-book4-ultra-snapdragon-x-elite,2026-08-28T08:15:27.551208+00:00,2026-08-28
JB Hi-Fi - AU,Australia,AU,JB Hi-Fi - AU,1P Retailer,SKU-AU-0020,MSI Prestige 16 AI Evo - Intel Core Ultra 9 185H (Laptop),,MSI,Prestige 16 AI Evo,Intel,Intel Core Ultra 9,Intel Core Ultra 9,185H,14th Gen / Meteor Lake,Integrated Intel Arc Graphics,Laptop,"14.0""",,16GB DDR5,512GB NVMe SSD,SSD,Windows 11 Home,2009,1647,2009,1647,362,18,USD,,InStock,https://www.jbhifi.com.au/products/msi-prestige-16-ai-evo-intel-core-ultra-9,2026-08-28T08:15:27.551208+00:00,2026-08-28
JB Hi-Fi - AU,Australia,AU,JB Hi-Fi - AU,1P Retailer,SKU-AU-0021,"Apple MacBook Pro 16"" M3 Max - Intel Core i9 14900HX (Laptop)",,Apple,"MacBook Pro 16"" M3 Max",Intel,Intel Core i9,Intel Core i9,14900HX,14th Gen / Raptor Lake-HX,NVIDIA GeForce RTX 4060,Laptop,"16.0""",,32GB LPDDR5X,1TB NVMe SSD,SSD,Windows 11 Home,2056,1809,2056,1809,247,12,USD,,InStock,https://www.jbhifi.com.au/products/apple-macbook-pro-16-m3-max-intel-core-i9,2026-08-28T08:15:27.551208+00:00,2026-08-28
JB Hi-Fi - AU,Australia,AU,JB Hi-Fi - AU,1P Retailer,,Dell XPS 16 (9640) - AMD Ryzen 5 7520U (Laptop),,Dell,XPS 16 (9640),AMD,AMD Ryzen 5,AMD Ryzen 5,7520U,Zen 2 / Mendocino,Integrated Intel Arc Graphics,Laptop,"14.0""",,16GB DDR5,512GB NVMe SSD,SSD,Windows 11 Home,2103,2103,2103,2103,0,0,USD,,InStock,https://www.jbhifi.com.au/products/dell-xps-16-9640--amd-ryzen-5,2026-08-28T08:15:27.551208+00:00,2026-08-28
JB Hi-Fi - AU,Australia,AU,JB Hi-Fi - AU,1P Retailer,SKU-AU-0023,HP Envy x360 15 - Apple M3 M3 (Laptop),,HP,Envy x360 15,Apple,Apple M3,Apple M3,M3,3nm Apple Silicon,Integrated Intel Arc Graphics,Laptop,"16.0""",,32GB LPDDR5X,512GB NVMe SSD,SSD,Windows 11 Home,2150,2150,2150,2150,0,0,USD,,InStock,https://www.jbhifi.com.au/products/hp-envy-x360-15-apple-m3,2026-08-28T08:15:27.551208+00:00,2026-08-28
JB Hi-Fi - AU,Australia,AU,JB Hi-Fi - AU,1P Retailer,SKU-AU-0024,Lenovo IdeaPad Slim 5 - Intel Core Ultra 5 125H (Desktop PC),,Lenovo,IdeaPad Slim 5,Intel,Intel Core Ultra 5,Intel Core Ultra 5,125H,14th Gen / Meteor Lake,NVIDIA GeForce RTX 4060,Desktop,"27""",,16GB DDR5,1TB NVMe SSD,SSD,Windows 11 Home,2197,1933,2197,1933,264,12,USD,,InStock,https://www.jbhifi.com.au/products/lenovo-ideapad-slim-5-intel-core-ultra-5,2026-08-28T08:15:27.551208+00:00,2026-08-28
JB Hi-Fi - AU,Australia,AU,JB Hi-Fi - AU,1P Retailer,SKU-AU-0025,ASUS ROG Strix SCAR 18 - Intel Core i5 1335U (Laptop),,ASUS,ROG Strix SCAR 18,Intel,Intel Core i5,Intel Core i5,1335U,13th Gen / Raptor Lake,Integrated Intel Arc Graphics,Laptop,"16.0""",,32GB LPDDR5X,512GB NVMe SSD,SSD,Windows 11 Home,2244,1840,2244,1840,404,18,USD,,InStock,https://www.jbhifi.com.au/products/asus-rog-strix-scar-18-intel-core-i5,2026-08-28T08:15:27.551208+00:00,2026-08-28
JB Hi-Fi - AU,Australia,AU,JB Hi-Fi - AU,1P Retailer,SKU-AU-0026,Acer TravelMate P6 - AMD Ryzen 7 7840HS (Laptop),,Acer,TravelMate P6,AMD,AMD Ryzen 7,AMD Ryzen 7,7840HS,Zen 4 / Phoenix,Integrated Intel Arc Graphics,Laptop,"14.0""",,16GB DDR5,512GB NVMe SSD,SSD,Windows 11 Home,2291,2291,2291,2291,0,0,USD,,InStock,https://www.jbhifi.com.au/products/acer-travelmate-p6-amd-ryzen-7,2026-08-28T08:15:27.551208+00:00,2026-08-28
JB Hi-Fi - AU,Australia,AU,JB Hi-Fi - AU,1P Retailer,SKU-AU-0027,Samsung Galaxy Book4 Pro - Apple M3 Pro M3 Pro (Laptop),,Samsung,Galaxy Book4 Pro,Apple,Apple M3 Pro,Apple M3 Pro,M3 Pro,3nm Apple Silicon,NVIDIA GeForce RTX 4060,Laptop,"16.0""",,32GB LPDDR5X,1TB NVMe SSD,SSD,Windows 11 Home,2338,2057,2338,2057,281,12,USD,,InStock,https://www.jbhifi.com.au/products/samsung-galaxy-book4-pro-apple-m3-pro,2026-08-28T08:15:27.551208+00:00,2026-08-28
JB Hi-Fi - AU,Australia,AU,JB Hi-Fi - AU,1P Retailer,SKU-AU-0028,MSI Cyborg 15 - Intel Core Ultra 7 155H (Laptop),,MSI,Cyborg 15,Intel,Intel Core Ultra 7,Intel Core Ultra 7,155H,14th Gen / Meteor Lake,Integrated Intel Arc Graphics,Laptop,"14.0""",,16GB DDR5,512GB NVMe SSD,SSD,Windows 11 Home,2385,2385,2385,2385,0,0,USD,,InStock,https://www.jbhifi.com.au/products/msi-cyborg-15-intel-core-ultra-7,2026-08-28T08:15:27.551208+00:00,2026-08-28
JB Hi-Fi - AU,Australia,AU,JB Hi-Fi - AU,1P Retailer,SKU-AU-0029,"Apple MacBook Pro 16"" M3 Max - Intel Core i7 13700H (Laptop)",,Apple,"MacBook Pro 16"" M3 Max",Intel,Intel Core i7,Intel Core i7,13700H,13th Gen / Raptor Lake,Integrated Intel Arc Graphics,Laptop,"16.0""",,32GB LPDDR5X,512GB NVMe SSD,SSD,Windows 11 Home,2432,2432,2432,2432,0,0,USD,,InStock,https://www.jbhifi.com.au/products/apple-macbook-pro-16-m3-max-intel-core-i7,2026-08-28T08:15:27.551208+00:00,2026-08-28
JB Hi-Fi - AU,Australia,AU,JB Hi-Fi - AU,1P Retailer,SKU-AU-0030,Dell Inspiron 15 (3520) - Intel Core 7 150U (Desktop PC),,Dell,Inspiron 15 (3520),Intel,Intel Core 7,Intel Core 7,150U,14th Gen / Series 1,NVIDIA GeForce RTX 4060,Desktop,"27""",,16GB DDR5,1TB NVMe SSD,SSD,Windows 11 Home,2479,2182,2479,2182,297,12,USD,,InStock,https://www.jbhifi.com.au/products/dell-inspiron-15-3520--intel-core-7,2026-08-28T08:15:27.551208+00:00,2026-08-28
JB Hi-Fi - AU,Australia,AU,JB Hi-Fi - AU,1P Retailer,SKU-AU-0031,HP Pavilion Plus 14 - AMD Ryzen 9 7945HX (Laptop),,HP,Pavilion Plus 14,AMD,AMD Ryzen 9,AMD Ryzen 9,7945HX,Zen 4 / Dragon Range,Integrated Intel Arc Graphics,Laptop,"16.0""",,32GB LPDDR5X,512GB NVMe SSD,SSD,Windows 11 Home,2526,2526,2526,2526,0,0,USD,,InStock,https://www.jbhifi.com.au/products/hp-pavilion-plus-14-amd-ryzen-9,2026-08-28T08:15:27.551208+00:00,2026-08-28
Officeworks - AU,Australia,AU,Officeworks - AU,1P Retailer,SKU-AU-0001,"Lenovo Yoga Pro 9i (16"") - Intel Core Ultra 9 185H (Laptop)",,Lenovo,"Yoga Pro 9i (16"")",Intel,Intel Core Ultra 9,Intel Core Ultra 9,185H,14th Gen / Meteor Lake,Integrated Intel Arc Graphics,Laptop,"16.0""",,32GB LPDDR5X,512GB NVMe SSD,SSD,Windows 11 Home,1205,1205,1205,1205,0,0,USD,,InStock,https://www.officeworks.com.au/products/lenovo-yoga-pro-9i-16--intel-core-ultra-9,2026-08-28T08:15:27.551208+00:00,2026-08-28
Officeworks - AU,Australia,AU,Officeworks - AU,1P Retailer,SKU-AU-0002,ASUS Vivobook S 15 OLED - Intel Core i9 14900HX (Laptop),,ASUS,Vivobook S 15 OLED,Intel,Intel Core i9,Intel Core i9,14900HX,14th Gen / Raptor Lake-HX,Integrated Intel Arc Graphics,Laptop,"14.0""",,16GB DDR5,512GB NVMe SSD,SSD,Windows 11 Home,1252,1252,1252,1252,0,0,USD,,InStock,https://www.officeworks.com.au/products/asus-vivobook-s-15-oled-intel-core-i9,2026-08-28T08:15:27.551208+00:00,2026-08-28
Officeworks - AU,Australia,AU,Officeworks - AU,1P Retailer,SKU-AU-0003,Acer Predator Helios 16 - AMD Ryzen 5 7520U (Laptop),,Acer,Predator Helios 16,AMD,AMD Ryzen 5,AMD Ryzen 5,7520U,Zen 2 / Mendocino,NVIDIA GeForce RTX 4060,Laptop,"16.0""",,32GB LPDDR5X,1TB NVMe SSD,SSD,Windows 11 Home,1299,1143,1299,1143,156,12,USD,,InStock,https://www.officeworks.com.au/products/acer-predator-helios-16-amd-ryzen-5,2026-08-28T08:15:27.551208+00:00,2026-08-28
Officeworks - AU,Australia,AU,Officeworks - AU,1P Retailer,SKU-AU-0004,Samsung Galaxy Book4 Ultra - Apple M3 M3 (Laptop),,Samsung,Galaxy Book4 Ultra,Apple,Apple M3,Apple M3,M3,3nm Apple Silicon,Integrated Intel Arc Graphics,Laptop,"14.0""",,16GB DDR5,512GB NVMe SSD,SSD,Windows 11 Home,1346,1346,1346,1346,0,0,USD,,InStock,https://www.officeworks.com.au/products/samsung-galaxy-book4-ultra-apple-m3,2026-08-28T08:15:27.551208+00:00,2026-08-28
Officeworks - AU,Australia,AU,Officeworks - AU,1P Retailer,SKU-AU-0005,MSI Prestige 16 AI Evo - Intel Core Ultra 5 125H (Laptop),,MSI,Prestige 16 AI Evo,Intel,Intel Core Ultra 5,Intel Core Ultra 5,125H,14th Gen / Meteor Lake,Integrated Intel Arc Graphics,Laptop,"16.0""",,32GB LPDDR5X,512GB NVMe SSD,SSD,Windows 11 Home,1393,1142,1393,1142,251,18,USD,,InStock,https://www.officeworks.com.au/products/msi-prestige-16-ai-evo-intel-core-ultra-5,2026-08-28T08:15:27.551208+00:00,2026-08-28
Officeworks - AU,Australia,AU,Officeworks - AU,1P Retailer,SKU-AU-0006,"Apple MacBook Air 13"" M3 - Intel Core i5 1335U (Desktop PC)",,Apple,"MacBook Air 13"" M3",Intel,Intel Core i5,Intel Core i5,1335U,13th Gen / Raptor Lake,NVIDIA GeForce RTX 4060,Desktop,"27""",,16GB DDR5,1TB NVMe SSD,SSD,Windows 11 Home,1440,1267,1440,1267,173,12,USD,,InStock,https://www.officeworks.com.au/products/apple-macbook-air-13-m3-intel-core-i5,2026-08-28T08:15:27.551208+00:00,2026-08-28
Officeworks - AU,Australia,AU,Officeworks - AU,1P Retailer,SKU-AU-0007,Dell XPS 14 (9440) - AMD Ryzen 7 7840HS (Laptop),,Dell,XPS 14 (9440),AMD,AMD Ryzen 7,AMD Ryzen 7,7840HS,Zen 4 / Phoenix,Integrated Intel Arc Graphics,Laptop,"16.0""",,32GB LPDDR5X,512GB NVMe SSD,SSD,Windows 11 Home,1487,1487,1487,1487,0,0,USD,,InStock,https://www.officeworks.com.au/products/dell-xps-14-9440--amd-ryzen-7,2026-08-28T08:15:27.551208+00:00,2026-08-28
Officeworks - AU,Australia,AU,Officeworks - AU,1P Retailer,SKU-AU-0008,HP Spectre x360 16 - Apple M3 Pro M3 Pro (Laptop),,HP,Spectre x360 16,Apple,Apple M3 Pro,Apple M3 Pro,M3 Pro,3nm Apple Silicon,Integrated Intel Arc Graphics,Laptop,"14.0""",,16GB DDR5,512GB NVMe SSD,SSD,Windows 11 Home,1534,1534,1534,1534,0,0,USD,,InStock,https://www.officeworks.com.au/products/hp-spectre-x360-16-apple-m3-pro,2026-08-28T08:15:27.551208+00:00,2026-08-28
Officeworks - AU,Australia,AU,Officeworks - AU,1P Retailer,SKU-AU-0009,Lenovo Yoga 7i 2-in-1 - Intel Core Ultra 7 155H (Laptop),,Lenovo,Yoga 7i 2-in-1,Intel,Intel Core Ultra 7,Intel Core Ultra 7,155H,14th Gen / Meteor Lake,NVIDIA GeForce RTX 4060,Laptop,"16.0""",,32GB LPDDR5X,1TB NVMe SSD,SSD,Windows 11 Home,1581,1391,1581,1391,190,12,USD,,InStock,https://www.officeworks.com.au/products/lenovo-yoga-7i-2-in-1-intel-core-ultra-7,2026-08-28T08:15:27.551208+00:00,2026-08-28
Officeworks - AU,Australia,AU,Officeworks - AU,1P Retailer,SKU-AU-0010,ASUS ROG Zephyrus G16 - Intel Core i7 13700H (Laptop),,ASUS,ROG Zephyrus G16,Intel,Intel Core i7,Intel Core i7,13700H,13th Gen / Raptor Lake,Integrated Intel Arc Graphics,Laptop,"14.0""",,16GB DDR5,512GB NVMe SSD,SSD,Windows 11 Home,1628,1335,1628,1335,293,18,USD,,InStock,https://www.officeworks.com.au/products/asus-rog-zephyrus-g16-intel-core-i7,2026-08-28T08:15:27.551208+00:00,2026-08-28
Officeworks - AU,Australia,AU,Officeworks - AU,1P Retailer,,Acer Nitro 16 - Intel Core 7 150U (Laptop),,Acer,Nitro 16,Intel,Intel Core 7,Intel Core 7,150U,14th Gen / Series 1,Integrated Intel Arc Graphics,Laptop,"16.0""",,32GB LPDDR5X,512GB NVMe SSD,SSD,Windows 11 Home,1675,1675,1675,1675,0,0,USD,,InStock,https://www.officeworks.com.au/products/acer-nitro-16-intel-core-7,2026-08-28T08:15:27.551208+00:00,2026-08-28
Officeworks - AU,Australia,AU,Officeworks - AU,1P Retailer,SKU-AU-0012,Samsung Galaxy Book4 Pro - AMD Ryzen 9 7945HX (Desktop PC),,Samsung,Galaxy Book4 Pro,AMD,AMD Ryzen 9,AMD Ryzen 9,7945HX,Zen 4 / Dragon Range,NVIDIA GeForce RTX 4060,Desktop,"27""",,16GB DDR5,1TB NVMe SSD,SSD,Windows 11 Home,1722,1515,1722,1515,207,12,USD,,InStock,https://www.officeworks.com.au/products/samsung-galaxy-book4-pro-amd-ryzen-9,2026-08-28T08:15:27.551208+00:00,2026-08-28
Officeworks - AU,Australia,AU,Officeworks - AU,1P Retailer,SKU-AU-0013,MSI Cyborg 15 - Snapdragon X Elite X1E-80-100 (Laptop),,MSI,Cyborg 15,Qualcomm,Snapdragon X Elite,Snapdragon X Elite,X1E-80-100,Oryon ARM,Integrated Intel Arc Graphics,Laptop,"16.0""",,32GB LPDDR5X,512GB NVMe SSD,SSD,Windows 11 Home,1769,1769,1769,1769,0,0,USD,,InStock,https://www.officeworks.com.au/products/msi-cyborg-15-snapdragon-x-elite,2026-08-28T08:15:27.551208+00:00,2026-08-28
Officeworks - AU,Australia,AU,Officeworks - AU,1P Retailer,SKU-AU-0014,"Apple MacBook Air 13"" M3 - Intel Core Ultra 9 185H (Laptop)",,Apple,"MacBook Air 13"" M3",Intel,Intel Core Ultra 9,Intel Core Ultra 9,185H,14th Gen / Meteor Lake,Integrated Intel Arc Graphics,Laptop,"14.0""",,16GB DDR5,512GB NVMe SSD,SSD,Windows 11 Home,1816,1816,1816,1816,0,0,USD,,InStock,https://www.officeworks.com.au/products/apple-macbook-air-13-m3-intel-core-ultra-9,2026-08-28T08:15:27.551208+00:00,2026-08-28
Officeworks - AU,Australia,AU,Officeworks - AU,1P Retailer,SKU-AU-0015,Dell XPS 16 (9640) - Intel Core i9 14900HX (Laptop),,Dell,XPS 16 (9640),Intel,Intel Core i9,Intel Core i9,14900HX,14th Gen / Raptor Lake-HX,NVIDIA GeForce RTX 4060,Laptop,"16.0""",,32GB LPDDR5X,1TB NVMe SSD,SSD,Windows 11 Home,1863,1639,1863,1639,224,12,USD,,InStock,https://www.officeworks.com.au/products/dell-xps-16-9640--intel-core-i9,2026-08-28T08:15:27.551208+00:00,2026-08-28
Officeworks - AU,Australia,AU,Officeworks - AU,1P Retailer,SKU-AU-0016,HP Envy x360 15 - AMD Ryzen 5 7520U (Laptop),,HP,Envy x360 15,AMD,AMD Ryzen 5,AMD Ryzen 5,7520U,Zen 2 / Mendocino,Integrated Intel Arc Graphics,Laptop,"14.0""",,16GB DDR5,512GB NVMe SSD,SSD,Windows 11 Home,1910,1910,1910,1910,0,0,USD,,InStock,https://www.officeworks.com.au/products/hp-envy-x360-15-amd-ryzen-5,2026-08-28T08:15:27.551208+00:00,2026-08-28
Officeworks - AU,Australia,AU,Officeworks - AU,1P Retailer,SKU-AU-0017,Lenovo IdeaPad Slim 5 - Apple M3 M3 (Laptop),,Lenovo,IdeaPad Slim 5,Apple,Apple M3,Apple M3,M3,3nm Apple Silicon,Integrated Intel Arc Graphics,Laptop,"16.0""",,32GB LPDDR5X,512GB NVMe SSD,SSD,Windows 11 Home,1957,1957,1957,1957,0,0,USD,,InStock,https://www.officeworks.com.au/products/lenovo-ideapad-slim-5-apple-m3,2026-08-28T08:15:27.551208+00:00,2026-08-28
Officeworks - AU,Australia,AU,Officeworks - AU,1P Retailer,SKU-AU-0018,ASUS ROG Strix SCAR 18 - Intel Core Ultra 5 125H (Desktop PC),,ASUS,ROG Strix SCAR 18,Intel,Intel Core Ultra 5,Intel Core Ultra 5,125H,14th Gen / Meteor Lake,NVIDIA GeForce RTX 4060,Desktop,"27""",,16GB DDR5,1TB NVMe SSD,SSD,Windows 11 Home,2004,1764,2004,1764,240,12,USD,,InStock,https://www.officeworks.com.au/products/asus-rog-strix-scar-18-intel-core-ultra-5,2026-08-28T08:15:27.551208+00:00,2026-08-28
Officeworks - AU,Australia,AU,Officeworks - AU,1P Retailer,SKU-AU-0019,Acer TravelMate P6 - Intel Core i5 1335U (Laptop),,Acer,TravelMate P6,Intel,Intel Core i5,Intel Core i5,1335U,13th Gen / Raptor Lake,Integrated Intel Arc Graphics,Laptop,"16.0""",,32GB LPDDR5X,512GB NVMe SSD,SSD,Windows 11 Home,2051,2051,2051,2051,0,0,USD,,InStock,https://www.officeworks.com.au/products/acer-travelmate-p6-intel-core-i5,2026-08-28T08:15:27.551208+00:00,2026-08-28
Officeworks - AU,Australia,AU,Officeworks - AU,1P Retailer,SKU-AU-0020,Samsung Galaxy Book4 360 - AMD Ryzen 7 7840HS (Laptop),,Samsung,Galaxy Book4 360,AMD,AMD Ryzen 7,AMD Ryzen 7,7840HS,Zen 4 / Phoenix,Integrated Intel Arc Graphics,Laptop,"14.0""",,16GB DDR5,512GB NVMe SSD,SSD,Windows 11 Home,2098,1720,2098,1720,378,18,USD,,InStock,https://www.officeworks.com.au/products/samsung-galaxy-book4-360-amd-ryzen-7,2026-08-28T08:15:27.551208+00:00,2026-08-28
Officeworks - AU,Australia,AU,Officeworks - AU,1P Retailer,SKU-AU-0021,MSI Stealth 16 AI Studio - Apple M3 Pro M3 Pro (Laptop),,MSI,Stealth 16 AI Studio,Apple,Apple M3 Pro,Apple M3 Pro,M3 Pro,3nm Apple Silicon,NVIDIA GeForce RTX 4060,Laptop,"16.0""",,32GB LPDDR5X,1TB NVMe SSD,SSD,Windows 11 Home,2145,1888,2145,1888,257,12,USD,,InStock,https://www.officeworks.com.au/products/msi-stealth-16-ai-studio-apple-m3-pro,2026-08-28T08:15:27.551208+00:00,2026-08-28
Officeworks - AU,Australia,AU,Officeworks - AU,1P Retailer,,"Apple MacBook Air 13"" M3 - Intel Core Ultra 7 155H (Laptop)",,Apple,"MacBook Air 13"" M3",Intel,Intel Core Ultra 7,Intel Core Ultra 7,155H,14th Gen / Meteor Lake,Integrated Intel Arc Graphics,Laptop,"14.0""",,16GB DDR5,512GB NVMe SSD,SSD,Windows 11 Home,2192,2192,2192,2192,0,0,USD,,InStock,https://www.officeworks.com.au/products/apple-macbook-air-13-m3-intel-core-ultra-7,2026-08-28T08:15:27.551208+00:00,2026-08-28
Officeworks - AU,Australia,AU,Officeworks - AU,1P Retailer,SKU-AU-0023,Dell Inspiron 15 (3520) - Intel Core i7 13700H (Laptop),,Dell,Inspiron 15 (3520),Intel,Intel Core i7,Intel Core i7,13700H,13th Gen / Raptor Lake,Integrated Intel Arc Graphics,Laptop,"16.0""",,32GB LPDDR5X,512GB NVMe SSD,SSD,Windows 11 Home,2239,2239,2239,2239,0,0,USD,,InStock,https://www.officeworks.com.au/products/dell-inspiron-15-3520--intel-core-i7,2026-08-28T08:15:27.551208+00:00,2026-08-28
Officeworks - AU,Australia,AU,Officeworks - AU,1P Retailer,SKU-AU-0024,HP Pavilion Plus 14 - Intel Core 7 150U (Desktop PC),,HP,Pavilion Plus 14,Intel,Intel Core 7,Intel Core 7,150U,14th Gen / Series 1,NVIDIA GeForce RTX 4060,Desktop,"27""",,16GB DDR5,1TB NVMe SSD,SSD,Windows 11 Home,2286,2012,2286,2012,274,12,USD,,InStock,https://www.officeworks.com.au/products/hp-pavilion-plus-14-intel-core-7,2026-08-28T08:15:27.551208+00:00,2026-08-28
Officeworks - AU,Australia,AU,Officeworks - AU,1P Retailer,SKU-AU-0025,Lenovo Legion Pro 7i - AMD Ryzen 9 7945HX (Laptop),,Lenovo,Legion Pro 7i,AMD,AMD Ryzen 9,AMD Ryzen 9,7945HX,Zen 4 / Dragon Range,Integrated Intel Arc Graphics,Laptop,"16.0""",,32GB LPDDR5X,512GB NVMe SSD,SSD,Windows 11 Home,2333,1913,2333,1913,420,18,USD,,InStock,https://www.officeworks.com.au/products/lenovo-legion-pro-7i-amd-ryzen-9,2026-08-28T08:15:27.551208+00:00,2026-08-28
Officeworks - AU,Australia,AU,Officeworks - AU,1P Retailer,SKU-AU-0026,ASUS TUF Gaming A15 - Snapdragon X Elite X1E-80-100 (Laptop),,ASUS,TUF Gaming A15,Qualcomm,Snapdragon X Elite,Snapdragon X Elite,X1E-80-100,Oryon ARM,Integrated Intel Arc Graphics,Laptop,"14.0""",,16GB DDR5,512GB NVMe SSD,SSD,Windows 11 Home,2380,2380,2380,2380,0,0,USD,,InStock,https://www.officeworks.com.au/products/asus-tuf-gaming-a15-snapdragon-x-elite,2026-08-28T08:15:27.551208+00:00,2026-08-28
Officeworks - AU,Australia,AU,Officeworks - AU,1P Retailer,SKU-AU-0027,Acer Spin 5 - Intel Core Ultra 9 185H (Laptop),,Acer,Spin 5,Intel,Intel Core Ultra 9,Intel Core Ultra 9,185H,14th Gen / Meteor Lake,NVIDIA GeForce RTX 4060,Laptop,"16.0""",,32GB LPDDR5X,1TB NVMe SSD,SSD,Windows 11 Home,2427,2136,2427,2136,291,12,USD,,InStock,https://www.officeworks.com.au/products/acer-spin-5-intel-core-ultra-9,2026-08-28T08:15:27.551208+00:00,2026-08-28
Amazon - BR,Brazil,BR,Amazon - BR,3P Marketplace,SKU-BR-0001,HP Spectre x360 16 - AMD Ryzen 7 7840HS (Laptop),,HP,Spectre x360 16,AMD,AMD Ryzen 7,AMD Ryzen 7,7840HS,Zen 4 / Phoenix,Integrated Intel Arc Graphics,Laptop,"16.0""",,32GB LPDDR5X,512GB NVMe SSD,SSD,Windows 11 Home,1294,1294,1294,1294,0,0,USD,,InStock,https://www.amazon.com.br/products/hp-spectre-x360-16-amd-ryzen-7,2026-08-28T08:15:27.551208+00:00,2026-08-28
Amazon - BR,Brazil,BR,Amazon - BR,3P Marketplace,SKU-BR-0002,Lenovo Yoga 7i 2-in-1 - Apple M3 Pro M3 Pro (Laptop),,Lenovo,Yoga 7i 2-in-1,Apple,Apple M3 Pro,Apple M3 Pro,M3 Pro,3nm Apple Silicon,Integrated Intel Arc Graphics,Laptop,"14.0""",,16GB DDR5,512GB NVMe SSD,SSD,Windows 11 Home,1341,1341,1341,1341,0,0,USD,,InStock,https://www.amazon.com.br/products/lenovo-yoga-7i-2-in-1-apple-m3-pro,2026-08-28T08:15:27.551208+00:00,2026-08-28
Amazon - BR,Brazil,BR,Amazon - BR,3P Marketplace,SKU-BR-0003,ASUS ROG Zephyrus G16 - Intel Core Ultra 7 155H (Laptop),,ASUS,ROG Zephyrus G16,Intel,Intel Core Ultra 7,Intel Core Ultra 7,155H,14th Gen / Meteor Lake,NVIDIA GeForce RTX 4060,Laptop,"16.0""",,32GB LPDDR5X,1TB NVMe SSD,SSD,Windows 11 Home,1388,1221,1388,1221,167,12,USD,,InStock,https://www.amazon.com.br/products/asus-rog-zephyrus-g16-intel-core-ultra-7,2026-08-28T08:15:27.551208+00:00,2026-08-28
Amazon - BR,Brazil,BR,Amazon - BR,3P Marketplace,SKU-BR-0004,Acer Nitro 16 - Intel Core i7 13700H (Laptop),,Acer,Nitro 16,Intel,Intel Core i7,Intel Core i7,13700H,13th Gen / Raptor Lake,Integrated Intel Arc Graphics,Laptop,"14.0""",,16GB DDR5,512GB NVMe SSD,SSD,Windows 11 Home,1435,1435,1435,1435,0,0,USD,,InStock,https://www.amazon.com.br/products/acer-nitro-16-intel-core-i7,2026-08-28T08:15:27.551208+00:00,2026-08-28
Amazon - BR,Brazil,BR,Amazon - BR,3P Marketplace,SKU-BR-0005,Samsung Galaxy Book4 360 - Intel Core 7 150U (Laptop),,Samsung,Galaxy Book4 360,Intel,Intel Core 7,Intel Core 7,150U,14th Gen / Series 1,Integrated Intel Arc Graphics,Laptop,"16.0""",,32GB LPDDR5X,512GB NVMe SSD,SSD,Windows 11 Home,1482,1215,1482,1215,267,18,USD,,InStock,https://www.amazon.com.br/products/samsung-galaxy-book4-360-intel-core-7,2026-08-28T08:15:27.551208+00:00,2026-08-28
Amazon - BR,Brazil,BR,Amazon - BR,3P Marketplace,SKU-BR-0006,MSI Stealth 16 AI Studio - AMD Ryzen 9 7945HX (Desktop PC),,MSI,Stealth 16 AI Studio,AMD,AMD Ryzen 9,AMD Ryzen 9,7945HX,Zen 4 / Dragon Range,NVIDIA GeForce RTX 4060,Desktop,"27""",,16GB DDR5,1TB NVMe SSD,SSD,Windows 11 Home,1529,1346,1529,1346,183,12,USD,,InStock,https://www.amazon.com.br/products/msi-stealth-16-ai-studio-amd-ryzen-9,2026-08-28T08:15:27.551208+00:00,2026-08-28
Amazon - BR,Brazil,BR,Amazon - BR,3P Marketplace,SKU-BR-0007,"Apple MacBook Air 15"" M3 - Snapdragon X Elite X1E-80-100 (Laptop)",,Apple,"MacBook Air 15"" M3",Qualcomm,Snapdragon X Elite,Snapdragon X Elite,X1E-80-100,Oryon ARM,Integrated Intel Arc Graphics,Laptop,"16.0""",,32GB LPDDR5X,512GB NVMe SSD,SSD,Windows 11 Home,1576,1576,1576,1576,0,0,USD,,InStock,https://www.amazon.com.br/products/apple-macbook-air-15-m3-snapdragon-x-elite,2026-08-28T08:15:27.551208+00:00,2026-08-28
Amazon - BR,Brazil,BR,Amazon - BR,3P Marketplace,SKU-BR-0008,Dell XPS 16 (9640) - Intel Core Ultra 9 185H (Laptop),,Dell,XPS 16 (9640),Intel,Intel Core Ultra 9,Intel Core Ultra 9,185H,14th Gen / Meteor Lake,Integrated Intel Arc Graphics,Laptop,"14.0""",,16GB DDR5,512GB NVMe SSD,SSD,Windows 11 Home,1623,1623,1623,1623,0,0,USD,,InStock,https://www.amazon.com.br/products/dell-xps-16-9640--intel-core-ultra-9,2026-08-28T08:15:27.551208+00:00,2026-08-28
Amazon - BR,Brazil,BR,Amazon - BR,3P Marketplace,SKU-BR-0009,HP Envy x360 15 - Intel Core i9 14900HX (Laptop),,HP,Envy x360 15,Intel,Intel Core i9,Intel Core i9,14900HX,14th Gen / Raptor Lake-HX,NVIDIA GeForce RTX 4060,Laptop,"16.0""",,32GB LPDDR5X,1TB NVMe SSD,SSD,Windows 11 Home,1670,1470,1670,1470,200,12,USD,,InStock,https://www.amazon.com.br/products/hp-envy-x360-15-intel-core-i9,2026-08-28T08:15:27.551208+00:00,2026-08-28
Amazon - BR,Brazil,BR,Amazon - BR,3P Marketplace,SKU-BR-0010,Lenovo IdeaPad Slim 5 - AMD Ryzen 5 7520U (Laptop),,Lenovo,IdeaPad Slim 5,AMD,AMD Ryzen 5,AMD Ryzen 5,7520U,Zen 2 / Mendocino,Integrated Intel Arc Graphics,Laptop,"14.0""",,16GB DDR5,512GB NVMe SSD,SSD,Windows 11 Home,1717,1408,1717,1408,309,18,USD,,InStock,https://www.amazon.com.br/products/lenovo-ideapad-slim-5-amd-ryzen-5,2026-08-28T08:15:27.551208+00:00,2026-08-28
Amazon - BR,Brazil,BR,Amazon - BR,3P Marketplace,,ASUS ROG Strix SCAR 18 - Apple M3 M3 (Laptop),,ASUS,ROG Strix SCAR 18,Apple,Apple M3,Apple M3,M3,3nm Apple Silicon,Integrated Intel Arc Graphics,Laptop,"16.0""",,32GB LPDDR5X,512GB NVMe SSD,SSD,Windows 11 Home,1764,1764,1764,1764,0,0,USD,,InStock,https://www.amazon.com.br/products/asus-rog-strix-scar-18-apple-m3,2026-08-28T08:15:27.551208+00:00,2026-08-28
Amazon - BR,Brazil,BR,Amazon - BR,3P Marketplace,SKU-BR-0012,Acer TravelMate P6 - Intel Core Ultra 5 125H (Desktop PC),,Acer,TravelMate P6,Intel,Intel Core Ultra 5,Intel Core Ultra 5,125H,14th Gen / Meteor Lake,NVIDIA GeForce RTX 4060,Desktop,"27""",,16GB DDR5,1TB NVMe SSD,SSD,Windows 11 Home,1811,1594,1811,1594,217,12,USD,,InStock,https://www.amazon.com.br/products/acer-travelmate-p6-intel-core-ultra-5,2026-08-28T08:15:27.551208+00:00,2026-08-28
Amazon - BR,Brazil,BR,Amazon - BR,3P Marketplace,SKU-BR-0013,Samsung Galaxy Book4 Ultra - Intel Core i5 1335U (Laptop),,Samsung,Galaxy Book4 Ultra,Intel,Intel Core i5,Intel Core i5,1335U,13th Gen / Raptor Lake,Integrated Intel Arc Graphics,Laptop,"16.0""",,32GB LPDDR5X,512GB NVMe SSD,SSD,Windows 11 Home,1858,1858,1858,1858,0,0,USD,,InStock,https://www.amazon.com.br/products/samsung-galaxy-book4-ultra-intel-core-i5,2026-08-28T08:15:27.551208+00:00,2026-08-28
Amazon - BR,Brazil,BR,Amazon - BR,3P Marketplace,SKU-BR-0014,MSI Modern 14 - AMD Ryzen 7 7840HS (Laptop),,MSI,Modern 14,AMD,AMD Ryzen 7,AMD Ryzen 7,7840HS,Zen 4 / Phoenix,Integrated Intel Arc Graphics,Laptop,"14.0""",,16GB DDR5,512GB NVMe SSD,SSD,Windows 11 Home,1905,1905,1905,1905,0,0,USD,,InStock,https://www.amazon.com.br/products/msi-modern-14-amd-ryzen-7,2026-08-28T08:15:27.551208+00:00,2026-08-28
Amazon - BR,Brazil,BR,Amazon - BR,3P Marketplace,SKU-BR-0015,"Apple MacBook Air 15"" M3 - Apple M3 Pro M3 Pro (Laptop)",,Apple,"MacBook Air 15"" M3",Apple,Apple M3 Pro,Apple M3 Pro,M3 Pro,3nm Apple Silicon,NVIDIA GeForce RTX 4060,Laptop,"16.0""",,32GB LPDDR5X,1TB NVMe SSD,SSD,Windows 11 Home,1952,1718,1952,1718,234,12,USD,,InStock,https://www.amazon.com.br/products/apple-macbook-air-15-m3-apple-m3-pro,2026-08-28T08:15:27.551208+00:00,2026-08-28
Amazon - BR,Brazil,BR,Amazon - BR,3P Marketplace,SKU-BR-0016,Dell Inspiron 15 (3520) - Intel Core Ultra 7 155H (Laptop),,Dell,Inspiron 15 (3520),Intel,Intel Core Ultra 7,Intel Core Ultra 7,155H,14th Gen / Meteor Lake,Integrated Intel Arc Graphics,Laptop,"14.0""",,16GB DDR5,512GB NVMe SSD,SSD,Windows 11 Home,1999,1999,1999,1999,0,0,USD,,InStock,https://www.amazon.com.br/products/dell-inspiron-15-3520--intel-core-ultra-7,2026-08-28T08:15:27.551208+00:00,2026-08-28
Amazon - BR,Brazil,BR,Amazon - BR,3P Marketplace,SKU-BR-0017,HP Pavilion Plus 14 - Intel Core i7 13700H (Laptop),,HP,Pavilion Plus 14,Intel,Intel Core i7,Intel Core i7,13700H,13th Gen / Raptor Lake,Integrated Intel Arc Graphics,Laptop,"16.0""",,32GB LPDDR5X,512GB NVMe SSD,SSD,Windows 11 Home,2046,2046,2046,2046,0,0,USD,,InStock,https://www.amazon.com.br/products/hp-pavilion-plus-14-intel-core-i7,2026-08-28T08:15:27.551208+00:00,2026-08-28
Amazon - BR,Brazil,BR,Amazon - BR,3P Marketplace,SKU-BR-0018,Lenovo Legion Pro 7i - Intel Core 7 150U (Desktop PC),,Lenovo,Legion Pro 7i,Intel,Intel Core 7,Intel Core 7,150U,14th Gen / Series 1,NVIDIA GeForce RTX 4060,Desktop,"27""",,16GB DDR5,1TB NVMe SSD,SSD,Windows 11 Home,2093,1842,2093,1842,251,12,USD,,InStock,https://www.amazon.com.br/products/lenovo-legion-pro-7i-intel-core-7,2026-08-28T08:15:27.551208+00:00,2026-08-28
Amazon - BR,Brazil,BR,Amazon - BR,3P Marketplace,SKU-BR-0019,ASUS TUF Gaming A15 - AMD Ryzen 9 7945HX (Laptop),,ASUS,TUF Gaming A15,AMD,AMD Ryzen 9,AMD Ryzen 9,7945HX,Zen 4 / Dragon Range,Integrated Intel Arc Graphics,Laptop,"16.0""",,32GB LPDDR5X,512GB NVMe SSD,SSD,Windows 11 Home,2140,2140,2140,2140,0,0,USD,,InStock,https://www.amazon.com.br/products/asus-tuf-gaming-a15-amd-ryzen-9,2026-08-28T08:15:27.551208+00:00,2026-08-28
Amazon - BR,Brazil,BR,Amazon - BR,3P Marketplace,SKU-BR-0020,Acer Spin 5 - Snapdragon X Elite X1E-80-100 (Laptop),,Acer,Spin 5,Qualcomm,Snapdragon X Elite,Snapdragon X Elite,X1E-80-100,Oryon ARM,Integrated Intel Arc Graphics,Laptop,"14.0""",,16GB DDR5,512GB NVMe SSD,SSD,Windows 11 Home,2187,1793,2187,1793,394,18,USD,,InStock,https://www.amazon.com.br/products/acer-spin-5-snapdragon-x-elite,2026-08-28T08:15:27.551208+00:00,2026-08-28
Amazon - BR,Brazil,BR,Amazon - BR,3P Marketplace,SKU-BR-0021,Samsung Galaxy Book4 Pro - Intel Core Ultra 9 185H (Laptop),,Samsung,Galaxy Book4 Pro,Intel,Intel Core Ultra 9,Intel Core Ultra 9,185H,14th Gen / Meteor Lake,NVIDIA GeForce RTX 4060,Laptop,"16.0""",,32GB LPDDR5X,1TB NVMe SSD,SSD,Windows 11 Home,2234,1966,2234,1966,268,12,USD,,InStock,https://www.amazon.com.br/products/samsung-galaxy-book4-pro-intel-core-ultra-9,2026-08-28T08:15:27.551208+00:00,2026-08-28
Amazon - BR,Brazil,BR,Amazon - BR,3P Marketplace,,MSI Raider GE78 HX - Intel Core i9 14900HX (Laptop),,MSI,Raider GE78 HX,Intel,Intel Core i9,Intel Core i9,14900HX,14th Gen / Raptor Lake-HX,Integrated Intel Arc Graphics,Laptop,"14.0""",,16GB DDR5,512GB NVMe SSD,SSD,Windows 11 Home,2281,2281,2281,2281,0,0,USD,,InStock,https://www.amazon.com.br/products/msi-raider-ge78-hx-intel-core-i9,2026-08-28T08:15:27.551208+00:00,2026-08-28
Amazon - BR,Brazil,BR,Amazon - BR,3P Marketplace,SKU-BR-0023,"Apple MacBook Air 15"" M3 - AMD Ryzen 5 7520U (Laptop)",,Apple,"MacBook Air 15"" M3",AMD,AMD Ryzen 5,AMD Ryzen 5,7520U,Zen 2 / Mendocino,Integrated Intel Arc Graphics,Laptop,"16.0""",,32GB LPDDR5X,512GB NVMe SSD,SSD,Windows 11 Home,2328,2328,2328,2328,0,0,USD,,InStock,https://www.amazon.com.br/products/apple-macbook-air-15-m3-amd-ryzen-5,2026-08-28T08:15:27.551208+00:00,2026-08-28
Amazon - BR,Brazil,BR,Amazon - BR,3P Marketplace,SKU-BR-0024,Dell Inspiron 16 Plus (7640) - Apple M3 M3 (Desktop PC),,Dell,Inspiron 16 Plus (7640),Apple,Apple M3,Apple M3,M3,3nm Apple Silicon,NVIDIA GeForce RTX 4060,Desktop,"27""",,16GB DDR5,1TB NVMe SSD,SSD,Windows 11 Home,2375,2090,2375,2090,285,12,USD,,InStock,https://www.amazon.com.br/products/dell-inspiron-16-plus-7640--apple-m3,2026-08-28T08:15:27.551208+00:00,2026-08-28
Amazon - BR,Brazil,BR,Amazon - BR,3P Marketplace,SKU-BR-0025,HP OMEN 16 Transcend - Intel Core Ultra 5 125H (Laptop),,HP,OMEN 16 Transcend,Intel,Intel Core Ultra 5,Intel Core Ultra 5,125H,14th Gen / Meteor Lake,Integrated Intel Arc Graphics,Laptop,"16.0""",,32GB LPDDR5X,512GB NVMe SSD,SSD,Windows 11 Home,2422,1986,2422,1986,436,18,USD,,InStock,https://www.amazon.com.br/products/hp-omen-16-transcend-intel-core-ultra-5,2026-08-28T08:15:27.551208+00:00,2026-08-28
Amazon - BR,Brazil,BR,Amazon - BR,3P Marketplace,SKU-BR-0026,Lenovo ThinkBook 16 Gen 6 - Intel Core i5 1335U (Laptop),,Lenovo,ThinkBook 16 Gen 6,Intel,Intel Core i5,Intel Core i5,1335U,13th Gen / Raptor Lake,Integrated Intel Arc Graphics,Laptop,"14.0""",,16GB DDR5,512GB NVMe SSD,SSD,Windows 11 Home,2469,2469,2469,2469,0,0,USD,,InStock,https://www.amazon.com.br/products/lenovo-thinkbook-16-gen-6-intel-core-i5,2026-08-28T08:15:27.551208+00:00,2026-08-28
Amazon - BR,Brazil,BR,Amazon - BR,3P Marketplace,SKU-BR-0027,ASUS ExpertBook B9 - AMD Ryzen 7 7840HS (Laptop),,ASUS,ExpertBook B9,AMD,AMD Ryzen 7,AMD Ryzen 7,7840HS,Zen 4 / Phoenix,NVIDIA GeForce RTX 4060,Laptop,"16.0""",,32GB LPDDR5X,1TB NVMe SSD,SSD,Windows 11 Home,2516,2214,2516,2214,302,12,USD,,InStock,https://www.amazon.com.br/products/asus-expertbook-b9-amd-ryzen-7,2026-08-28T08:15:27.551208+00:00,2026-08-28
Amazon - BR,Brazil,BR,Amazon - BR,3P Marketplace,SKU-BR-0028,Acer Swift Go 14 AI - Apple M3 Pro M3 Pro (Laptop),,Acer,Swift Go 14 AI,Apple,Apple M3 Pro,Apple M3 Pro,M3 Pro,3nm Apple Silicon,Integrated Intel Arc Graphics,Laptop,"14.0""",,16GB DDR5,512GB NVMe SSD,SSD,Windows 11 Home,2563,2563,2563,2563,0,0,USD,,InStock,https://www.amazon.com.br/products/acer-swift-go-14-ai-apple-m3-pro,2026-08-28T08:15:27.551208+00:00,2026-08-28
Amazon - BR,Brazil,BR,Amazon - BR,3P Marketplace,SKU-BR-0029,Samsung Galaxy Book4 360 - Intel Core Ultra 7 155H (Laptop),,Samsung,Galaxy Book4 360,Intel,Intel Core Ultra 7,Intel Core Ultra 7,155H,14th Gen / Meteor Lake,Integrated Intel Arc Graphics,Laptop,"16.0""",,32GB LPDDR5X,512GB NVMe SSD,SSD,Windows 11 Home,2610,2610,2610,2610,0,0,USD,,InStock,https://www.amazon.com.br/products/samsung-galaxy-book4-360-intel-core-ultra-7,2026-08-28T08:15:27.551208+00:00,2026-08-28
Amazon - BR,Brazil,BR,Amazon - BR,3P Marketplace,SKU-BR-0030,MSI Prestige 16 AI Evo - Intel Core i7 13700H (Desktop PC),,MSI,Prestige 16 AI Evo,Intel,Intel Core i7,Intel Core i7,13700H,13th Gen / Raptor Lake,NVIDIA GeForce RTX 4060,Desktop,"27""",,16GB DDR5,1TB NVMe SSD,SSD,Windows 11 Home,2657,2338,2657,2338,319,12,USD,,InStock,https://www.amazon.com.br/products/msi-prestige-16-ai-evo-intel-core-i7,2026-08-28T08:15:27.551208+00:00,2026-08-28
Amazon - BR,Brazil,BR,Amazon - BR,3P Marketplace,SKU-BR-0031,"Apple MacBook Air 15"" M3 - Intel Core 7 150U (Laptop)",,Apple,"MacBook Air 15"" M3",Intel,Intel Core 7,Intel Core 7,150U,14th Gen / Series 1,Integrated Intel Arc Graphics,Laptop,"16.0""",,32GB LPDDR5X,512GB NVMe SSD,SSD,Windows 11 Home,2704,2704,2704,2704,0,0,USD,,InStock,https://www.amazon.com.br/products/apple-macbook-air-15-m3-intel-core-7,2026-08-28T08:15:27.551208+00:00,2026-08-28
Amazon - BR,Brazil,BR,Amazon - BR,3P Marketplace,SKU-BR-0032,Dell Alienware m16 R2 - AMD Ryzen 9 7945HX (Laptop),,Dell,Alienware m16 R2,AMD,AMD Ryzen 9,AMD Ryzen 9,7945HX,Zen 4 / Dragon Range,Integrated Intel Arc Graphics,Laptop,"14.0""",,16GB DDR5,512GB NVMe SSD,SSD,Windows 11 Home,2751,2751,2751,2751,0,0,USD,,InStock,https://www.amazon.com.br/products/dell-alienware-m16-r2-amd-ryzen-9,2026-08-28T08:15:27.551208+00:00,2026-08-28
Magazine Luiza - BR,Brazil,BR,Magazine Luiza - BR,1P Retailer,SKU-BR-0001,Dell XPS 16 (9640) - Snapdragon X Elite X1E-80-100 (Laptop),,Dell,XPS 16 (9640),Qualcomm,Snapdragon X Elite,Snapdragon X Elite,X1E-80-100,Oryon ARM,Integrated Intel Arc Graphics,Laptop,"16.0""",,32GB LPDDR5X,512GB NVMe SSD,SSD,Windows 11 Home,1383,1383,1383,1383,0,0,USD,,InStock,https://www.magazineluiza.com.br/products/dell-xps-16-9640--snapdragon-x-elite,2026-08-28T08:15:27.551208+00:00,2026-08-28
Magazine Luiza - BR,Brazil,BR,Magazine Luiza - BR,1P Retailer,SKU-BR-0002,HP Envy x360 15 - Intel Core Ultra 9 185H (Laptop),,HP,Envy x360 15,Intel,Intel Core Ultra 9,Intel Core Ultra 9,185H,14th Gen / Meteor Lake,Integrated Intel Arc Graphics,Laptop,"14.0""",,16GB DDR5,512GB NVMe SSD,SSD,Windows 11 Home,1430,1430,1430,1430,0,0,USD,,InStock,https://www.magazineluiza.com.br/products/hp-envy-x360-15-intel-core-ultra-9,2026-08-28T08:15:27.551208+00:00,2026-08-28
Magazine Luiza - BR,Brazil,BR,Magazine Luiza - BR,1P Retailer,SKU-BR-0003,Lenovo IdeaPad Slim 5 - Intel Core i9 14900HX (Laptop),,Lenovo,IdeaPad Slim 5,Intel,Intel Core i9,Intel Core i9,14900HX,14th Gen / Raptor Lake-HX,NVIDIA GeForce RTX 4060,Laptop,"16.0""",,32GB LPDDR5X,1TB NVMe SSD,SSD,Windows 11 Home,1477,1300,1477,1300,177,12,USD,,InStock,https://www.magazineluiza.com.br/products/lenovo-ideapad-slim-5-intel-core-i9,2026-08-28T08:15:27.551208+00:00,2026-08-28
Magazine Luiza - BR,Brazil,BR,Magazine Luiza - BR,1P Retailer,SKU-BR-0004,ASUS ROG Strix SCAR 18 - AMD Ryzen 5 7520U (Laptop),,ASUS,ROG Strix SCAR 18,AMD,AMD Ryzen 5,AMD Ryzen 5,7520U,Zen 2 / Mendocino,Integrated Intel Arc Graphics,Laptop,"14.0""",,16GB DDR5,512GB NVMe SSD,SSD,Windows 11 Home,1524,1524,1524,1524,0,0,USD,,InStock,https://www.magazineluiza.com.br/products/asus-rog-strix-scar-18-amd-ryzen-5,2026-08-28T08:15:27.551208+00:00,2026-08-28
Magazine Luiza - BR,Brazil,BR,Magazine Luiza - BR,1P Retailer,SKU-BR-0005,Acer TravelMate P6 - Apple M3 M3 (Laptop),,Acer,TravelMate P6,Apple,Apple M3,Apple M3,M3,3nm Apple Silicon,Integrated Intel Arc Graphics,Laptop,"16.0""",,32GB LPDDR5X,512GB NVMe SSD,SSD,Windows 11 Home,1571,1288,1571,1288,283,18,USD,,InStock,https://www.magazineluiza.com.br/products/acer-travelmate-p6-apple-m3,2026-08-28T08:15:27.551208+00:00,2026-08-28
Magazine Luiza - BR,Brazil,BR,Magazine Luiza - BR,1P Retailer,SKU-BR-0006,Samsung Galaxy Book4 Pro - Intel Core Ultra 5 125H (Desktop PC),,Samsung,Galaxy Book4 Pro,Intel,Intel Core Ultra 5,Intel Core Ultra 5,125H,14th Gen / Meteor Lake,NVIDIA GeForce RTX 4060,Desktop,"27""",,16GB DDR5,1TB NVMe SSD,SSD,Windows 11 Home,1618,1424,1618,1424,194,12,USD,,InStock,https://www.magazineluiza.com.br/products/samsung-galaxy-book4-pro-intel-core-ultra-5,2026-08-28T08:15:27.551208+00:00,2026-08-28
Magazine Luiza - BR,Brazil,BR,Magazine Luiza - BR,1P Retailer,SKU-BR-0007,MSI Raider GE78 HX - Intel Core i5 1335U (Laptop),,MSI,Raider GE78 HX,Intel,Intel Core i5,Intel Core i5,1335U,13th Gen / Raptor Lake,Integrated Intel Arc Graphics,Laptop,"16.0""",,32GB LPDDR5X,512GB NVMe SSD,SSD,Windows 11 Home,1665,1665,1665,1665,0,0,USD,,InStock,https://www.magazineluiza.com.br/products/msi-raider-ge78-hx-intel-core-i5,2026-08-28T08:15:27.551208+00:00,2026-08-28
Magazine Luiza - BR,Brazil,BR,Magazine Luiza - BR,1P Retailer,SKU-BR-0008,"Apple MacBook Pro 14"" M3 - AMD Ryzen 7 7840HS (Laptop)",,Apple,"MacBook Pro 14"" M3",AMD,AMD Ryzen 7,AMD Ryzen 7,7840HS,Zen 4 / Phoenix,Integrated Intel Arc Graphics,Laptop,"14.0""",,16GB DDR5,512GB NVMe SSD,SSD,Windows 11 Home,1712,1712,1712,1712,0,0,USD,,InStock,https://www.magazineluiza.com.br/products/apple-macbook-pro-14-m3-amd-ryzen-7,2026-08-28T08:15:27.551208+00:00,2026-08-28
Magazine Luiza - BR,Brazil,BR,Magazine Luiza - BR,1P Retailer,SKU-BR-0009,Dell Inspiron 15 (3520) - Apple M3 Pro M3 Pro (Laptop),,Dell,Inspiron 15 (3520),Apple,Apple M3 Pro,Apple M3 Pro,M3 Pro,3nm Apple Silicon,NVIDIA GeForce RTX 4060,Laptop,"16.0""",,32GB LPDDR5X,1TB NVMe SSD,SSD,Windows 11 Home,1759,1548,1759,1548,211,12,USD,,InStock,https://www.magazineluiza.com.br/products/dell-inspiron-15-3520--apple-m3-pro,2026-08-28T08:15:27.551208+00:00,2026-08-28
Magazine Luiza - BR,Brazil,BR,Magazine Luiza - BR,1P Retailer,SKU-BR-0010,HP Pavilion Plus 14 - Intel Core Ultra 7 155H (Laptop),,HP,Pavilion Plus 14,Intel,Intel Core Ultra 7,Intel Core Ultra 7,155H,14th Gen / Meteor Lake,Integrated Intel Arc Graphics,Laptop,"14.0""",,16GB DDR5,512GB NVMe SSD,SSD,Windows 11 Home,1806,1481,1806,1481,325,18,USD,,InStock,https://www.magazineluiza.com.br/products/hp-pavilion-plus-14-intel-core-ultra-7,2026-08-28T08:15:27.551208+00:00,2026-08-28
Magazine Luiza - BR,Brazil,BR,Magazine Luiza - BR,1P Retailer,,Lenovo Legion Pro 7i - Intel Core i7 13700H (Laptop),,Lenovo,Legion Pro 7i,Intel,Intel Core i7,Intel Core i7,13700H,13th Gen / Raptor Lake,Integrated Intel Arc Graphics,Laptop,"16.0""",,32GB LPDDR5X,512GB NVMe SSD,SSD,Windows 11 Home,1853,1853,1853,1853,0,0,USD,,InStock,https://www.magazineluiza.com.br/products/lenovo-legion-pro-7i-intel-core-i7,2026-08-28T08:15:27.551208+00:00,2026-08-28
Magazine Luiza - BR,Brazil,BR,Magazine Luiza - BR,1P Retailer,SKU-BR-0012,ASUS TUF Gaming A15 - Intel Core 7 150U (Desktop PC),,ASUS,TUF Gaming A15,Intel,Intel Core 7,Intel Core 7,150U,14th Gen / Series 1,NVIDIA GeForce RTX 4060,Desktop,"27""",,16GB DDR5,1TB NVMe SSD,SSD,Windows 11 Home,1900,1672,1900,1672,228,12,USD,,InStock,https://www.magazineluiza.com.br/products/asus-tuf-gaming-a15-intel-core-7,2026-08-28T08:15:27.551208+00:00,2026-08-28
Magazine Luiza - BR,Brazil,BR,Magazine Luiza - BR,1P Retailer,SKU-BR-0013,Acer Spin 5 - AMD Ryzen 9 7945HX (Laptop),,Acer,Spin 5,AMD,AMD Ryzen 9,AMD Ryzen 9,7945HX,Zen 4 / Dragon Range,Integrated Intel Arc Graphics,Laptop,"16.0""",,32GB LPDDR5X,512GB NVMe SSD,SSD,Windows 11 Home,1947,1947,1947,1947,0,0,USD,,InStock,https://www.magazineluiza.com.br/products/acer-spin-5-amd-ryzen-9,2026-08-28T08:15:27.551208+00:00,2026-08-28
Magazine Luiza - BR,Brazil,BR,Magazine Luiza - BR,1P Retailer,SKU-BR-0014,Samsung Galaxy Book4 360 - Snapdragon X Elite X1E-80-100 (Laptop),,Samsung,Galaxy Book4 360,Qualcomm,Snapdragon X Elite,Snapdragon X Elite,X1E-80-100,Oryon ARM,Integrated Intel Arc Graphics,Laptop,"14.0""",,16GB DDR5,512GB NVMe SSD,SSD,Windows 11 Home,1994,1994,1994,1994,0,0,USD,,InStock,https://www.magazineluiza.com.br/products/samsung-galaxy-book4-360-snapdragon-x-elite,2026-08-28T08:15:27.551208+00:00,2026-08-28
Magazine Luiza - BR,Brazil,BR,Magazine Luiza - BR,1P Retailer,SKU-BR-0015,MSI Prestige 16 AI Evo - Intel Core Ultra 9 185H (Laptop),,MSI,Prestige 16 AI Evo,Intel,Intel Core Ultra 9,Intel Core Ultra 9,185H,14th Gen / Meteor Lake,NVIDIA GeForce RTX 4060,Laptop,"16.0""",,32GB LPDDR5X,1TB NVMe SSD,SSD,Windows 11 Home,2041,1796,2041,1796,245,12,USD,,InStock,https://www.magazineluiza.com.br/products/msi-prestige-16-ai-evo-intel-core-ultra-9,2026-08-28T08:15:27.551208+00:00,2026-08-28
Magazine Luiza - BR,Brazil,BR,Magazine Luiza - BR,1P Retailer,SKU-BR-0016,"Apple MacBook Pro 14"" M3 - Intel Core i9 14900HX (Laptop)",,Apple,"MacBook Pro 14"" M3",Intel,Intel Core i9,Intel Core i9,14900HX,14th Gen / Raptor Lake-HX,Integrated Intel Arc Graphics,Laptop,"14.0""",,16GB DDR5,512GB NVMe SSD,SSD,Windows 11 Home,2088,2088,2088,2088,0,0,USD,,InStock,https://www.magazineluiza.com.br/products/apple-macbook-pro-14-m3-intel-core-i9,2026-08-28T08:15:27.551208+00:00,2026-08-28
Magazine Luiza - BR,Brazil,BR,Magazine Luiza - BR,1P Retailer,SKU-BR-0017,Dell Inspiron 16 Plus (7640) - AMD Ryzen 5 7520U (Laptop),,Dell,Inspiron 16 Plus (7640),AMD,AMD Ryzen 5,AMD Ryzen 5,7520U,Zen 2 / Mendocino,Integrated Intel Arc Graphics,Laptop,"16.0""",,32GB LPDDR5X,512GB NVMe SSD,SSD,Windows 11 Home,2135,2135,2135,2135,0,0,USD,,InStock,https://www.magazineluiza.com.br/products/dell-inspiron-16-plus-7640--amd-ryzen-5,2026-08-28T08:15:27.551208+00:00,2026-08-28
Magazine Luiza - BR,Brazil,BR,Magazine Luiza - BR,1P Retailer,SKU-BR-0018,HP OMEN 16 Transcend - Apple M3 M3 (Desktop PC),,HP,OMEN 16 Transcend,Apple,Apple M3,Apple M3,M3,3nm Apple Silicon,NVIDIA GeForce RTX 4060,Desktop,"27""",,16GB DDR5,1TB NVMe SSD,SSD,Windows 11 Home,2182,1920,2182,1920,262,12,USD,,InStock,https://www.magazineluiza.com.br/products/hp-omen-16-transcend-apple-m3,2026-08-28T08:15:27.551208+00:00,2026-08-28
Magazine Luiza - BR,Brazil,BR,Magazine Luiza - BR,1P Retailer,SKU-BR-0019,Lenovo ThinkBook 16 Gen 6 - Intel Core Ultra 5 125H (Laptop),,Lenovo,ThinkBook 16 Gen 6,Intel,Intel Core Ultra 5,Intel Core Ultra 5,125H,14th Gen / Meteor Lake,Integrated Intel Arc Graphics,Laptop,"16.0""",,32GB LPDDR5X,512GB NVMe SSD,SSD,Windows 11 Home,2229,2229,2229,2229,0,0,USD,,InStock,https://www.magazineluiza.com.br/products/lenovo-thinkbook-16-gen-6-intel-core-ultra-5,2026-08-28T08:15:27.551208+00:00,2026-08-28
Magazine Luiza - BR,Brazil,BR,Magazine Luiza - BR,1P Retailer,SKU-BR-0020,ASUS ExpertBook B9 - Intel Core i5 1335U (Laptop),,ASUS,ExpertBook B9,Intel,Intel Core i5,Intel Core i5,1335U,13th Gen / Raptor Lake,Integrated Intel Arc Graphics,Laptop,"14.0""",,16GB DDR5,512GB NVMe SSD,SSD,Windows 11 Home,2276,1866,2276,1866,410,18,USD,,InStock,https://www.magazineluiza.com.br/products/asus-expertbook-b9-intel-core-i5,2026-08-28T08:15:27.551208+00:00,2026-08-28
Magazine Luiza - BR,Brazil,BR,Magazine Luiza - BR,1P Retailer,SKU-BR-0021,Acer Swift Go 14 AI - AMD Ryzen 7 7840HS (Laptop),,Acer,Swift Go 14 AI,AMD,AMD Ryzen 7,AMD Ryzen 7,7840HS,Zen 4 / Phoenix,NVIDIA GeForce RTX 4060,Laptop,"16.0""",,32GB LPDDR5X,1TB NVMe SSD,SSD,Windows 11 Home,2323,2044,2323,2044,279,12,USD,,InStock,https://www.magazineluiza.com.br/products/acer-swift-go-14-ai-amd-ryzen-7,2026-08-28T08:15:27.551208+00:00,2026-08-28
Magazine Luiza - BR,Brazil,BR,Magazine Luiza - BR,1P Retailer,,Samsung Galaxy Book4 Ultra - Apple M3 Pro M3 Pro (Laptop),,Samsung,Galaxy Book4 Ultra,Apple,Apple M3 Pro,Apple M3 Pro,M3 Pro,3nm Apple Silicon,Integrated Intel Arc Graphics,Laptop,"14.0""",,16GB DDR5,512GB NVMe SSD,SSD,Windows 11 Home,2370,2370,2370,2370,0,0,USD,,InStock,https://www.magazineluiza.com.br/products/samsung-galaxy-book4-ultra-apple-m3-pro,2026-08-28T08:15:27.551208+00:00,2026-08-28
Magazine Luiza - BR,Brazil,BR,Magazine Luiza - BR,1P Retailer,SKU-BR-0023,MSI Cyborg 15 - Intel Core Ultra 7 155H (Laptop),,MSI,Cyborg 15,Intel,Intel Core Ultra 7,Intel Core Ultra 7,155H,14th Gen / Meteor Lake,Integrated Intel Arc Graphics,Laptop,"16.0""",,32GB LPDDR5X,512GB NVMe SSD,SSD,Windows 11 Home,2417,2417,2417,2417,0,0,USD,,InStock,https://www.magazineluiza.com.br/products/msi-cyborg-15-intel-core-ultra-7,2026-08-28T08:15:27.551208+00:00,2026-08-28
Magazine Luiza - BR,Brazil,BR,Magazine Luiza - BR,1P Retailer,SKU-BR-0024,"Apple MacBook Pro 14"" M3 - Intel Core i7 13700H (Desktop PC)",,Apple,"MacBook Pro 14"" M3",Intel,Intel Core i7,Intel Core i7,13700H,13th Gen / Raptor Lake,NVIDIA GeForce RTX 4060,Desktop,"27""",,16GB DDR5,1TB NVMe SSD,SSD,Windows 11 Home,2464,2168,2464,2168,296,12,USD,,InStock,https://www.magazineluiza.com.br/products/apple-macbook-pro-14-m3-intel-core-i7,2026-08-28T08:15:27.551208+00:00,2026-08-28
Magazine Luiza - BR,Brazil,BR,Magazine Luiza - BR,1P Retailer,SKU-BR-0025,Dell Alienware m16 R2 - Intel Core 7 150U (Laptop),,Dell,Alienware m16 R2,Intel,Intel Core 7,Intel Core 7,150U,14th Gen / Series 1,Integrated Intel Arc Graphics,Laptop,"16.0""",,32GB LPDDR5X,512GB NVMe SSD,SSD,Windows 11 Home,2511,2059,2511,2059,452,18,USD,,InStock,https://www.magazineluiza.com.br/products/dell-alienware-m16-r2-intel-core-7,2026-08-28T08:15:27.551208+00:00,2026-08-28
Magazine Luiza - BR,Brazil,BR,Magazine Luiza - BR,1P Retailer,SKU-BR-0026,HP Victus 15 - AMD Ryzen 9 7945HX (Laptop),,HP,Victus 15,AMD,AMD Ryzen 9,AMD Ryzen 9,7945HX,Zen 4 / Dragon Range,Integrated Intel Arc Graphics,Laptop,"14.0""",,16GB DDR5,512GB NVMe SSD,SSD,Windows 11 Home,2558,2558,2558,2558,0,0,USD,,InStock,https://www.magazineluiza.com.br/products/hp-victus-15-amd-ryzen-9,2026-08-28T08:15:27.551208+00:00,2026-08-28
Magazine Luiza - BR,Brazil,BR,Magazine Luiza - BR,1P Retailer,SKU-BR-0027,Lenovo LOQ 15IRX9 - Snapdragon X Elite X1E-80-100 (Laptop),,Lenovo,LOQ 15IRX9,Qualcomm,Snapdragon X Elite,Snapdragon X Elite,X1E-80-100,Oryon ARM,NVIDIA GeForce RTX 4060,Laptop,"16.0""",,32GB LPDDR5X,1TB NVMe SSD,SSD,Windows 11 Home,2605,2292,2605,2292,313,12,USD,,InStock,https://www.magazineluiza.com.br/products/lenovo-loq-15irx9-snapdragon-x-elite,2026-08-28T08:15:27.551208+00:00,2026-08-28
Magazine Luiza - BR,Brazil,BR,Magazine Luiza - BR,1P Retailer,SKU-BR-0028,ASUS Zenbook Duo (2024) - Intel Core Ultra 9 185H (Laptop),,ASUS,Zenbook Duo (2024),Intel,Intel Core Ultra 9,Intel Core Ultra 9,185H,14th Gen / Meteor Lake,Integrated Intel Arc Graphics,Laptop,"14.0""",,16GB DDR5,512GB NVMe SSD,SSD,Windows 11 Home,2652,2652,2652,2652,0,0,USD,,InStock,https://www.magazineluiza.com.br/products/asus-zenbook-duo-2024--intel-core-ultra-9,2026-08-28T08:15:27.551208+00:00,2026-08-28
Mercado Livre - BR,Brazil,BR,Mercado Livre - BR,3P Marketplace,SKU-BR-0001,"Apple MacBook Pro 16"" M3 Max - Intel Core i5 1335U (Laptop)",,Apple,"MacBook Pro 16"" M3 Max",Intel,Intel Core i5,Intel Core i5,1335U,13th Gen / Raptor Lake,Integrated Intel Arc Graphics,Laptop,"16.0""",,32GB LPDDR5X,512GB NVMe SSD,SSD,Windows 11 Home,1472,1472,1472,1472,0,0,USD,,InStock,https://www.mercadolivre.com.br/products/apple-macbook-pro-16-m3-max-intel-core-i5,2026-08-28T08:15:27.551208+00:00,2026-08-28
Mercado Livre - BR,Brazil,BR,Mercado Livre - BR,3P Marketplace,SKU-BR-0002,Dell Inspiron 15 (3520) - AMD Ryzen 7 7840HS (Laptop),,Dell,Inspiron 15 (3520),AMD,AMD Ryzen 7,AMD Ryzen 7,7840HS,Zen 4 / Phoenix,Integrated Intel Arc Graphics,Laptop,"14.0""",,16GB DDR5,512GB NVMe SSD,SSD,Windows 11 Home,1519,1519,1519,1519,0,0,USD,,InStock,https://www.mercadolivre.com.br/products/dell-inspiron-15-3520--amd-ryzen-7,2026-08-28T08:15:27.551208+00:00,2026-08-28
Mercado Livre - BR,Brazil,BR,Mercado Livre - BR,3P Marketplace,SKU-BR-0003,HP Pavilion Plus 14 - Apple M3 Pro M3 Pro (Laptop),,HP,Pavilion Plus 14,Apple,Apple M3 Pro,Apple M3 Pro,M3 Pro,3nm Apple Silicon,NVIDIA GeForce RTX 4060,Laptop,"16.0""",,32GB LPDDR5X,1TB NVMe SSD,SSD,Windows 11 Home,1566,1378,1566,1378,188,12,USD,,InStock,https://www.mercadolivre.com.br/products/hp-pavilion-plus-14-apple-m3-pro,2026-08-28T08:15:27.551208+00:00,2026-08-28
Mercado Livre - BR,Brazil,BR,Mercado Livre - BR,3P Marketplace,SKU-BR-0004,Lenovo Legion Pro 7i - Intel Core Ultra 7 155H (Laptop),,Lenovo,Legion Pro 7i,Intel,Intel Core Ultra 7,Intel Core Ultra 7,155H,14th Gen / Meteor Lake,Integrated Intel Arc Graphics,Laptop,"14.0""",,16GB DDR5,512GB NVMe SSD,SSD,Windows 11 Home,1613,1613,1613,1613,0,0,USD,,InStock,https://www.mercadolivre.com.br/products/lenovo-legion-pro-7i-intel-core-ultra-7,2026-08-28T08:15:27.551208+00:00,2026-08-28
Mercado Livre - BR,Brazil,BR,Mercado Livre - BR,3P Marketplace,SKU-BR-0005,ASUS TUF Gaming A15 - Intel Core i7 13700H (Laptop),,ASUS,TUF Gaming A15,Intel,Intel Core i7,Intel Core i7,13700H,13th Gen / Raptor Lake,Integrated Intel Arc Graphics,Laptop,"16.0""",,32GB LPDDR5X,512GB NVMe SSD,SSD,Windows 11 Home,1660,1361,1660,1361,299,18,USD,,InStock,https://www.mercadolivre.com.br/products/asus-tuf-gaming-a15-intel-core-i7,2026-08-28T08:15:27.551208+00:00,2026-08-28
Mercado Livre - BR,Brazil,BR,Mercado Livre - BR,3P Marketplace,SKU-BR-0006,Acer Spin 5 - Intel Core 7 150U (Desktop PC),,Acer,Spin 5,Intel,Intel Core 7,Intel Core 7,150U,14th Gen / Series 1,NVIDIA GeForce RTX 4060,Desktop,"27""",,16GB DDR5,1TB NVMe SSD,SSD,Windows 11 Home,1707,1502,1707,1502,205,12,USD,,InStock,https://www.mercadolivre.com.br/products/acer-spin-5-intel-core-7,2026-08-28T08:15:27.551208+00:00,2026-08-28
Mercado Livre - BR,Brazil,BR,Mercado Livre - BR,3P Marketplace,SKU-BR-0007,Samsung Galaxy Book4 Ultra - AMD Ryzen 9 7945HX (Laptop),,Samsung,Galaxy Book4 Ultra,AMD,AMD Ryzen 9,AMD Ryzen 9,7945HX,Zen 4 / Dragon Range,Integrated Intel Arc Graphics,Laptop,"16.0""",,32GB LPDDR5X,512GB NVMe SSD,SSD,Windows 11 Home,1754,1754,1754,1754,0,0,USD,,InStock,https://www.mercadolivre.com.br/products/samsung-galaxy-book4-ultra-amd-ryzen-9,2026-08-28T08:15:27.551208+00:00,2026-08-28
Mercado Livre - BR,Brazil,BR,Mercado Livre - BR,3P Marketplace,SKU-BR-0008,MSI Cyborg 15 - Snapdragon X Elite X1E-80-100 (Laptop),,MSI,Cyborg 15,Qualcomm,Snapdragon X Elite,Snapdragon X Elite,X1E-80-100,Oryon ARM,Integrated Intel Arc Graphics,Laptop,"14.0""",,16GB DDR5,512GB NVMe SSD,SSD,Windows 11 Home,1801,1801,1801,1801,0,0,USD,,InStock,https://www.mercadolivre.com.br/products/msi-cyborg-15-snapdragon-x-elite,2026-08-28T08:15:27.551208+00:00,2026-08-28
Mercado Livre - BR,Brazil,BR,Mercado Livre - BR,3P Marketplace,SKU-BR-0009,"Apple MacBook Pro 16"" M3 Max - Intel Core Ultra 9 185H (Laptop)",,Apple,"MacBook Pro 16"" M3 Max",Intel,Intel Core Ultra 9,Intel Core Ultra 9,185H,14th Gen / Meteor Lake,NVIDIA GeForce RTX 4060,Laptop,"16.0""",,32GB LPDDR5X,1TB NVMe SSD,SSD,Windows 11 Home,1848,1626,1848,1626,222,12,USD,,InStock,https://www.mercadolivre.com.br/products/apple-macbook-pro-16-m3-max-intel-core-ultra-9,2026-08-28T08:15:27.551208+00:00,2026-08-28
Mercado Livre - BR,Brazil,BR,Mercado Livre - BR,3P Marketplace,SKU-BR-0010,Dell Inspiron 16 Plus (7640) - Intel Core i9 14900HX (Laptop),,Dell,Inspiron 16 Plus (7640),Intel,Intel Core i9,Intel Core i9,14900HX,14th Gen / Raptor Lake-HX,Integrated Intel Arc Graphics,Laptop,"14.0""",,16GB DDR5,512GB NVMe SSD,SSD,Windows 11 Home,1895,1554,1895,1554,341,18,USD,,InStock,https://www.mercadolivre.com.br/products/dell-inspiron-16-plus-7640--intel-core-i9,2026-08-28T08:15:27.551208+00:00,2026-08-28
Mercado Livre - BR,Brazil,BR,Mercado Livre - BR,3P Marketplace,,HP OMEN 16 Transcend - AMD Ryzen 5 7520U (Laptop),,HP,OMEN 16 Transcend,AMD,AMD Ryzen 5,AMD Ryzen 5,7520U,Zen 2 / Mendocino,Integrated Intel Arc Graphics,Laptop,"16.0""",,32GB LPDDR5X,512GB NVMe SSD,SSD,Windows 11 Home,1942,1942,1942,1942,0,0,USD,,InStock,https://www.mercadolivre.com.br/products/hp-omen-16-transcend-amd-ryzen-5,2026-08-28T08:15:27.551208+00:00,2026-08-28
Mercado Livre - BR,Brazil,BR,Mercado Livre - BR,3P Marketplace,SKU-BR-0012,Lenovo ThinkBook 16 Gen 6 - Apple M3 M3 (Desktop PC),,Lenovo,ThinkBook 16 Gen 6,Apple,Apple M3,Apple M3,M3,3nm Apple Silicon,NVIDIA GeForce RTX 4060,Desktop,"27""",,16GB DDR5,1TB NVMe SSD,SSD,Windows 11 Home,1989,1750,1989,1750,239,12,USD,,InStock,https://www.mercadolivre.com.br/products/lenovo-thinkbook-16-gen-6-apple-m3,2026-08-28T08:15:27.551208+00:00,2026-08-28
Mercado Livre - BR,Brazil,BR,Mercado Livre - BR,3P Marketplace,SKU-BR-0013,ASUS ExpertBook B9 - Intel Core Ultra 5 125H (Laptop),,ASUS,ExpertBook B9,Intel,Intel Core Ultra 5,Intel Core Ultra 5,125H,14th Gen / Meteor Lake,Integrated Intel Arc Graphics,Laptop,"16.0""",,32GB LPDDR5X,512GB NVMe SSD,SSD,Windows 11 Home,2036,2036,2036,2036,0,0,USD,,InStock,https://www.mercadolivre.com.br/products/asus-expertbook-b9-intel-core-ultra-5,2026-08-28T08:15:27.551208+00:00,2026-08-28
Mercado Livre - BR,Brazil,BR,Mercado Livre - BR,3P Marketplace,SKU-BR-0014,Acer Swift Go 14 AI - Intel Core i5 1335U (Laptop),,Acer,Swift Go 14 AI,Intel,Intel Core i5,Intel Core i5,1335U,13th Gen / Raptor Lake,Integrated Intel Arc Graphics,Laptop,"14.0""",,16GB DDR5,512GB NVMe SSD,SSD,Windows 11 Home,2083,2083,2083,2083,0,0,USD,,InStock,https://www.mercadolivre.com.br/products/acer-swift-go-14-ai-intel-core-i5,2026-08-28T08:15:27.551208+00:00,2026-08-28
Mercado Livre - BR,Brazil,BR,Mercado Livre - BR,3P Marketplace,SKU-BR-0015,Samsung Galaxy Book4 Pro - AMD Ryzen 7 7840HS (Laptop),,Samsung,Galaxy Book4 Pro,AMD,AMD Ryzen 7,AMD Ryzen 7,7840HS,Zen 4 / Phoenix,NVIDIA GeForce RTX 4060,Laptop,"16.0""",,32GB LPDDR5X,1TB NVMe SSD,SSD,Windows 11 Home,2130,1874,2130,1874,256,12,USD,,InStock,https://www.mercadolivre.com.br/products/samsung-galaxy-book4-pro-amd-ryzen-7,2026-08-28T08:15:27.551208+00:00,2026-08-28
Mercado Livre - BR,Brazil,BR,Mercado Livre - BR,3P Marketplace,SKU-BR-0016,MSI Stealth 16 AI Studio - Apple M3 Pro M3 Pro (Laptop),,MSI,Stealth 16 AI Studio,Apple,Apple M3 Pro,Apple M3 Pro,M3 Pro,3nm Apple Silicon,Integrated Intel Arc Graphics,Laptop,"14.0""",,16GB DDR5,512GB NVMe SSD,SSD,Windows 11 Home,2177,2177,2177,2177,0,0,USD,,InStock,https://www.mercadolivre.com.br/products/msi-stealth-16-ai-studio-apple-m3-pro,2026-08-28T08:15:27.551208+00:00,2026-08-28
Mercado Livre - BR,Brazil,BR,Mercado Livre - BR,3P Marketplace,SKU-BR-0017,"Apple MacBook Pro 16"" M3 Max - Intel Core Ultra 7 155H (Laptop)",,Apple,"MacBook Pro 16"" M3 Max",Intel,Intel Core Ultra 7,Intel Core Ultra 7,155H,14th Gen / Meteor Lake,Integrated Intel Arc Graphics,Laptop,"16.0""",,32GB LPDDR5X,512GB NVMe SSD,SSD,Windows 11 Home,2224,2224,2224,2224,0,0,USD,,InStock,https://www.mercadolivre.com.br/products/apple-macbook-pro-16-m3-max-intel-core-ultra-7,2026-08-28T08:15:27.551208+00:00,2026-08-28
Mercado Livre - BR,Brazil,BR,Mercado Livre - BR,3P Marketplace,SKU-BR-0018,Dell Alienware m16 R2 - Intel Core i7 13700H (Desktop PC),,Dell,Alienware m16 R2,Intel,Intel Core i7,Intel Core i7,13700H,13th Gen / Raptor Lake,NVIDIA GeForce RTX 4060,Desktop,"27""",,16GB DDR5,1TB NVMe SSD,SSD,Windows 11 Home,2271,1998,2271,1998,273,12,USD,,InStock,https://www.mercadolivre.com.br/products/dell-alienware-m16-r2-intel-core-i7,2026-08-28T08:15:27.551208+00:00,2026-08-28
Mercado Livre - BR,Brazil,BR,Mercado Livre - BR,3P Marketplace,SKU-BR-0019,HP Victus 15 - Intel Core 7 150U (Laptop),,HP,Victus 15,Intel,Intel Core 7,Intel Core 7,150U,14th Gen / Series 1,Integrated Intel Arc Graphics,Laptop,"16.0""",,32GB LPDDR5X,512GB NVMe SSD,SSD,Windows 11 Home,2318,2318,2318,2318,0,0,USD,,InStock,https://www.mercadolivre.com.br/products/hp-victus-15-intel-core-7,2026-08-28T08:15:27.551208+00:00,2026-08-28
Mercado Livre - BR,Brazil,BR,Mercado Livre - BR,3P Marketplace,SKU-BR-0020,Lenovo LOQ 15IRX9 - AMD Ryzen 9 7945HX (Laptop),,Lenovo,LOQ 15IRX9,AMD,AMD Ryzen 9,AMD Ryzen 9,7945HX,Zen 4 / Dragon Range,Integrated Intel Arc Graphics,Laptop,"14.0""",,16GB DDR5,512GB NVMe SSD,SSD,Windows 11 Home,2365,1939,2365,1939,426,18,USD,,InStock,https://www.mercadolivre.com.br/products/lenovo-loq-15irx9-amd-ryzen-9,2026-08-28T08:15:27.551208+00:00,2026-08-28
Mercado Livre - BR,Brazil,BR,Mercado Livre - BR,3P Marketplace,SKU-BR-0021,ASUS Zenbook Duo (2024) - Snapdragon X Elite X1E-80-100 (Laptop),,ASUS,Zenbook Duo (2024),Qualcomm,Snapdragon X Elite,Snapdragon X Elite,X1E-80-100,Oryon ARM,NVIDIA GeForce RTX 4060,Laptop,"16.0""",,32GB LPDDR5X,1TB NVMe SSD,SSD,Windows 11 Home,2412,2123,2412,2123,289,12,USD,,InStock,https://www.mercadolivre.com.br/products/asus-zenbook-duo-2024--snapdragon-x-elite,2026-08-28T08:15:27.551208+00:00,2026-08-28
Mercado Livre - BR,Brazil,BR,Mercado Livre - BR,3P Marketplace,,Acer Swift X 14 - Intel Core Ultra 9 185H (Laptop),,Acer,Swift X 14,Intel,Intel Core Ultra 9,Intel Core Ultra 9,185H,14th Gen / Meteor Lake,Integrated Intel Arc Graphics,Laptop,"14.0""",,16GB DDR5,512GB NVMe SSD,SSD,Windows 11 Home,2459,2459,2459,2459,0,0,USD,,InStock,https://www.mercadolivre.com.br/products/acer-swift-x-14-intel-core-ultra-9,2026-08-28T08:15:27.551208+00:00,2026-08-28
Mercado Livre - BR,Brazil,BR,Mercado Livre - BR,3P Marketplace,SKU-BR-0023,Samsung Galaxy Book4 360 - Intel Core i9 14900HX (Laptop),,Samsung,Galaxy Book4 360,Intel,Intel Core i9,Intel Core i9,14900HX,14th Gen / Raptor Lake-HX,Integrated Intel Arc Graphics,Laptop,"16.0""",,32GB LPDDR5X,512GB NVMe SSD,SSD,Windows 11 Home,2506,2506,2506,2506,0,0,USD,,InStock,https://www.mercadolivre.com.br/products/samsung-galaxy-book4-360-intel-core-i9,2026-08-28T08:15:27.551208+00:00,2026-08-28
Mercado Livre - BR,Brazil,BR,Mercado Livre - BR,3P Marketplace,SKU-BR-0024,MSI Modern 14 - AMD Ryzen 5 7520U (Desktop PC),,MSI,Modern 14,AMD,AMD Ryzen 5,AMD Ryzen 5,7520U,Zen 2 / Mendocino,NVIDIA GeForce RTX 4060,Desktop,"27""",,16GB DDR5,1TB NVMe SSD,SSD,Windows 11 Home,2553,2247,2553,2247,306,12,USD,,InStock,https://www.mercadolivre.com.br/products/msi-modern-14-amd-ryzen-5,2026-08-28T08:15:27.551208+00:00,2026-08-28
Mercado Livre - BR,Brazil,BR,Mercado Livre - BR,3P Marketplace,SKU-BR-0025,"Apple MacBook Pro 16"" M3 Max - Apple M3 M3 (Laptop)",,Apple,"MacBook Pro 16"" M3 Max",Apple,Apple M3,Apple M3,M3,3nm Apple Silicon,Integrated Intel Arc Graphics,Laptop,"16.0""",,32GB LPDDR5X,512GB NVMe SSD,SSD,Windows 11 Home,2600,2132,2600,2132,468,18,USD,,InStock,https://www.mercadolivre.com.br/products/apple-macbook-pro-16-m3-max-apple-m3,2026-08-28T08:15:27.551208+00:00,2026-08-28
Mercado Livre - BR,Brazil,BR,Mercado Livre - BR,3P Marketplace,SKU-BR-0026,Dell Latitude 5540 - Intel Core Ultra 5 125H (Laptop),,Dell,Latitude 5540,Intel,Intel Core Ultra 5,Intel Core Ultra 5,125H,14th Gen / Meteor Lake,Integrated Intel Arc Graphics,Laptop,"14.0""",,16GB DDR5,512GB NVMe SSD,SSD,Windows 11 Home,2647,2647,2647,2647,0,0,USD,,InStock,https://www.mercadolivre.com.br/products/dell-latitude-5540-intel-core-ultra-5,2026-08-28T08:15:27.551208+00:00,2026-08-28
Mercado Livre - BR,Brazil,BR,Mercado Livre - BR,3P Marketplace,SKU-BR-0027,HP EliteBook 840 G10 - Intel Core i5 1335U (Laptop),,HP,EliteBook 840 G10,Intel,Intel Core i5,Intel Core i5,1335U,13th Gen / Raptor Lake,NVIDIA GeForce RTX 4060,Laptop,"16.0""",,32GB LPDDR5X,1TB NVMe SSD,SSD,Windows 11 Home,2694,2371,2694,2371,323,12,USD,,InStock,https://www.mercadolivre.com.br/products/hp-elitebook-840-g10-intel-core-i5,2026-08-28T08:15:27.551208+00:00,2026-08-28
Mercado Livre - BR,Brazil,BR,Mercado Livre - BR,3P Marketplace,SKU-BR-0028,Lenovo ThinkPad X1 Carbon Gen 12 - AMD Ryzen 7 7840HS (Laptop),,Lenovo,ThinkPad X1 Carbon Gen 12,AMD,AMD Ryzen 7,AMD Ryzen 7,7840HS,Zen 4 / Phoenix,Integrated Intel Arc Graphics,Laptop,"14.0""",,16GB DDR5,512GB NVMe SSD,SSD,Windows 11 Home,2741,2741,2741,2741,0,0,USD,,InStock,https://www.mercadolivre.com.br/products/lenovo-thinkpad-x1-carbon-gen-12-amd-ryzen-7,2026-08-28T08:15:27.551208+00:00,2026-08-28
Mercado Livre - BR,Brazil,BR,Mercado Livre - BR,3P Marketplace,SKU-BR-0029,ASUS Zenbook 14 OLED - Apple M3 Pro M3 Pro (Laptop),,ASUS,Zenbook 14 OLED,Apple,Apple M3 Pro,Apple M3 Pro,M3 Pro,3nm Apple Silicon,Integrated Intel Arc Graphics,Laptop,"16.0""",,32GB LPDDR5X,512GB NVMe SSD,SSD,Windows 11 Home,2788,2788,2788,2788,0,0,USD,,InStock,https://www.mercadolivre.com.br/products/asus-zenbook-14-oled-apple-m3-pro,2026-08-28T08:15:27.551208+00:00,2026-08-28
Amazon - MX,Mexico,MX,Amazon - MX,3P Marketplace,SKU-MX-0001,MSI Stealth 16 AI Studio - AMD Ryzen 9 7945HX (Laptop),,MSI,Stealth 16 AI Studio,AMD,AMD Ryzen 9,AMD Ryzen 9,7945HX,Zen 4 / Dragon Range,Integrated Intel Arc Graphics,Laptop,"16.0""",,32GB LPDDR5X,512GB NVMe SSD,SSD,Windows 11 Home,1561,1561,1561,1561,0,0,USD,,InStock,https://www.amazon.com.mx/products/msi-stealth-16-ai-studio-amd-ryzen-9,2026-08-28T08:15:27.551208+00:00,2026-08-28
Amazon - MX,Mexico,MX,Amazon - MX,3P Marketplace,SKU-MX-0002,"Apple MacBook Air 13"" M3 - Snapdragon X Elite X1E-80-100 (Laptop)",,Apple,"MacBook Air 13"" M3",Qualcomm,Snapdragon X Elite,Snapdragon X Elite,X1E-80-100,Oryon ARM,Integrated Intel Arc Graphics,Laptop,"14.0""",,16GB DDR5,512GB NVMe SSD,SSD,Windows 11 Home,1608,1608,1608,1608,0,0,USD,,InStock,https://www.amazon.com.mx/products/apple-macbook-air-13-m3-snapdragon-x-elite,2026-08-28T08:15:27.551208+00:00,2026-08-28
Amazon - MX,Mexico,MX,Amazon - MX,3P Marketplace,SKU-MX-0003,Dell Inspiron 16 Plus (7640) - Intel Core Ultra 9 185H (Laptop),,Dell,Inspiron 16 Plus (7640),Intel,Intel Core Ultra 9,Intel Core Ultra 9,185H,14th Gen / Meteor Lake,NVIDIA GeForce RTX 4060,Laptop,"16.0""",,32GB LPDDR5X,1TB NVMe SSD,SSD,Windows 11 Home,1655,1456,1655,1456,199,12,USD,,InStock,https://www.amazon.com.mx/products/dell-inspiron-16-plus-7640--intel-core-ultra-9,2026-08-28T08:15:27.551208+00:00,2026-08-28
Amazon - MX,Mexico,MX,Amazon - MX,3P Marketplace,SKU-MX-0004,HP OMEN 16 Transcend - Intel Core i9 14900HX (Laptop),,HP,OMEN 16 Transcend,Intel,Intel Core i9,Intel Core i9,14900HX,14th Gen / Raptor Lake-HX,Integrated Intel Arc Graphics,Laptop,"14.0""",,16GB DDR5,512GB NVMe SSD,SSD,Windows 11 Home,1702,1702,1702,1702,0,0,USD,,InStock,https://www.amazon.com.mx/products/hp-omen-16-transcend-intel-core-i9,2026-08-28T08:15:27.551208+00:00,2026-08-28
Amazon - MX,Mexico,MX,Amazon - MX,3P Marketplace,SKU-MX-0005,Lenovo ThinkBook 16 Gen 6 - AMD Ryzen 5 7520U (Laptop),,Lenovo,ThinkBook 16 Gen 6,AMD,AMD Ryzen 5,AMD Ryzen 5,7520U,Zen 2 / Mendocino,Integrated Intel Arc Graphics,Laptop,"16.0""",,32GB LPDDR5X,512GB NVMe SSD,SSD,Windows 11 Home,1749,1434,1749,1434,315,18,USD,,InStock,https://www.amazon.com.mx/products/lenovo-thinkbook-16-gen-6-amd-ryzen-5,2026-08-28T08:15:27.551208+00:00,2026-08-28
Amazon - MX,Mexico,MX,Amazon - MX,3P Marketplace,SKU-MX-0006,ASUS ExpertBook B9 - Apple M3 M3 (Desktop PC),,ASUS,ExpertBook B9,Apple,Apple M3,Apple M3,M3,3nm Apple Silicon,NVIDIA GeForce RTX 4060,Desktop,"27""",,16GB DDR5,1TB NVMe SSD,SSD,Windows 11 Home,1796,1580,1796,1580,216,12,USD,,InStock,https://www.amazon.com.mx/products/asus-expertbook-b9-apple-m3,2026-08-28T08:15:27.551208+00:00,2026-08-28
Amazon - MX,Mexico,MX,Amazon - MX,3P Marketplace,SKU-MX-0007,Acer Swift Go 14 AI - Intel Core Ultra 5 125H (Laptop),,Acer,Swift Go 14 AI,Intel,Intel Core Ultra 5,Intel Core Ultra 5,125H,14th Gen / Meteor Lake,Integrated Intel Arc Graphics,Laptop,"16.0""",,32GB LPDDR5X,512GB NVMe SSD,SSD,Windows 11 Home,1843,1843,1843,1843,0,0,USD,,InStock,https://www.amazon.com.mx/products/acer-swift-go-14-ai-intel-core-ultra-5,2026-08-28T08:15:27.551208+00:00,2026-08-28
Amazon - MX,Mexico,MX,Amazon - MX,3P Marketplace,SKU-MX-0008,Samsung Galaxy Book4 360 - Intel Core i5 1335U (Laptop),,Samsung,Galaxy Book4 360,Intel,Intel Core i5,Intel Core i5,1335U,13th Gen / Raptor Lake,Integrated Intel Arc Graphics,Laptop,"14.0""",,16GB DDR5,512GB NVMe SSD,SSD,Windows 11 Home,1890,1890,1890,1890,0,0,USD,,InStock,https://www.amazon.com.mx/products/samsung-galaxy-book4-360-intel-core-i5,2026-08-28T08:15:27.551208+00:00,2026-08-28
Amazon - MX,Mexico,MX,Amazon - MX,3P Marketplace,SKU-MX-0009,MSI Modern 14 - AMD Ryzen 7 7840HS (Laptop),,MSI,Modern 14,AMD,AMD Ryzen 7,AMD Ryzen 7,7840HS,Zen 4 / Phoenix,NVIDIA GeForce RTX 4060,Laptop,"16.0""",,32GB LPDDR5X,1TB NVMe SSD,SSD,Windows 11 Home,1937,1705,1937,1705,232,12,USD,,InStock,https://www.amazon.com.mx/products/msi-modern-14-amd-ryzen-7,2026-08-28T08:15:27.551208+00:00,2026-08-28
Amazon - MX,Mexico,MX,Amazon - MX,3P Marketplace,SKU-MX-0010,"Apple MacBook Air 13"" M3 - Apple M3 Pro M3 Pro (Laptop)",,Apple,"MacBook Air 13"" M3",Apple,Apple M3 Pro,Apple M3 Pro,M3 Pro,3nm Apple Silicon,Integrated Intel Arc Graphics,Laptop,"14.0""",,16GB DDR5,512GB NVMe SSD,SSD,Windows 11 Home,1984,1627,1984,1627,357,18,USD,,InStock,https://www.amazon.com.mx/products/apple-macbook-air-13-m3-apple-m3-pro,2026-08-28T08:15:27.551208+00:00,2026-08-28
Amazon - MX,Mexico,MX,Amazon - MX,3P Marketplace,,Dell Alienware m16 R2 - Intel Core Ultra 7 155H (Laptop),,Dell,Alienware m16 R2,Intel,Intel Core Ultra 7,Intel Core Ultra 7,155H,14th Gen / Meteor Lake,Integrated Intel Arc Graphics,Laptop,"16.0""",,32GB LPDDR5X,512GB NVMe SSD,SSD,Windows 11 Home,2031,2031,2031,2031,0,0,USD,,InStock,https://www.amazon.com.mx/products/dell-alienware-m16-r2-intel-core-ultra-7,2026-08-28T08:15:27.551208+00:00,2026-08-28
Amazon - MX,Mexico,MX,Amazon - MX,3P Marketplace,SKU-MX-0012,HP Victus 15 - Intel Core i7 13700H (Desktop PC),,HP,Victus 15,Intel,Intel Core i7,Intel Core i7,13700H,13th Gen / Raptor Lake,NVIDIA GeForce RTX 4060,Desktop,"27""",,16GB DDR5,1TB NVMe SSD,SSD,Windows 11 Home,2078,1829,2078,1829,249,12,USD,,InStock,https://www.amazon.com.mx/products/hp-victus-15-intel-core-i7,2026-08-28T08:15:27.551208+00:00,2026-08-28
Amazon - MX,Mexico,MX,Amazon - MX,3P Marketplace,SKU-MX-0013,Lenovo LOQ 15IRX9 - Intel Core 7 150U (Laptop),,Lenovo,LOQ 15IRX9,Intel,Intel Core 7,Intel Core 7,150U,14th Gen / Series 1,Integrated Intel Arc Graphics,Laptop,"16.0""",,32GB LPDDR5X,512GB NVMe SSD,SSD,Windows 11 Home,2125,2125,2125,2125,0,0,USD,,InStock,https://www.amazon.com.mx/products/lenovo-loq-15irx9-intel-core-7,2026-08-28T08:15:27.551208+00:00,2026-08-28
Amazon - MX,Mexico,MX,Amazon - MX,3P Marketplace,SKU-MX-0014,ASUS Zenbook Duo (2024) - AMD Ryzen 9 7945HX (Laptop),,ASUS,Zenbook Duo (2024),AMD,AMD Ryzen 9,AMD Ryzen 9,7945HX,Zen 4 / Dragon Range,Integrated Intel Arc Graphics,Laptop,"14.0""",,16GB DDR5,512GB NVMe SSD,SSD,Windows 11 Home,2172,2172,2172,2172,0,0,USD,,InStock,https://www.amazon.com.mx/products/asus-zenbook-duo-2024--amd-ryzen-9,2026-08-28T08:15:27.551208+00:00,2026-08-28
Amazon - MX,Mexico,MX,Amazon - MX,3P Marketplace,SKU-MX-0015,Acer Swift X 14 - Snapdragon X Elite X1E-80-100 (Laptop),,Acer,Swift X 14,Qualcomm,Snapdragon X Elite,Snapdragon X Elite,X1E-80-100,Oryon ARM,NVIDIA GeForce RTX 4060,Laptop,"16.0""",,32GB LPDDR5X,1TB NVMe SSD,SSD,Windows 11 Home,2219,1953,2219,1953,266,12,USD,,InStock,https://www.amazon.com.mx/products/acer-swift-x-14-snapdragon-x-elite,2026-08-28T08:15:27.551208+00:00,2026-08-28
Amazon - MX,Mexico,MX,Amazon - MX,3P Marketplace,SKU-MX-0016,Samsung Galaxy Book4 Ultra - Intel Core Ultra 9 185H (Laptop),,Samsung,Galaxy Book4 Ultra,Intel,Intel Core Ultra 9,Intel Core Ultra 9,185H,14th Gen / Meteor Lake,Integrated Intel Arc Graphics,Laptop,"14.0""",,16GB DDR5,512GB NVMe SSD,SSD,Windows 11 Home,2266,2266,2266,2266,0,0,USD,,InStock,https://www.amazon.com.mx/products/samsung-galaxy-book4-ultra-intel-core-ultra-9,2026-08-28T08:15:27.551208+00:00,2026-08-28
Amazon - MX,Mexico,MX,Amazon - MX,3P Marketplace,SKU-MX-0017,MSI Raider GE78 HX - Intel Core i9 14900HX (Laptop),,MSI,Raider GE78 HX,Intel,Intel Core i9,Intel Core i9,14900HX,14th Gen / Raptor Lake-HX,Integrated Intel Arc Graphics,Laptop,"16.0""",,32GB LPDDR5X,512GB NVMe SSD,SSD,Windows 11 Home,2313,2313,2313,2313,0,0,USD,,InStock,https://www.amazon.com.mx/products/msi-raider-ge78-hx-intel-core-i9,2026-08-28T08:15:27.551208+00:00,2026-08-28
Amazon - MX,Mexico,MX,Amazon - MX,3P Marketplace,SKU-MX-0018,"Apple MacBook Air 13"" M3 - AMD Ryzen 5 7520U (Desktop PC)",,Apple,"MacBook Air 13"" M3",AMD,AMD Ryzen 5,AMD Ryzen 5,7520U,Zen 2 / Mendocino,NVIDIA GeForce RTX 4060,Desktop,"27""",,16GB DDR5,1TB NVMe SSD,SSD,Windows 11 Home,2360,2077,2360,2077,283,12,USD,,InStock,https://www.amazon.com.mx/products/apple-macbook-air-13-m3-amd-ryzen-5,2026-08-28T08:15:27.551208+00:00,2026-08-28
Amazon - MX,Mexico,MX,Amazon - MX,3P Marketplace,SKU-MX-0019,Dell Latitude 5540 - Apple M3 M3 (Laptop),,Dell,Latitude 5540,Apple,Apple M3,Apple M3,M3,3nm Apple Silicon,Integrated Intel Arc Graphics,Laptop,"16.0""",,32GB LPDDR5X,512GB NVMe SSD,SSD,Windows 11 Home,2407,2407,2407,2407,0,0,USD,,InStock,https://www.amazon.com.mx/products/dell-latitude-5540-apple-m3,2026-08-28T08:15:27.551208+00:00,2026-08-28
Amazon - MX,Mexico,MX,Amazon - MX,3P Marketplace,SKU-MX-0020,HP EliteBook 840 G10 - Intel Core Ultra 5 125H (Laptop),,HP,EliteBook 840 G10,Intel,Intel Core Ultra 5,Intel Core Ultra 5,125H,14th Gen / Meteor Lake,Integrated Intel Arc Graphics,Laptop,"14.0""",,16GB DDR5,512GB NVMe SSD,SSD,Windows 11 Home,2454,2012,2454,2012,442,18,USD,,InStock,https://www.amazon.com.mx/products/hp-elitebook-840-g10-intel-core-ultra-5,2026-08-28T08:15:27.551208+00:00,2026-08-28
Amazon - MX,Mexico,MX,Amazon - MX,3P Marketplace,SKU-MX-0021,Lenovo ThinkPad X1 Carbon Gen 12 - Intel Core i5 1335U (Laptop),,Lenovo,ThinkPad X1 Carbon Gen 12,Intel,Intel Core i5,Intel Core i5,1335U,13th Gen / Raptor Lake,NVIDIA GeForce RTX 4060,Laptop,"16.0""",,32GB LPDDR5X,1TB NVMe SSD,SSD,Windows 11 Home,2501,2201,2501,2201,300,12,USD,,InStock,https://www.amazon.com.mx/products/lenovo-thinkpad-x1-carbon-gen-12-intel-core-i5,2026-08-28T08:15:27.551208+00:00,2026-08-28
Amazon - MX,Mexico,MX,Amazon - MX,3P Marketplace,,ASUS Zenbook 14 OLED - AMD Ryzen 7 7840HS (Laptop),,ASUS,Zenbook 14 OLED,AMD,AMD Ryzen 7,AMD Ryzen 7,7840HS,Zen 4 / Phoenix,Integrated Intel Arc Graphics,Laptop,"14.0""",,16GB DDR5,512GB NVMe SSD,SSD,Windows 11 Home,2548,2548,2548,2548,0,0,USD,,InStock,https://www.amazon.com.mx/products/asus-zenbook-14-oled-amd-ryzen-7,2026-08-28T08:15:27.551208+00:00,2026-08-28
Amazon - MX,Mexico,MX,Amazon - MX,3P Marketplace,SKU-MX-0023,Acer Aspire 5 - Apple M3 Pro M3 Pro (Laptop),,Acer,Aspire 5,Apple,Apple M3 Pro,Apple M3 Pro,M3 Pro,3nm Apple Silicon,Integrated Intel Arc Graphics,Laptop,"16.0""",,32GB LPDDR5X,512GB NVMe SSD,SSD,Windows 11 Home,2595,2595,2595,2595,0,0,USD,,InStock,https://www.amazon.com.mx/products/acer-aspire-5-apple-m3-pro,2026-08-28T08:15:27.551208+00:00,2026-08-28
Amazon - MX,Mexico,MX,Amazon - MX,3P Marketplace,SKU-MX-0024,Samsung Galaxy Book4 Pro - Intel Core Ultra 7 155H (Desktop PC),,Samsung,Galaxy Book4 Pro,Intel,Intel Core Ultra 7,Intel Core Ultra 7,155H,14th Gen / Meteor Lake,NVIDIA GeForce RTX 4060,Desktop,"27""",,16GB DDR5,1TB NVMe SSD,SSD,Windows 11 Home,2642,2325,2642,2325,317,12,USD,,InStock,https://www.amazon.com.mx/products/samsung-galaxy-book4-pro-intel-core-ultra-7,2026-08-28T08:15:27.551208+00:00,2026-08-28
Amazon - MX,Mexico,MX,Amazon - MX,3P Marketplace,SKU-MX-0025,MSI Prestige 16 AI Evo - Intel Core i7 13700H (Laptop),,MSI,Prestige 16 AI Evo,Intel,Intel Core i7,Intel Core i7,13700H,13th Gen / Raptor Lake,Integrated Intel Arc Graphics,Laptop,"16.0""",,32GB LPDDR5X,512GB NVMe SSD,SSD,Windows 11 Home,2689,2205,2689,2205,484,18,USD,,InStock,https://www.amazon.com.mx/products/msi-prestige-16-ai-evo-intel-core-i7,2026-08-28T08:15:27.551208+00:00,2026-08-28
Amazon - MX,Mexico,MX,Amazon - MX,3P Marketplace,SKU-MX-0026,"Apple MacBook Air 13"" M3 - Intel Core 7 150U (Laptop)",,Apple,"MacBook Air 13"" M3",Intel,Intel Core 7,Intel Core 7,150U,14th Gen / Series 1,Integrated Intel Arc Graphics,Laptop,"14.0""",,16GB DDR5,512GB NVMe SSD,SSD,Windows 11 Home,2736,2736,2736,2736,0,0,USD,,InStock,https://www.amazon.com.mx/products/apple-macbook-air-13-m3-intel-core-7,2026-08-28T08:15:27.551208+00:00,2026-08-28
Amazon - MX,Mexico,MX,Amazon - MX,3P Marketplace,SKU-MX-0027,Dell G15 Gaming (5530) - AMD Ryzen 9 7945HX (Laptop),,Dell,G15 Gaming (5530),AMD,AMD Ryzen 9,AMD Ryzen 9,7945HX,Zen 4 / Dragon Range,NVIDIA GeForce RTX 4060,Laptop,"16.0""",,32GB LPDDR5X,1TB NVMe SSD,SSD,Windows 11 Home,2783,2449,2783,2449,334,12,USD,,InStock,https://www.amazon.com.mx/products/dell-g15-gaming-5530--amd-ryzen-9,2026-08-28T08:15:27.551208+00:00,2026-08-28
Amazon - MX,Mexico,MX,Amazon - MX,3P Marketplace,SKU-MX-0028,HP Spectre x360 14 - Snapdragon X Elite X1E-80-100 (Laptop),,HP,Spectre x360 14,Qualcomm,Snapdragon X Elite,Snapdragon X Elite,X1E-80-100,Oryon ARM,Integrated Intel Arc Graphics,Laptop,"14.0""",,16GB DDR5,512GB NVMe SSD,SSD,Windows 11 Home,630,630,630,630,0,0,USD,,InStock,https://www.amazon.com.mx/products/hp-spectre-x360-14-snapdragon-x-elite,2026-08-28T08:15:27.551208+00:00,2026-08-28
Amazon - MX,Mexico,MX,Amazon - MX,3P Marketplace,SKU-MX-0029,"Lenovo Yoga Pro 9i (16"") - Intel Core Ultra 9 185H (Laptop)",,Lenovo,"Yoga Pro 9i (16"")",Intel,Intel Core Ultra 9,Intel Core Ultra 9,185H,14th Gen / Meteor Lake,Integrated Intel Arc Graphics,Laptop,"16.0""",,32GB LPDDR5X,512GB NVMe SSD,SSD,Windows 11 Home,677,677,677,677,0,0,USD,,InStock,https://www.amazon.com.mx/products/lenovo-yoga-pro-9i-16--intel-core-ultra-9,2026-08-28T08:15:27.551208+00:00,2026-08-28
Amazon - MX,Mexico,MX,Amazon - MX,3P Marketplace,SKU-MX-0030,ASUS Vivobook S 15 OLED - Intel Core i9 14900HX (Desktop PC),,ASUS,Vivobook S 15 OLED,Intel,Intel Core i9,Intel Core i9,14900HX,14th Gen / Raptor Lake-HX,NVIDIA GeForce RTX 4060,Desktop,"27""",,16GB DDR5,1TB NVMe SSD,SSD,Windows 11 Home,724,637,724,637,87,12,USD,,InStock,https://www.amazon.com.mx/products/asus-vivobook-s-15-oled-intel-core-i9,2026-08-28T08:15:27.551208+00:00,2026-08-28
Mercado Libre - MX,Mexico,MX,Mercado Libre - MX,3P Marketplace,SKU-MX-0001,Samsung Galaxy Book4 Ultra - Intel Core Ultra 5 125H (Laptop),,Samsung,Galaxy Book4 Ultra,Intel,Intel Core Ultra 5,Intel Core Ultra 5,125H,14th Gen / Meteor Lake,Integrated Intel Arc Graphics,Laptop,"16.0""",,32GB LPDDR5X,512GB NVMe SSD,SSD,Windows 11 Home,1650,1650,1650,1650,0,0,USD,,InStock,https://www.mercadolibre.com.mx/products/samsung-galaxy-book4-ultra-intel-core-ultra-5,2026-08-28T08:15:27.551208+00:00,2026-08-28
Mercado Libre - MX,Mexico,MX,Mercado Libre - MX,3P Marketplace,SKU-MX-0002,MSI Raider GE78 HX - Intel Core i5 1335U (Laptop),,MSI,Raider GE78 HX,Intel,Intel Core i5,Intel Core i5,1335U,13th Gen / Raptor Lake,Integrated Intel Arc Graphics,Laptop,"14.0""",,16GB DDR5,512GB NVMe SSD,SSD,Windows 11 Home,1697,1697,1697,1697,0,0,USD,,InStock,https://www.mercadolibre.com.mx/products/msi-raider-ge78-hx-intel-core-i5,2026-08-28T08:15:27.551208+00:00,2026-08-28
Mercado Libre - MX,Mexico,MX,Mercado Libre - MX,3P Marketplace,SKU-MX-0003,"Apple MacBook Air 15"" M3 - AMD Ryzen 7 7840HS (Laptop)",,Apple,"MacBook Air 15"" M3",AMD,AMD Ryzen 7,AMD Ryzen 7,7840HS,Zen 4 / Phoenix,NVIDIA GeForce RTX 4060,Laptop,"16.0""",,32GB LPDDR5X,1TB NVMe SSD,SSD,Windows 11 Home,1744,1535,1744,1535,209,12,USD,,InStock,https://www.mercadolibre.com.mx/products/apple-macbook-air-15-m3-amd-ryzen-7,2026-08-28T08:15:27.551208+00:00,2026-08-28
Mercado Libre - MX,Mexico,MX,Mercado Libre - MX,3P Marketplace,SKU-MX-0004,Dell Alienware m16 R2 - Apple M3 Pro M3 Pro (Laptop),,Dell,Alienware m16 R2,Apple,Apple M3 Pro,Apple M3 Pro,M3 Pro,3nm Apple Silicon,Integrated Intel Arc Graphics,Laptop,"14.0""",,16GB DDR5,512GB NVMe SSD,SSD,Windows 11 Home,1791,1791,1791,1791,0,0,USD,,InStock,https://www.mercadolibre.com.mx/products/dell-alienware-m16-r2-apple-m3-pro,2026-08-28T08:15:27.551208+00:00,2026-08-28
Mercado Libre - MX,Mexico,MX,Mercado Libre - MX,3P Marketplace,SKU-MX-0005,HP Victus 15 - Intel Core Ultra 7 155H (Laptop),,HP,Victus 15,Intel,Intel Core Ultra 7,Intel Core Ultra 7,155H,14th Gen / Meteor Lake,Integrated Intel Arc Graphics,Laptop,"16.0""",,32GB LPDDR5X,512GB NVMe SSD,SSD,Windows 11 Home,1838,1507,1838,1507,331,18,USD,,InStock,https://www.mercadolibre.com.mx/products/hp-victus-15-intel-core-ultra-7,2026-08-28T08:15:27.551208+00:00,2026-08-28
Mercado Libre - MX,Mexico,MX,Mercado Libre - MX,3P Marketplace,SKU-MX-0006,Lenovo LOQ 15IRX9 - Intel Core i7 13700H (Desktop PC),,Lenovo,LOQ 15IRX9,Intel,Intel Core i7,Intel Core i7,13700H,13th Gen / Raptor Lake,NVIDIA GeForce RTX 4060,Desktop,"27""",,16GB DDR5,1TB NVMe SSD,SSD,Windows 11 Home,1885,1659,1885,1659,226,12,USD,,InStock,https://www.mercadolibre.com.mx/products/lenovo-loq-15irx9-intel-core-i7,2026-08-28T08:15:27.551208+00:00,2026-08-28
Mercado Libre - MX,Mexico,MX,Mercado Libre - MX,3P Marketplace,SKU-MX-0007,ASUS Zenbook Duo (2024) - Intel Core 7 150U (Laptop),,ASUS,Zenbook Duo (2024),Intel,Intel Core 7,Intel Core 7,150U,14th Gen / Series 1,Integrated Intel Arc Graphics,Laptop,"16.0""",,32GB LPDDR5X,512GB NVMe SSD,SSD,Windows 11 Home,1932,1932,1932,1932,0,0,USD,,InStock,https://www.mercadolibre.com.mx/products/asus-zenbook-duo-2024--intel-core-7,2026-08-28T08:15:27.551208+00:00,2026-08-28
Mercado Libre - MX,Mexico,MX,Mercado Libre - MX,3P Marketplace,SKU-MX-0008,Acer Swift X 14 - AMD Ryzen 9 7945HX (Laptop),,Acer,Swift X 14,AMD,AMD Ryzen 9,AMD Ryzen 9,7945HX,Zen 4 / Dragon Range,Integrated Intel Arc Graphics,Laptop,"14.0""",,16GB DDR5,512GB NVMe SSD,SSD,Windows 11 Home,1979,1979,1979,1979,0,0,USD,,InStock,https://www.mercadolibre.com.mx/products/acer-swift-x-14-amd-ryzen-9,2026-08-28T08:15:27.551208+00:00,2026-08-28
Mercado Libre - MX,Mexico,MX,Mercado Libre - MX,3P Marketplace,SKU-MX-0009,Samsung Galaxy Book4 Pro - Snapdragon X Elite X1E-80-100 (Laptop),,Samsung,Galaxy Book4 Pro,Qualcomm,Snapdragon X Elite,Snapdragon X Elite,X1E-80-100,Oryon ARM,NVIDIA GeForce RTX 4060,Laptop,"16.0""",,32GB LPDDR5X,1TB NVMe SSD,SSD,Windows 11 Home,2026,1783,2026,1783,243,12,USD,,InStock,https://www.mercadolibre.com.mx/products/samsung-galaxy-book4-pro-snapdragon-x-elite,2026-08-28T08:15:27.551208+00:00,2026-08-28
Mercado Libre - MX,Mexico,MX,Mercado Libre - MX,3P Marketplace,SKU-MX-0010,MSI Prestige 16 AI Evo - Intel Core Ultra 9 185H (Laptop),,MSI,Prestige 16 AI Evo,Intel,Intel Core Ultra 9,Intel Core Ultra 9,185H,14th Gen / Meteor Lake,Integrated Intel Arc Graphics,Laptop,"14.0""",,16GB DDR5,512GB NVMe SSD,SSD,Windows 11 Home,2073,1700,2073,1700,373,18,USD,,InStock,https://www.mercadolibre.com.mx/products/msi-prestige-16-ai-evo-intel-core-ultra-9,2026-08-28T08:15:27.551208+00:00,2026-08-28
Mercado Libre - MX,Mexico,MX,Mercado Libre - MX,3P Marketplace,,"Apple MacBook Air 15"" M3 - Intel Core i9 14900HX (Laptop)",,Apple,"MacBook Air 15"" M3",Intel,Intel Core i9,Intel Core i9,14900HX,14th Gen / Raptor Lake-HX,Integrated Intel Arc Graphics,Laptop,"16.0""",,32GB LPDDR5X,512GB NVMe SSD,SSD,Windows 11 Home,2120,2120,2120,2120,0,0,USD,,InStock,https://www.mercadolibre.com.mx/products/apple-macbook-air-15-m3-intel-core-i9,2026-08-28T08:15:27.551208+00:00,2026-08-28
Mercado Libre - MX,Mexico,MX,Mercado Libre - MX,3P Marketplace,SKU-MX-0012,Dell Latitude 5540 - AMD Ryzen 5 7520U (Desktop PC),,Dell,Latitude 5540,AMD,AMD Ryzen 5,AMD Ryzen 5,7520U,Zen 2 / Mendocino,NVIDIA GeForce RTX 4060,Desktop,"27""",,16GB DDR5,1TB NVMe SSD,SSD,Windows 11 Home,2167,1907,2167,1907,260,12,USD,,InStock,https://www.mercadolibre.com.mx/products/dell-latitude-5540-amd-ryzen-5,2026-08-28T08:15:27.551208+00:00,2026-08-28
Mercado Libre - MX,Mexico,MX,Mercado Libre - MX,3P Marketplace,SKU-MX-0013,HP EliteBook 840 G10 - Apple M3 M3 (Laptop),,HP,EliteBook 840 G10,Apple,Apple M3,Apple M3,M3,3nm Apple Silicon,Integrated Intel Arc Graphics,Laptop,"16.0""",,32GB LPDDR5X,512GB NVMe SSD,SSD,Windows 11 Home,2214,2214,2214,2214,0,0,USD,,InStock,https://www.mercadolibre.com.mx/products/hp-elitebook-840-g10-apple-m3,2026-08-28T08:15:27.551208+00:00,2026-08-28
Mercado Libre - MX,Mexico,MX,Mercado Libre - MX,3P Marketplace,SKU-MX-0014,Lenovo ThinkPad X1 Carbon Gen 12 - Intel Core Ultra 5 125H (Laptop),,Lenovo,ThinkPad X1 Carbon Gen 12,Intel,Intel Core Ultra 5,Intel Core Ultra 5,125H,14th Gen / Meteor Lake,Integrated Intel Arc Graphics,Laptop,"14.0""",,16GB DDR5,512GB NVMe SSD,SSD,Windows 11 Home,2261,2261,2261,2261,0,0,USD,,InStock,https://www.mercadolibre.com.mx/products/lenovo-thinkpad-x1-carbon-gen-12-intel-core-ultra-5,2026-08-28T08:15:27.551208+00:00,2026-08-28
Mercado Libre - MX,Mexico,MX,Mercado Libre - MX,3P Marketplace,SKU-MX-0015,ASUS Zenbook 14 OLED - Intel Core i5 1335U (Laptop),,ASUS,Zenbook 14 OLED,Intel,Intel Core i5,Intel Core i5,1335U,13th Gen / Raptor Lake,NVIDIA GeForce RTX 4060,Laptop,"16.0""",,32GB LPDDR5X,1TB NVMe SSD,SSD,Windows 11 Home,2308,2031,2308,2031,277,12,USD,,InStock,https://www.mercadolibre.com.mx/products/asus-zenbook-14-oled-intel-core-i5,2026-08-28T08:15:27.551208+00:00,2026-08-28
Mercado Libre - MX,Mexico,MX,Mercado Libre - MX,3P Marketplace,SKU-MX-0016,Acer Aspire 5 - AMD Ryzen 7 7840HS (Laptop),,Acer,Aspire 5,AMD,AMD Ryzen 7,AMD Ryzen 7,7840HS,Zen 4 / Phoenix,Integrated Intel Arc Graphics,Laptop,"14.0""",,16GB DDR5,512GB NVMe SSD,SSD,Windows 11 Home,2355,2355,2355,2355,0,0,USD,,InStock,https://www.mercadolibre.com.mx/products/acer-aspire-5-amd-ryzen-7,2026-08-28T08:15:27.551208+00:00,2026-08-28
Mercado Libre - MX,Mexico,MX,Mercado Libre - MX,3P Marketplace,SKU-MX-0017,Samsung Galaxy Book4 360 - Apple M3 Pro M3 Pro (Laptop),,Samsung,Galaxy Book4 360,Apple,Apple M3 Pro,Apple M3 Pro,M3 Pro,3nm Apple Silicon,Integrated Intel Arc Graphics,Laptop,"16.0""",,32GB LPDDR5X,512GB NVMe SSD,SSD,Windows 11 Home,2402,2402,2402,2402,0,0,USD,,InStock,https://www.mercadolibre.com.mx/products/samsung-galaxy-book4-360-apple-m3-pro,2026-08-28T08:15:27.551208+00:00,2026-08-28
Mercado Libre - MX,Mexico,MX,Mercado Libre - MX,3P Marketplace,SKU-MX-0018,MSI Cyborg 15 - Intel Core Ultra 7 155H (Desktop PC),,MSI,Cyborg 15,Intel,Intel Core Ultra 7,Intel Core Ultra 7,155H,14th Gen / Meteor Lake,NVIDIA GeForce RTX 4060,Desktop,"27""",,16GB DDR5,1TB NVMe SSD,SSD,Windows 11 Home,2449,2155,2449,2155,294,12,USD,,InStock,https://www.mercadolibre.com.mx/products/msi-cyborg-15-intel-core-ultra-7,2026-08-28T08:15:27.551208+00:00,2026-08-28
Mercado Libre - MX,Mexico,MX,Mercado Libre - MX,3P Marketplace,SKU-MX-0019,"Apple MacBook Air 15"" M3 - Intel Core i7 13700H (Laptop)",,Apple,"MacBook Air 15"" M3",Intel,Intel Core i7,Intel Core i7,13700H,13th Gen / Raptor Lake,Integrated Intel Arc Graphics,Laptop,"16.0""",,32GB LPDDR5X,512GB NVMe SSD,SSD,Windows 11 Home,2496,2496,2496,2496,0,0,USD,,InStock,https://www.mercadolibre.com.mx/products/apple-macbook-air-15-m3-intel-core-i7,2026-08-28T08:15:27.551208+00:00,2026-08-28
Mercado Libre - MX,Mexico,MX,Mercado Libre - MX,3P Marketplace,SKU-MX-0020,Dell G15 Gaming (5530) - Intel Core 7 150U (Laptop),,Dell,G15 Gaming (5530),Intel,Intel Core 7,Intel Core 7,150U,14th Gen / Series 1,Integrated Intel Arc Graphics,Laptop,"14.0""",,16GB DDR5,512GB NVMe SSD,SSD,Windows 11 Home,2543,2085,2543,2085,458,18,USD,,InStock,https://www.mercadolibre.com.mx/products/dell-g15-gaming-5530--intel-core-7,2026-08-28T08:15:27.551208+00:00,2026-08-28
Mercado Libre - MX,Mexico,MX,Mercado Libre - MX,3P Marketplace,SKU-MX-0021,HP Spectre x360 14 - AMD Ryzen 9 7945HX (Laptop),,HP,Spectre x360 14,AMD,AMD Ryzen 9,AMD Ryzen 9,7945HX,Zen 4 / Dragon Range,NVIDIA GeForce RTX 4060,Laptop,"16.0""",,32GB LPDDR5X,1TB NVMe SSD,SSD,Windows 11 Home,2590,2279,2590,2279,311,12,USD,,InStock,https://www.mercadolibre.com.mx/products/hp-spectre-x360-14-amd-ryzen-9,2026-08-28T08:15:27.551208+00:00,2026-08-28
Mercado Libre - MX,Mexico,MX,Mercado Libre - MX,3P Marketplace,,"Lenovo Yoga Pro 9i (16"") - Snapdragon X Elite X1E-80-100 (Laptop)",,Lenovo,"Yoga Pro 9i (16"")",Qualcomm,Snapdragon X Elite,Snapdragon X Elite,X1E-80-100,Oryon ARM,Integrated Intel Arc Graphics,Laptop,"14.0""",,16GB DDR5,512GB NVMe SSD,SSD,Windows 11 Home,2637,2637,2637,2637,0,0,USD,,InStock,https://www.mercadolibre.com.mx/products/lenovo-yoga-pro-9i-16--snapdragon-x-elite,2026-08-28T08:15:27.551208+00:00,2026-08-28
Mercado Libre - MX,Mexico,MX,Mercado Libre - MX,3P Marketplace,SKU-MX-0023,ASUS Vivobook S 15 OLED - Intel Core Ultra 9 185H (Laptop),,ASUS,Vivobook S 15 OLED,Intel,Intel Core Ultra 9,Intel Core Ultra 9,185H,14th Gen / Meteor Lake,Integrated Intel Arc Graphics,Laptop,"16.0""",,32GB LPDDR5X,512GB NVMe SSD,SSD,Windows 11 Home,2684,2684,2684,2684,0,0,USD,,InStock,https://www.mercadolibre.com.mx/products/asus-vivobook-s-15-oled-intel-core-ultra-9,2026-08-28T08:15:27.551208+00:00,2026-08-28
Mercado Libre - MX,Mexico,MX,Mercado Libre - MX,3P Marketplace,SKU-MX-0024,Acer Predator Helios 16 - Intel Core i9 14900HX (Desktop PC),,Acer,Predator Helios 16,Intel,Intel Core i9,Intel Core i9,14900HX,14th Gen / Raptor Lake-HX,NVIDIA GeForce RTX 4060,Desktop,"27""",,16GB DDR5,1TB NVMe SSD,SSD,Windows 11 Home,2731,2403,2731,2403,328,12,USD,,InStock,https://www.mercadolibre.com.mx/products/acer-predator-helios-16-intel-core-i9,2026-08-28T08:15:27.551208+00:00,2026-08-28
Mercado Libre - MX,Mexico,MX,Mercado Libre - MX,3P Marketplace,SKU-MX-0025,Samsung Galaxy Book4 Ultra - AMD Ryzen 5 7520U (Laptop),,Samsung,Galaxy Book4 Ultra,AMD,AMD Ryzen 5,AMD Ryzen 5,7520U,Zen 2 / Mendocino,Integrated Intel Arc Graphics,Laptop,"16.0""",,32GB LPDDR5X,512GB NVMe SSD,SSD,Windows 11 Home,2778,2278,2778,2278,500,18,USD,,InStock,https://www.mercadolibre.com.mx/products/samsung-galaxy-book4-ultra-amd-ryzen-5,2026-08-28T08:15:27.551208+00:00,2026-08-28
Mercado Libre - MX,Mexico,MX,Mercado Libre - MX,3P Marketplace,SKU-MX-0026,MSI Stealth 16 AI Studio - Apple M3 M3 (Laptop),,MSI,Stealth 16 AI Studio,Apple,Apple M3,Apple M3,M3,3nm Apple Silicon,Integrated Intel Arc Graphics,Laptop,"14.0""",,16GB DDR5,512GB NVMe SSD,SSD,Windows 11 Home,625,625,625,625,0,0,USD,,InStock,https://www.mercadolibre.com.mx/products/msi-stealth-16-ai-studio-apple-m3,2026-08-28T08:15:27.551208+00:00,2026-08-28
Mercado Libre - MX,Mexico,MX,Mercado Libre - MX,3P Marketplace,SKU-MX-0027,"Apple MacBook Air 15"" M3 - Intel Core Ultra 5 125H (Laptop)",,Apple,"MacBook Air 15"" M3",Intel,Intel Core Ultra 5,Intel Core Ultra 5,125H,14th Gen / Meteor Lake,NVIDIA GeForce RTX 4060,Laptop,"16.0""",,32GB LPDDR5X,1TB NVMe SSD,SSD,Windows 11 Home,672,591,672,591,81,12,USD,,InStock,https://www.mercadolibre.com.mx/products/apple-macbook-air-15-m3-intel-core-ultra-5,2026-08-28T08:15:27.551208+00:00,2026-08-28
Mercado Libre - MX,Mexico,MX,Mercado Libre - MX,3P Marketplace,SKU-MX-0028,Dell XPS 14 (9440) - Intel Core i5 1335U (Laptop),,Dell,XPS 14 (9440),Intel,Intel Core i5,Intel Core i5,1335U,13th Gen / Raptor Lake,Integrated Intel Arc Graphics,Laptop,"14.0""",,16GB DDR5,512GB NVMe SSD,SSD,Windows 11 Home,719,719,719,719,0,0,USD,,InStock,https://www.mercadolibre.com.mx/products/dell-xps-14-9440--intel-core-i5,2026-08-28T08:15:27.551208+00:00,2026-08-28
JD - CN,China,CN,JD - CN,3P Marketplace,SKU-CN-0001,Acer Swift X 14 - Intel Core 7 150U (Laptop),,Acer,Swift X 14,Intel,Intel Core 7,Intel Core 7,150U,14th Gen / Series 1,Integrated Intel Arc Graphics,Laptop,"16.0""",,32GB LPDDR5X,512GB NVMe SSD,SSD,Windows 11 Home,1739,1739,1739,1739,0,0,USD,,InStock,https://www.jd.com/products/acer-swift-x-14-intel-core-7,2026-08-28T08:15:27.551208+00:00,2026-08-28
JD - CN,China,CN,JD - CN,3P Marketplace,SKU-CN-0002,Samsung Galaxy Book4 360 - AMD Ryzen 9 7945HX (Laptop),,Samsung,Galaxy Book4 360,AMD,AMD Ryzen 9,AMD Ryzen 9,7945HX,Zen 4 / Dragon Range,Integrated Intel Arc Graphics,Laptop,"14.0""",,16GB DDR5,512GB NVMe SSD,SSD,Windows 11 Home,1786,1786,1786,1786,0,0,USD,,InStock,https://www.jd.com/products/samsung-galaxy-book4-360-amd-ryzen-9,2026-08-28T08:15:27.551208+00:00,2026-08-28
JD - CN,China,CN,JD - CN,3P Marketplace,SKU-CN-0003,MSI Cyborg 15 - Snapdragon X Elite X1E-80-100 (Laptop),,MSI,Cyborg 15,Qualcomm,Snapdragon X Elite,Snapdragon X Elite,X1E-80-100,Oryon ARM,NVIDIA GeForce RTX 4060,Laptop,"16.0""",,32GB LPDDR5X,1TB NVMe SSD,SSD,Windows 11 Home,1833,1613,1833,1613,220,12,USD,,InStock,https://www.jd.com/products/msi-cyborg-15-snapdragon-x-elite,2026-08-28T08:15:27.551208+00:00,2026-08-28
JD - CN,China,CN,JD - CN,3P Marketplace,SKU-CN-0004,"Apple MacBook Pro 14"" M3 - Intel Core Ultra 9 185H (Laptop)",,Apple,"MacBook Pro 14"" M3",Intel,Intel Core Ultra 9,Intel Core Ultra 9,185H,14th Gen / Meteor Lake,Integrated Intel Arc Graphics,Laptop,"14.0""",,16GB DDR5,512GB NVMe SSD,SSD,Windows 11 Home,1880,1880,1880,1880,0,0,USD,,InStock,https://www.jd.com/products/apple-macbook-pro-14-m3-intel-core-ultra-9,2026-08-28T08:15:27.551208+00:00,2026-08-28
JD - CN,China,CN,JD - CN,3P Marketplace,SKU-CN-0005,Dell Latitude 5540 - Intel Core i9 14900HX (Laptop),,Dell,Latitude 5540,Intel,Intel Core i9,Intel Core i9,14900HX,14th Gen / Raptor Lake-HX,Integrated Intel Arc Graphics,Laptop,"16.0""",,32GB LPDDR5X,512GB NVMe SSD,SSD,Windows 11 Home,1927,1580,1927,1580,347,18,USD,,InStock,https://www.jd.com/products/dell-latitude-5540-intel-core-i9,2026-08-28T08:15:27.551208+00:00,2026-08-28
JD - CN,China,CN,JD - CN,3P Marketplace,SKU-CN-0006,HP EliteBook 840 G10 - AMD Ryzen 5 7520U (Desktop PC),,HP,EliteBook 840 G10,AMD,AMD Ryzen 5,AMD Ryzen 5,7520U,Zen 2 / Mendocino,NVIDIA GeForce RTX 4060,Desktop,"27""",,16GB DDR5,1TB NVMe SSD,SSD,Windows 11 Home,1974,1737,1974,1737,237,12,USD,,InStock,https://www.jd.com/products/hp-elitebook-840-g10-amd-ryzen-5,2026-08-28T08:15:27.551208+00:00,2026-08-28
JD - CN,China,CN,JD - CN,3P Marketplace,SKU-CN-0007,Lenovo ThinkPad X1 Carbon Gen 12 - Apple M3 M3 (Laptop),,Lenovo,ThinkPad X1 Carbon Gen 12,Apple,Apple M3,Apple M3,M3,3nm Apple Silicon,Integrated Intel Arc Graphics,Laptop,"16.0""",,32GB LPDDR5X,512GB NVMe SSD,SSD,Windows 11 Home,2021,2021,2021,2021,0,0,USD,,InStock,https://www.jd.com/products/lenovo-thinkpad-x1-carbon-gen-12-apple-m3,2026-08-28T08:15:27.551208+00:00,2026-08-28
JD - CN,China,CN,JD - CN,3P Marketplace,SKU-CN-0008,ASUS Zenbook 14 OLED - Intel Core Ultra 5 125H (Laptop),,ASUS,Zenbook 14 OLED,Intel,Intel Core Ultra 5,Intel Core Ultra 5,125H,14th Gen / Meteor Lake,Integrated Intel Arc Graphics,Laptop,"14.0""",,16GB DDR5,512GB NVMe SSD,SSD,Windows 11 Home,2068,2068,2068,2068,0,0,USD,,InStock,https://www.jd.com/products/asus-zenbook-14-oled-intel-core-ultra-5,2026-08-28T08:15:27.551208+00:00,2026-08-28
JD - CN,China,CN,JD - CN,3P Marketplace,SKU-CN-0009,Acer Aspire 5 - Intel Core i5 1335U (Laptop),,Acer,Aspire 5,Intel,Intel Core i5,Intel Core i5,1335U,13th Gen / Raptor Lake,NVIDIA GeForce RTX 4060,Laptop,"16.0""",,32GB LPDDR5X,1TB NVMe SSD,SSD,Windows 11 Home,2115,1861,2115,1861,254,12,USD,,InStock,https://www.jd.com/products/acer-aspire-5-intel-core-i5,2026-08-28T08:15:27.551208+00:00,2026-08-28
JD - CN,China,CN,JD - CN,3P Marketplace,SKU-CN-0010,Samsung Galaxy Book4 Ultra - AMD Ryzen 7 7840HS (Laptop),,Samsung,Galaxy Book4 Ultra,AMD,AMD Ryzen 7,AMD Ryzen 7,7840HS,Zen 4 / Phoenix,Integrated Intel Arc Graphics,Laptop,"14.0""",,16GB DDR5,512GB NVMe SSD,SSD,Windows 11 Home,2162,1773,2162,1773,389,18,USD,,InStock,https://www.jd.com/products/samsung-galaxy-book4-ultra-amd-ryzen-7,2026-08-28T08:15:27.551208+00:00,2026-08-28
JD - CN,China,CN,JD - CN,3P Marketplace,,MSI Stealth 16 AI Studio - Apple M3 Pro M3 Pro (Laptop),,MSI,Stealth 16 AI Studio,Apple,Apple M3 Pro,Apple M3 Pro,M3 Pro,3nm Apple Silicon,Integrated Intel Arc Graphics,Laptop,"16.0""",,32GB LPDDR5X,512GB NVMe SSD,SSD,Windows 11 Home,2209,2209,2209,2209,0,0,USD,,InStock,https://www.jd.com/products/msi-stealth-16-ai-studio-apple-m3-pro,2026-08-28T08:15:27.551208+00:00,2026-08-28
JD - CN,China,CN,JD - CN,3P Marketplace,SKU-CN-0012,"Apple MacBook Pro 14"" M3 - Intel Core Ultra 7 155H (Desktop PC)",,Apple,"MacBook Pro 14"" M3",Intel,Intel Core Ultra 7,Intel Core Ultra 7,155H,14th Gen / Meteor Lake,NVIDIA GeForce RTX 4060,Desktop,"27""",,16GB DDR5,1TB NVMe SSD,SSD,Windows 11 Home,2256,1985,2256,1985,271,12,USD,,InStock,https://www.jd.com/products/apple-macbook-pro-14-m3-intel-core-ultra-7,2026-08-28T08:15:27.551208+00:00,2026-08-28
JD - CN,China,CN,JD - CN,3P Marketplace,SKU-CN-0013,Dell G15 Gaming (5530) - Intel Core i7 13700H (Laptop),,Dell,G15 Gaming (5530),Intel,Intel Core i7,Intel Core i7,13700H,13th Gen / Raptor Lake,Integrated Intel Arc Graphics,Laptop,"16.0""",,32GB LPDDR5X,512GB NVMe SSD,SSD,Windows 11 Home,2303,2303,2303,2303,0,0,USD,,InStock,https://www.jd.com/products/dell-g15-gaming-5530--intel-core-i7,2026-08-28T08:15:27.551208+00:00,2026-08-28
JD - CN,China,CN,JD - CN,3P Marketplace,SKU-CN-0014,HP Spectre x360 14 - Intel Core 7 150U (Laptop),,HP,Spectre x360 14,Intel,Intel Core 7,Intel Core 7,150U,14th Gen / Series 1,Integrated Intel Arc Graphics,Laptop,"14.0""",,16GB DDR5,512GB NVMe SSD,SSD,Windows 11 Home,2350,2350,2350,2350,0,0,USD,,InStock,https://www.jd.com/products/hp-spectre-x360-14-intel-core-7,2026-08-28T08:15:27.551208+00:00,2026-08-28
JD - CN,China,CN,JD - CN,3P Marketplace,SKU-CN-0015,"Lenovo Yoga Pro 9i (16"") - AMD Ryzen 9 7945HX (Laptop)",,Lenovo,"Yoga Pro 9i (16"")",AMD,AMD Ryzen 9,AMD Ryzen 9,7945HX,Zen 4 / Dragon Range,NVIDIA GeForce RTX 4060,Laptop,"16.0""",,32GB LPDDR5X,1TB NVMe SSD,SSD,Windows 11 Home,2397,2109,2397,2109,288,12,USD,,InStock,https://www.jd.com/products/lenovo-yoga-pro-9i-16--amd-ryzen-9,2026-08-28T08:15:27.551208+00:00,2026-08-28
JD - CN,China,CN,JD - CN,3P Marketplace,SKU-CN-0016,ASUS Vivobook S 15 OLED - Snapdragon X Elite X1E-80-100 (Laptop),,ASUS,Vivobook S 15 OLED,Qualcomm,Snapdragon X Elite,Snapdragon X Elite,X1E-80-100,Oryon ARM,Integrated Intel Arc Graphics,Laptop,"14.0""",,16GB DDR5,512GB NVMe SSD,SSD,Windows 11 Home,2444,2444,2444,2444,0,0,USD,,InStock,https://www.jd.com/products/asus-vivobook-s-15-oled-snapdragon-x-elite,2026-08-28T08:15:27.551208+00:00,2026-08-28
JD - CN,China,CN,JD - CN,3P Marketplace,SKU-CN-0017,Acer Predator Helios 16 - Intel Core Ultra 9 185H (Laptop),,Acer,Predator Helios 16,Intel,Intel Core Ultra 9,Intel Core Ultra 9,185H,14th Gen / Meteor Lake,Integrated Intel Arc Graphics,Laptop,"16.0""",,32GB LPDDR5X,512GB NVMe SSD,SSD,Windows 11 Home,2491,2491,2491,2491,0,0,USD,,InStock,https://www.jd.com/products/acer-predator-helios-16-intel-core-ultra-9,2026-08-28T08:15:27.551208+00:00,2026-08-28
JD - CN,China,CN,JD - CN,3P Marketplace,SKU-CN-0018,Samsung Galaxy Book4 Pro - Intel Core i9 14900HX (Desktop PC),,Samsung,Galaxy Book4 Pro,Intel,Intel Core i9,Intel Core i9,14900HX,14th Gen / Raptor Lake-HX,NVIDIA GeForce RTX 4060,Desktop,"27""",,16GB DDR5,1TB NVMe SSD,SSD,Windows 11 Home,2538,2233,2538,2233,305,12,USD,,InStock,https://www.jd.com/products/samsung-galaxy-book4-pro-intel-core-i9,2026-08-28T08:15:27.551208+00:00,2026-08-28
JD - CN,China,CN,JD - CN,3P Marketplace,SKU-CN-0019,MSI Modern 14 - AMD Ryzen 5 7520U (Laptop),,MSI,Modern 14,AMD,AMD Ryzen 5,AMD Ryzen 5,7520U,Zen 2 / Mendocino,Integrated Intel Arc Graphics,Laptop,"16.0""",,32GB LPDDR5X,512GB NVMe SSD,SSD,Windows 11 Home,2585,2585,2585,2585,0,0,USD,,InStock,https://www.jd.com/products/msi-modern-14-amd-ryzen-5,2026-08-28T08:15:27.551208+00:00,2026-08-28
JD - CN,China,CN,JD - CN,3P Marketplace,SKU-CN-0020,"Apple MacBook Pro 14"" M3 - Apple M3 M3 (Laptop)",,Apple,"MacBook Pro 14"" M3",Apple,Apple M3,Apple M3,M3,3nm Apple Silicon,Integrated Intel Arc Graphics,Laptop,"14.0""",,16GB DDR5,512GB NVMe SSD,SSD,Windows 11 Home,2632,2158,2632,2158,474,18,USD,,InStock,https://www.jd.com/products/apple-macbook-pro-14-m3-apple-m3,2026-08-28T08:15:27.551208+00:00,2026-08-28
JD - CN,China,CN,JD - CN,3P Marketplace,SKU-CN-0021,Dell XPS 14 (9440) - Intel Core Ultra 5 125H (Laptop),,Dell,XPS 14 (9440),Intel,Intel Core Ultra 5,Intel Core Ultra 5,125H,14th Gen / Meteor Lake,NVIDIA GeForce RTX 4060,Laptop,"16.0""",,32GB LPDDR5X,1TB NVMe SSD,SSD,Windows 11 Home,2679,2358,2679,2358,321,12,USD,,InStock,https://www.jd.com/products/dell-xps-14-9440--intel-core-ultra-5,2026-08-28T08:15:27.551208+00:00,2026-08-28
JD - CN,China,CN,JD - CN,3P Marketplace,,HP Spectre x360 16 - Intel Core i5 1335U (Laptop),,HP,Spectre x360 16,Intel,Intel Core i5,Intel Core i5,1335U,13th Gen / Raptor Lake,Integrated Intel Arc Graphics,Laptop,"14.0""",,16GB DDR5,512GB NVMe SSD,SSD,Windows 11 Home,2726,2726,2726,2726,0,0,USD,,InStock,https://www.jd.com/products/hp-spectre-x360-16-intel-core-i5,2026-08-28T08:15:27.551208+00:00,2026-08-28
JD - CN,China,CN,JD - CN,3P Marketplace,SKU-CN-0023,Lenovo Yoga 7i 2-in-1 - AMD Ryzen 7 7840HS (Laptop),,Lenovo,Yoga 7i 2-in-1,AMD,AMD Ryzen 7,AMD Ryzen 7,7840HS,Zen 4 / Phoenix,Integrated Intel Arc Graphics,Laptop,"16.0""",,32GB LPDDR5X,512GB NVMe SSD,SSD,Windows 11 Home,2773,2773,2773,2773,0,0,USD,,InStock,https://www.jd.com/products/lenovo-yoga-7i-2-in-1-amd-ryzen-7,2026-08-28T08:15:27.551208+00:00,2026-08-28
JD - CN,China,CN,JD - CN,3P Marketplace,SKU-CN-0024,ASUS ROG Zephyrus G16 - Apple M3 Pro M3 Pro (Desktop PC),,ASUS,ROG Zephyrus G16,Apple,Apple M3 Pro,Apple M3 Pro,M3 Pro,3nm Apple Silicon,NVIDIA GeForce RTX 4060,Desktop,"27""",,16GB DDR5,1TB NVMe SSD,SSD,Windows 11 Home,620,546,620,546,74,12,USD,,InStock,https://www.jd.com/products/asus-rog-zephyrus-g16-apple-m3-pro,2026-08-28T08:15:27.551208+00:00,2026-08-28
JD - CN,China,CN,JD - CN,3P Marketplace,SKU-CN-0025,Acer Nitro 16 - Intel Core Ultra 7 155H (Laptop),,Acer,Nitro 16,Intel,Intel Core Ultra 7,Intel Core Ultra 7,155H,14th Gen / Meteor Lake,Integrated Intel Arc Graphics,Laptop,"16.0""",,32GB LPDDR5X,512GB NVMe SSD,SSD,Windows 11 Home,667,547,667,547,120,18,USD,,InStock,https://www.jd.com/products/acer-nitro-16-intel-core-ultra-7,2026-08-28T08:15:27.551208+00:00,2026-08-28
JD - CN,China,CN,JD - CN,3P Marketplace,SKU-CN-0026,Samsung Galaxy Book4 360 - Intel Core i7 13700H (Laptop),,Samsung,Galaxy Book4 360,Intel,Intel Core i7,Intel Core i7,13700H,13th Gen / Raptor Lake,Integrated Intel Arc Graphics,Laptop,"14.0""",,16GB DDR5,512GB NVMe SSD,SSD,Windows 11 Home,714,714,714,714,0,0,USD,,InStock,https://www.jd.com/products/samsung-galaxy-book4-360-intel-core-i7,2026-08-28T08:15:27.551208+00:00,2026-08-28
JD - CN,China,CN,JD - CN,3P Marketplace,SKU-CN-0027,MSI Raider GE78 HX - Intel Core 7 150U (Laptop),,MSI,Raider GE78 HX,Intel,Intel Core 7,Intel Core 7,150U,14th Gen / Series 1,NVIDIA GeForce RTX 4060,Laptop,"16.0""",,32GB LPDDR5X,1TB NVMe SSD,SSD,Windows 11 Home,761,670,761,670,91,12,USD,,InStock,https://www.jd.com/products/msi-raider-ge78-hx-intel-core-7,2026-08-28T08:15:27.551208+00:00,2026-08-28
JD - CN,China,CN,JD - CN,3P Marketplace,SKU-CN-0028,"Apple MacBook Pro 14"" M3 - AMD Ryzen 9 7945HX (Laptop)",,Apple,"MacBook Pro 14"" M3",AMD,AMD Ryzen 9,AMD Ryzen 9,7945HX,Zen 4 / Dragon Range,Integrated Intel Arc Graphics,Laptop,"14.0""",,16GB DDR5,512GB NVMe SSD,SSD,Windows 11 Home,808,808,808,808,0,0,USD,,InStock,https://www.jd.com/products/apple-macbook-pro-14-m3-amd-ryzen-9,2026-08-28T08:15:27.551208+00:00,2026-08-28
JD - CN,China,CN,JD - CN,3P Marketplace,SKU-CN-0029,Dell XPS 16 (9640) - Snapdragon X Elite X1E-80-100 (Laptop),,Dell,XPS 16 (9640),Qualcomm,Snapdragon X Elite,Snapdragon X Elite,X1E-80-100,Oryon ARM,Integrated Intel Arc Graphics,Laptop,"16.0""",,32GB LPDDR5X,512GB NVMe SSD,SSD,Windows 11 Home,855,855,855,855,0,0,USD,,InStock,https://www.jd.com/products/dell-xps-16-9640--snapdragon-x-elite,2026-08-28T08:15:27.551208+00:00,2026-08-28
JD - CN,China,CN,JD - CN,3P Marketplace,SKU-CN-0030,HP Envy x360 15 - Intel Core Ultra 9 185H (Desktop PC),,HP,Envy x360 15,Intel,Intel Core Ultra 9,Intel Core Ultra 9,185H,14th Gen / Meteor Lake,NVIDIA GeForce RTX 4060,Desktop,"27""",,16GB DDR5,1TB NVMe SSD,SSD,Windows 11 Home,902,794,902,794,108,12,USD,,InStock,https://www.jd.com/products/hp-envy-x360-15-intel-core-ultra-9,2026-08-28T08:15:27.551208+00:00,2026-08-28
JD - CN,China,CN,JD - CN,3P Marketplace,SKU-CN-0031,Lenovo IdeaPad Slim 5 - Intel Core i9 14900HX (Laptop),,Lenovo,IdeaPad Slim 5,Intel,Intel Core i9,Intel Core i9,14900HX,14th Gen / Raptor Lake-HX,Integrated Intel Arc Graphics,Laptop,"16.0""",,32GB LPDDR5X,512GB NVMe SSD,SSD,Windows 11 Home,949,949,949,949,0,0,USD,,InStock,https://www.jd.com/products/lenovo-ideapad-slim-5-intel-core-i9,2026-08-28T08:15:27.551208+00:00,2026-08-28
JD - CN,China,CN,JD - CN,3P Marketplace,SKU-CN-0032,ASUS ROG Strix SCAR 18 - AMD Ryzen 5 7520U (Laptop),,ASUS,ROG Strix SCAR 18,AMD,AMD Ryzen 5,AMD Ryzen 5,7520U,Zen 2 / Mendocino,Integrated Intel Arc Graphics,Laptop,"14.0""",,16GB DDR5,512GB NVMe SSD,SSD,Windows 11 Home,996,996,996,996,0,0,USD,,InStock,https://www.jd.com/products/asus-rog-strix-scar-18-amd-ryzen-5,2026-08-28T08:15:27.551208+00:00,2026-08-28
JD - CN,China,CN,JD - CN,3P Marketplace,,Acer TravelMate P6 - Apple M3 M3 (Laptop),,Acer,TravelMate P6,Apple,Apple M3,Apple M3,M3,3nm Apple Silicon,NVIDIA GeForce RTX 4060,Laptop,"16.0""",,32GB LPDDR5X,1TB NVMe SSD,SSD,Windows 11 Home,1043,918,1043,918,125,12,USD,,InStock,https://www.jd.com/products/acer-travelmate-p6-apple-m3,2026-08-28T08:15:27.551208+00:00,2026-08-28
Tmall - CN,China,CN,Tmall - CN,3P Marketplace,SKU-CN-0001,ASUS Zenbook 14 OLED - Apple M3 M3 (Laptop),,ASUS,Zenbook 14 OLED,Apple,Apple M3,Apple M3,M3,3nm Apple Silicon,Integrated Intel Arc Graphics,Laptop,"16.0""",,32GB LPDDR5X,512GB NVMe SSD,SSD,Windows 11 Home,1828,1828,1828,1828,0,0,USD,,InStock,https://www.tmall.com/products/asus-zenbook-14-oled-apple-m3,2026-08-28T08:15:27.551208+00:00,2026-08-28
Tmall - CN,China,CN,Tmall - CN,3P Marketplace,SKU-CN-0002,Acer Aspire 5 - Intel Core Ultra 5 125H (Laptop),,Acer,Aspire 5,Intel,Intel Core Ultra 5,Intel Core Ultra 5,125H,14th Gen / Meteor Lake,Integrated Intel Arc Graphics,Laptop,"14.0""",,16GB DDR5,512GB NVMe SSD,SSD,Windows 11 Home,1875,1875,1875,1875,0,0,USD,,InStock,https://www.tmall.com/products/acer-aspire-5-intel-core-ultra-5,2026-08-28T08:15:27.551208+00:00,2026-08-28
Tmall - CN,China,CN,Tmall - CN,3P Marketplace,SKU-CN-0003,Samsung Galaxy Book4 Pro - Intel Core i5 1335U (Laptop),,Samsung,Galaxy Book4 Pro,Intel,Intel Core i5,Intel Core i5,1335U,13th Gen / Raptor Lake,NVIDIA GeForce RTX 4060,Laptop,"16.0""",,32GB LPDDR5X,1TB NVMe SSD,SSD,Windows 11 Home,1922,1691,1922,1691,231,12,USD,,InStock,https://www.tmall.com/products/samsung-galaxy-book4-pro-intel-core-i5,2026-08-28T08:15:27.551208+00:00,2026-08-28
Tmall - CN,China,CN,Tmall - CN,3P Marketplace,SKU-CN-0004,MSI Modern 14 - AMD Ryzen 7 7840HS (Laptop),,MSI,Modern 14,AMD,AMD Ryzen 7,AMD Ryzen 7,7840HS,Zen 4 / Phoenix,Integrated Intel Arc Graphics,Laptop,"14.0""",,16GB DDR5,512GB NVMe SSD,SSD,Windows 11 Home,1969,1969,1969,1969,0,0,USD,,InStock,https://www.tmall.com/products/msi-modern-14-amd-ryzen-7,2026-08-28T08:15:27.551208+00:00,2026-08-28
Tmall - CN,China,CN,Tmall - CN,3P Marketplace,SKU-CN-0005,"Apple MacBook Pro 16"" M3 Max - Apple M3 Pro M3 Pro (Laptop)",,Apple,"MacBook Pro 16"" M3 Max",Apple,Apple M3 Pro,Apple M3 Pro,M3 Pro,3nm Apple Silicon,Integrated Intel Arc Graphics,Laptop,"16.0""",,32GB LPDDR5X,512GB NVMe SSD,SSD,Windows 11 Home,2016,1653,2016,1653,363,18,USD,,InStock,https://www.tmall.com/products/apple-macbook-pro-16-m3-max-apple-m3-pro,2026-08-28T08:15:27.551208+00:00,2026-08-28
Tmall - CN,China,CN,Tmall - CN,3P Marketplace,SKU-CN-0006,Dell G15 Gaming (5530) - Intel Core Ultra 7 155H (Desktop PC),,Dell,G15 Gaming (5530),Intel,Intel Core Ultra 7,Intel Core Ultra 7,155H,14th Gen / Meteor Lake,NVIDIA GeForce RTX 4060,Desktop,"27""",,16GB DDR5,1TB NVMe SSD,SSD,Windows 11 Home,2063,1815,2063,1815,248,12,USD,,InStock,https://www.tmall.com/products/dell-g15-gaming-5530--intel-core-ultra-7,2026-08-28T08:15:27.551208+00:00,2026-08-28
Tmall - CN,China,CN,Tmall - CN,3P Marketplace,SKU-CN-0007,HP Spectre x360 14 - Intel Core i7 13700H (Laptop),,HP,Spectre x360 14,Intel,Intel Core i7,Intel Core i7,13700H,13th Gen / Raptor Lake,Integrated Intel Arc Graphics,Laptop,"16.0""",,32GB LPDDR5X,512GB NVMe SSD,SSD,Windows 11 Home,2110,2110,2110,2110,0,0,USD,,InStock,https://www.tmall.com/products/hp-spectre-x360-14-intel-core-i7,2026-08-28T08:15:27.551208+00:00,2026-08-28
Tmall - CN,China,CN,Tmall - CN,3P Marketplace,SKU-CN-0008,"Lenovo Yoga Pro 9i (16"") - Intel Core 7 150U (Laptop)",,Lenovo,"Yoga Pro 9i (16"")",Intel,Intel Core 7,Intel Core 7,150U,14th Gen / Series 1,Integrated Intel Arc Graphics,Laptop,"14.0""",,16GB DDR5,512GB NVMe SSD,SSD,Windows 11 Home,2157,2157,2157,2157,0,0,USD,,InStock,https://www.tmall.com/products/lenovo-yoga-pro-9i-16--intel-core-7,2026-08-28T08:15:27.551208+00:00,2026-08-28
Tmall - CN,China,CN,Tmall - CN,3P Marketplace,SKU-CN-0009,ASUS Vivobook S 15 OLED - AMD Ryzen 9 7945HX (Laptop),,ASUS,Vivobook S 15 OLED,AMD,AMD Ryzen 9,AMD Ryzen 9,7945HX,Zen 4 / Dragon Range,NVIDIA GeForce RTX 4060,Laptop,"16.0""",,32GB LPDDR5X,1TB NVMe SSD,SSD,Windows 11 Home,2204,1940,2204,1940,264,12,USD,,InStock,https://www.tmall.com/products/asus-vivobook-s-15-oled-amd-ryzen-9,2026-08-28T08:15:27.551208+00:00,2026-08-28
Tmall - CN,China,CN,Tmall - CN,3P Marketplace,SKU-CN-0010,Acer Predator Helios 16 - Snapdragon X Elite X1E-80-100 (Laptop),,Acer,Predator Helios 16,Qualcomm,Snapdragon X Elite,Snapdragon X Elite,X1E-80-100,Oryon ARM,Integrated Intel Arc Graphics,Laptop,"14.0""",,16GB DDR5,512GB NVMe SSD,SSD,Windows 11 Home,2251,1846,2251,1846,405,18,USD,,InStock,https://www.tmall.com/products/acer-predator-helios-16-snapdragon-x-elite,2026-08-28T08:15:27.551208+00:00,2026-08-28
Tmall - CN,China,CN,Tmall - CN,3P Marketplace,,Samsung Galaxy Book4 360 - Intel Core Ultra 9 185H (Laptop),,Samsung,Galaxy Book4 360,Intel,Intel Core Ultra 9,Intel Core Ultra 9,185H,14th Gen / Meteor Lake,Integrated Intel Arc Graphics,Laptop,"16.0""",,32GB LPDDR5X,512GB NVMe SSD,SSD,Windows 11 Home,2298,2298,2298,2298,0,0,USD,,InStock,https://www.tmall.com/products/samsung-galaxy-book4-360-intel-core-ultra-9,2026-08-28T08:15:27.551208+00:00,2026-08-28
Tmall - CN,China,CN,Tmall - CN,3P Marketplace,SKU-CN-0012,MSI Raider GE78 HX - Intel Core i9 14900HX (Desktop PC),,MSI,Raider GE78 HX,Intel,Intel Core i9,Intel Core i9,14900HX,14th Gen / Raptor Lake-HX,NVIDIA GeForce RTX 4060,Desktop,"27""",,16GB DDR5,1TB NVMe SSD,SSD,Windows 11 Home,2345,2064,2345,2064,281,12,USD,,InStock,https://www.tmall.com/products/msi-raider-ge78-hx-intel-core-i9,2026-08-28T08:15:27.551208+00:00,2026-08-28
Tmall - CN,China,CN,Tmall - CN,3P Marketplace,SKU-CN-0013,"Apple MacBook Pro 16"" M3 Max - AMD Ryzen 5 7520U (Laptop)",,Apple,"MacBook Pro 16"" M3 Max",AMD,AMD Ryzen 5,AMD Ryzen 5,7520U,Zen 2 / Mendocino,Integrated Intel Arc Graphics,Laptop,"16.0""",,32GB LPDDR5X,512GB NVMe SSD,SSD,Windows 11 Home,2392,2392,2392,2392,0,0,USD,,InStock,https://www.tmall.com/products/apple-macbook-pro-16-m3-max-amd-ryzen-5,2026-08-28T08:15:27.551208+00:00,2026-08-28
Tmall - CN,China,CN,Tmall - CN,3P Marketplace,SKU-CN-0014,Dell XPS 14 (9440) - Apple M3 M3 (Laptop),,Dell,XPS 14 (9440),Apple,Apple M3,Apple M3,M3,3nm Apple Silicon,Integrated Intel Arc Graphics,Laptop,"14.0""",,16GB DDR5,512GB NVMe SSD,SSD,Windows 11 Home,2439,2439,2439,2439,0,0,USD,,InStock,https://www.tmall.com/products/dell-xps-14-9440--apple-m3,2026-08-28T08:15:27.551208+00:00,2026-08-28
Tmall - CN,China,CN,Tmall - CN,3P Marketplace,SKU-CN-0015,HP Spectre x360 16 - Intel Core Ultra 5 125H (Laptop),,HP,Spectre x360 16,Intel,Intel Core Ultra 5,Intel Core Ultra 5,125H,14th Gen / Meteor Lake,NVIDIA GeForce RTX 4060,Laptop,"16.0""",,32GB LPDDR5X,1TB NVMe SSD,SSD,Windows 11 Home,2486,2188,2486,2188,298,12,USD,,InStock,https://www.tmall.com/products/hp-spectre-x360-16-intel-core-ultra-5,2026-08-28T08:15:27.551208+00:00,2026-08-28
Tmall - CN,China,CN,Tmall - CN,3P Marketplace,SKU-CN-0016,Lenovo Yoga 7i 2-in-1 - Intel Core i5 1335U (Laptop),,Lenovo,Yoga 7i 2-in-1,Intel,Intel Core i5,Intel Core i5,1335U,13th Gen / Raptor Lake,Integrated Intel Arc Graphics,Laptop,"14.0""",,16GB DDR5,512GB NVMe SSD,SSD,Windows 11 Home,2533,2533,2533,2533,0,0,USD,,InStock,https://www.tmall.com/products/lenovo-yoga-7i-2-in-1-intel-core-i5,2026-08-28T08:15:27.551208+00:00,2026-08-28
Tmall - CN,China,CN,Tmall - CN,3P Marketplace,SKU-CN-0017,ASUS ROG Zephyrus G16 - AMD Ryzen 7 7840HS (Laptop),,ASUS,ROG Zephyrus G16,AMD,AMD Ryzen 7,AMD Ryzen 7,7840HS,Zen 4 / Phoenix,Integrated Intel Arc Graphics,Laptop,"16.0""",,32GB LPDDR5X,512GB NVMe SSD,SSD,Windows 11 Home,2580,2580,2580,2580,0,0,USD,,InStock,https://www.tmall.com/products/asus-rog-zephyrus-g16-amd-ryzen-7,2026-08-28T08:15:27.551208+00:00,2026-08-28
Tmall - CN,China,CN,Tmall - CN,3P Marketplace,SKU-CN-0018,Acer Nitro 16 - Apple M3 Pro M3 Pro (Desktop PC),,Acer,Nitro 16,Apple,Apple M3 Pro,Apple M3 Pro,M3 Pro,3nm Apple Silicon,NVIDIA GeForce RTX 4060,Desktop,"27""",,16GB DDR5,1TB NVMe SSD,SSD,Windows 11 Home,2627,2312,2627,2312,315,12,USD,,InStock,https://www.tmall.com/products/acer-nitro-16-apple-m3-pro,2026-08-28T08:15:27.551208+00:00,2026-08-28
Tmall - CN,China,CN,Tmall - CN,3P Marketplace,SKU-CN-0019,Samsung Galaxy Book4 Ultra - Intel Core Ultra 7 155H (Laptop),,Samsung,Galaxy Book4 Ultra,Intel,Intel Core Ultra 7,Intel Core Ultra 7,155H,14th Gen / Meteor Lake,Integrated Intel Arc Graphics,Laptop,"16.0""",,32GB LPDDR5X,512GB NVMe SSD,SSD,Windows 11 Home,2674,2674,2674,2674,0,0,USD,,InStock,https://www.tmall.com/products/samsung-galaxy-book4-ultra-intel-core-ultra-7,2026-08-28T08:15:27.551208+00:00,2026-08-28
Tmall - CN,China,CN,Tmall - CN,3P Marketplace,SKU-CN-0020,MSI Prestige 16 AI Evo - Intel Core i7 13700H (Laptop),,MSI,Prestige 16 AI Evo,Intel,Intel Core i7,Intel Core i7,13700H,13th Gen / Raptor Lake,Integrated Intel Arc Graphics,Laptop,"14.0""",,16GB DDR5,512GB NVMe SSD,SSD,Windows 11 Home,2721,2231,2721,2231,490,18,USD,,InStock,https://www.tmall.com/products/msi-prestige-16-ai-evo-intel-core-i7,2026-08-28T08:15:27.551208+00:00,2026-08-28
Tmall - CN,China,CN,Tmall - CN,3P Marketplace,SKU-CN-0021,"Apple MacBook Pro 16"" M3 Max - Intel Core 7 150U (Laptop)",,Apple,"MacBook Pro 16"" M3 Max",Intel,Intel Core 7,Intel Core 7,150U,14th Gen / Series 1,NVIDIA GeForce RTX 4060,Laptop,"16.0""",,32GB LPDDR5X,1TB NVMe SSD,SSD,Windows 11 Home,2768,2436,2768,2436,332,12,USD,,InStock,https://www.tmall.com/products/apple-macbook-pro-16-m3-max-intel-core-7,2026-08-28T08:15:27.551208+00:00,2026-08-28
Tmall - CN,China,CN,Tmall - CN,3P Marketplace,,Dell XPS 16 (9640) - AMD Ryzen 9 7945HX (Laptop),,Dell,XPS 16 (9640),AMD,AMD Ryzen 9,AMD Ryzen 9,7945HX,Zen 4 / Dragon Range,Integrated Intel Arc Graphics,Laptop,"14.0""",,16GB DDR5,512GB NVMe SSD,SSD,Windows 11 Home,615,615,615,615,0,0,USD,,InStock,https://www.tmall.com/products/dell-xps-16-9640--amd-ryzen-9,2026-08-28T08:15:27.551208+00:00,2026-08-28
Tmall - CN,China,CN,Tmall - CN,3P Marketplace,SKU-CN-0023,HP Envy x360 15 - Snapdragon X Elite X1E-80-100 (Laptop),,HP,Envy x360 15,Qualcomm,Snapdragon X Elite,Snapdragon X Elite,X1E-80-100,Oryon ARM,Integrated Intel Arc Graphics,Laptop,"16.0""",,32GB LPDDR5X,512GB NVMe SSD,SSD,Windows 11 Home,662,662,662,662,0,0,USD,,InStock,https://www.tmall.com/products/hp-envy-x360-15-snapdragon-x-elite,2026-08-28T08:15:27.551208+00:00,2026-08-28
Tmall - CN,China,CN,Tmall - CN,3P Marketplace,SKU-CN-0024,Lenovo IdeaPad Slim 5 - Intel Core Ultra 9 185H (Desktop PC),,Lenovo,IdeaPad Slim 5,Intel,Intel Core Ultra 9,Intel Core Ultra 9,185H,14th Gen / Meteor Lake,NVIDIA GeForce RTX 4060,Desktop,"27""",,16GB DDR5,1TB NVMe SSD,SSD,Windows 11 Home,709,624,709,624,85,12,USD,,InStock,https://www.tmall.com/products/lenovo-ideapad-slim-5-intel-core-ultra-9,2026-08-28T08:15:27.551208+00:00,2026-08-28
Coupang - KR,South Korea,KR,Coupang - KR,3P Marketplace,SKU-KR-0001,"Lenovo Yoga Pro 9i (16"") - Intel Core i7 13700H (Laptop)",,Lenovo,"Yoga Pro 9i (16"")",Intel,Intel Core i7,Intel Core i7,13700H,13th Gen / Raptor Lake,Integrated Intel Arc Graphics,Laptop,"16.0""",,32GB LPDDR5X,512GB NVMe SSD,SSD,Windows 11 Home,1917,1917,1917,1917,0,0,USD,,InStock,https://www.coupang.com/products/lenovo-yoga-pro-9i-16--intel-core-i7,2026-08-28T08:15:27.551208+00:00,2026-08-28
Coupang - KR,South Korea,KR,Coupang - KR,3P Marketplace,SKU-KR-0002,ASUS Vivobook S 15 OLED - Intel Core 7 150U (Laptop),,ASUS,Vivobook S 15 OLED,Intel,Intel Core 7,Intel Core 7,150U,14th Gen / Series 1,Integrated Intel Arc Graphics,Laptop,"14.0""",,16GB DDR5,512GB NVMe SSD,SSD,Windows 11 Home,1964,1964,1964,1964,0,0,USD,,InStock,https://www.coupang.com/products/asus-vivobook-s-15-oled-intel-core-7,2026-08-28T08:15:27.551208+00:00,2026-08-28
Coupang - KR,South Korea,KR,Coupang - KR,3P Marketplace,SKU-KR-0003,Acer Predator Helios 16 - AMD Ryzen 9 7945HX (Laptop),,Acer,Predator Helios 16,AMD,AMD Ryzen 9,AMD Ryzen 9,7945HX,Zen 4 / Dragon Range,NVIDIA GeForce RTX 4060,Laptop,"16.0""",,32GB LPDDR5X,1TB NVMe SSD,SSD,Windows 11 Home,2011,1770,2011,1770,241,12,USD,,InStock,https://www.coupang.com/products/acer-predator-helios-16-amd-ryzen-9,2026-08-28T08:15:27.551208+00:00,2026-08-28
Coupang - KR,South Korea,KR,Coupang - KR,3P Marketplace,SKU-KR-0004,Samsung Galaxy Book4 Ultra - Snapdragon X Elite X1E-80-100 (Laptop),,Samsung,Galaxy Book4 Ultra,Qualcomm,Snapdragon X Elite,Snapdragon X Elite,X1E-80-100,Oryon ARM,Integrated Intel Arc Graphics,Laptop,"14.0""",,16GB DDR5,512GB NVMe SSD,SSD,Windows 11 Home,2058,2058,2058,2058,0,0,USD,,InStock,https://www.coupang.com/products/samsung-galaxy-book4-ultra-snapdragon-x-elite,2026-08-28T08:15:27.551208+00:00,2026-08-28
Coupang - KR,South Korea,KR,Coupang - KR,3P Marketplace,SKU-KR-0005,MSI Prestige 16 AI Evo - Intel Core Ultra 9 185H (Laptop),,MSI,Prestige 16 AI Evo,Intel,Intel Core Ultra 9,Intel Core Ultra 9,185H,14th Gen / Meteor Lake,Integrated Intel Arc Graphics,Laptop,"16.0""",,32GB LPDDR5X,512GB NVMe SSD,SSD,Windows 11 Home,2105,1726,2105,1726,379,18,USD,,InStock,https://www.coupang.com/products/msi-prestige-16-ai-evo-intel-core-ultra-9,2026-08-28T08:15:27.551208+00:00,2026-08-28
Coupang - KR,South Korea,KR,Coupang - KR,3P Marketplace,SKU-KR-0006,"Apple MacBook Air 13"" M3 - Intel Core i9 14900HX (Desktop PC)",,Apple,"MacBook Air 13"" M3",Intel,Intel Core i9,Intel Core i9,14900HX,14th Gen / Raptor Lake-HX,NVIDIA GeForce RTX 4060,Desktop,"27""",,16GB DDR5,1TB NVMe SSD,SSD,Windows 11 Home,2152,1894,2152,1894,258,12,USD,,InStock,https://www.coupang.com/products/apple-macbook-air-13-m3-intel-core-i9,2026-08-28T08:15:27.551208+00:00,2026-08-28
Coupang - KR,South Korea,KR,Coupang - KR,3P Marketplace,SKU-KR-0007,Dell XPS 14 (9440) - AMD Ryzen 5 7520U (Laptop),,Dell,XPS 14 (9440),AMD,AMD Ryzen 5,AMD Ryzen 5,7520U,Zen 2 / Mendocino,Integrated Intel Arc Graphics,Laptop,"16.0""",,32GB LPDDR5X,512GB NVMe SSD,SSD,Windows 11 Home,2199,2199,2199,2199,0,0,USD,,InStock,https://www.coupang.com/products/dell-xps-14-9440--amd-ryzen-5,2026-08-28T08:15:27.551208+00:00,2026-08-28
Coupang - KR,South Korea,KR,Coupang - KR,3P Marketplace,SKU-KR-0008,HP Spectre x360 16 - Apple M3 M3 (Laptop),,HP,Spectre x360 16,Apple,Apple M3,Apple M3,M3,3nm Apple Silicon,Integrated Intel Arc Graphics,Laptop,"14.0""",,16GB DDR5,512GB NVMe SSD,SSD,Windows 11 Home,2246,2246,2246,2246,0,0,USD,,InStock,https://www.coupang.com/products/hp-spectre-x360-16-apple-m3,2026-08-28T08:15:27.551208+00:00,2026-08-28
Coupang - KR,South Korea,KR,Coupang - KR,3P Marketplace,SKU-KR-0009,Lenovo Yoga 7i 2-in-1 - Intel Core Ultra 5 125H (Laptop),,Lenovo,Yoga 7i 2-in-1,Intel,Intel Core Ultra 5,Intel Core Ultra 5,125H,14th Gen / Meteor Lake,NVIDIA GeForce RTX 4060,Laptop,"16.0""",,32GB LPDDR5X,1TB NVMe SSD,SSD,Windows 11 Home,2293,2018,2293,2018,275,12,USD,,InStock,https://www.coupang.com/products/lenovo-yoga-7i-2-in-1-intel-core-ultra-5,2026-08-28T08:15:27.551208+00:00,2026-08-28
Coupang - KR,South Korea,KR,Coupang - KR,3P Marketplace,SKU-KR-0010,ASUS ROG Zephyrus G16 - Intel Core i5 1335U (Laptop),,ASUS,ROG Zephyrus G16,Intel,Intel Core i5,Intel Core i5,1335U,13th Gen / Raptor Lake,Integrated Intel Arc Graphics,Laptop,"14.0""",,16GB DDR5,512GB NVMe SSD,SSD,Windows 11 Home,2340,1919,2340,1919,421,18,USD,,InStock,https://www.coupang.com/products/asus-rog-zephyrus-g16-intel-core-i5,2026-08-28T08:15:27.551208+00:00,2026-08-28
Coupang - KR,South Korea,KR,Coupang - KR,3P Marketplace,,Acer Nitro 16 - AMD Ryzen 7 7840HS (Laptop),,Acer,Nitro 16,AMD,AMD Ryzen 7,AMD Ryzen 7,7840HS,Zen 4 / Phoenix,Integrated Intel Arc Graphics,Laptop,"16.0""",,32GB LPDDR5X,512GB NVMe SSD,SSD,Windows 11 Home,2387,2387,2387,2387,0,0,USD,,InStock,https://www.coupang.com/products/acer-nitro-16-amd-ryzen-7,2026-08-28T08:15:27.551208+00:00,2026-08-28
Coupang - KR,South Korea,KR,Coupang - KR,3P Marketplace,SKU-KR-0012,Samsung Galaxy Book4 Pro - Apple M3 Pro M3 Pro (Desktop PC),,Samsung,Galaxy Book4 Pro,Apple,Apple M3 Pro,Apple M3 Pro,M3 Pro,3nm Apple Silicon,NVIDIA GeForce RTX 4060,Desktop,"27""",,16GB DDR5,1TB NVMe SSD,SSD,Windows 11 Home,2434,2142,2434,2142,292,12,USD,,InStock,https://www.coupang.com/products/samsung-galaxy-book4-pro-apple-m3-pro,2026-08-28T08:15:27.551208+00:00,2026-08-28
Coupang - KR,South Korea,KR,Coupang - KR,3P Marketplace,SKU-KR-0013,MSI Cyborg 15 - Intel Core Ultra 7 155H (Laptop),,MSI,Cyborg 15,Intel,Intel Core Ultra 7,Intel Core Ultra 7,155H,14th Gen / Meteor Lake,Integrated Intel Arc Graphics,Laptop,"16.0""",,32GB LPDDR5X,512GB NVMe SSD,SSD,Windows 11 Home,2481,2481,2481,2481,0,0,USD,,InStock,https://www.coupang.com/products/msi-cyborg-15-intel-core-ultra-7,2026-08-28T08:15:27.551208+00:00,2026-08-28
Coupang - KR,South Korea,KR,Coupang - KR,3P Marketplace,SKU-KR-0014,"Apple MacBook Air 13"" M3 - Intel Core i7 13700H (Laptop)",,Apple,"MacBook Air 13"" M3",Intel,Intel Core i7,Intel Core i7,13700H,13th Gen / Raptor Lake,Integrated Intel Arc Graphics,Laptop,"14.0""",,16GB DDR5,512GB NVMe SSD,SSD,Windows 11 Home,2528,2528,2528,2528,0,0,USD,,InStock,https://www.coupang.com/products/apple-macbook-air-13-m3-intel-core-i7,2026-08-28T08:15:27.551208+00:00,2026-08-28
Coupang - KR,South Korea,KR,Coupang - KR,3P Marketplace,SKU-KR-0015,Dell XPS 16 (9640) - Intel Core 7 150U (Laptop),,Dell,XPS 16 (9640),Intel,Intel Core 7,Intel Core 7,150U,14th Gen / Series 1,NVIDIA GeForce RTX 4060,Laptop,"16.0""",,32GB LPDDR5X,1TB NVMe SSD,SSD,Windows 11 Home,2575,2266,2575,2266,309,12,USD,,InStock,https://www.coupang.com/products/dell-xps-16-9640--intel-core-7,2026-08-28T08:15:27.551208+00:00,2026-08-28
Coupang - KR,South Korea,KR,Coupang - KR,3P Marketplace,SKU-KR-0016,HP Envy x360 15 - AMD Ryzen 9 7945HX (Laptop),,HP,Envy x360 15,AMD,AMD Ryzen 9,AMD Ryzen 9,7945HX,Zen 4 / Dragon Range,Integrated Intel Arc Graphics,Laptop,"14.0""",,16GB DDR5,512GB NVMe SSD,SSD,Windows 11 Home,2622,2622,2622,2622,0,0,USD,,InStock,https://www.coupang.com/products/hp-envy-x360-15-amd-ryzen-9,2026-08-28T08:15:27.551208+00:00,2026-08-28
Coupang - KR,South Korea,KR,Coupang - KR,3P Marketplace,SKU-KR-0017,Lenovo IdeaPad Slim 5 - Snapdragon X Elite X1E-80-100 (Laptop),,Lenovo,IdeaPad Slim 5,Qualcomm,Snapdragon X Elite,Snapdragon X Elite,X1E-80-100,Oryon ARM,Integrated Intel Arc Graphics,Laptop,"16.0""",,32GB LPDDR5X,512GB NVMe SSD,SSD,Windows 11 Home,2669,2669,2669,2669,0,0,USD,,InStock,https://www.coupang.com/products/lenovo-ideapad-slim-5-snapdragon-x-elite,2026-08-28T08:15:27.551208+00:00,2026-08-28
Coupang - KR,South Korea,KR,Coupang - KR,3P Marketplace,SKU-KR-0018,ASUS ROG Strix SCAR 18 - Intel Core Ultra 9 185H (Desktop PC),,ASUS,ROG Strix SCAR 18,Intel,Intel Core Ultra 9,Intel Core Ultra 9,185H,14th Gen / Meteor Lake,NVIDIA GeForce RTX 4060,Desktop,"27""",,16GB DDR5,1TB NVMe SSD,SSD,Windows 11 Home,2716,2390,2716,2390,326,12,USD,,InStock,https://www.coupang.com/products/asus-rog-strix-scar-18-intel-core-ultra-9,2026-08-28T08:15:27.551208+00:00,2026-08-28
Coupang - KR,South Korea,KR,Coupang - KR,3P Marketplace,SKU-KR-0019,Acer TravelMate P6 - Intel Core i9 14900HX (Laptop),,Acer,TravelMate P6,Intel,Intel Core i9,Intel Core i9,14900HX,14th Gen / Raptor Lake-HX,Integrated Intel Arc Graphics,Laptop,"16.0""",,32GB LPDDR5X,512GB NVMe SSD,SSD,Windows 11 Home,2763,2763,2763,2763,0,0,USD,,InStock,https://www.coupang.com/products/acer-travelmate-p6-intel-core-i9,2026-08-28T08:15:27.551208+00:00,2026-08-28
Coupang - KR,South Korea,KR,Coupang - KR,3P Marketplace,SKU-KR-0020,Samsung Galaxy Book4 360 - AMD Ryzen 5 7520U (Laptop),,Samsung,Galaxy Book4 360,AMD,AMD Ryzen 5,AMD Ryzen 5,7520U,Zen 2 / Mendocino,Integrated Intel Arc Graphics,Laptop,"14.0""",,16GB DDR5,512GB NVMe SSD,SSD,Windows 11 Home,610,500,610,500,110,18,USD,,InStock,https://www.coupang.com/products/samsung-galaxy-book4-360-amd-ryzen-5,2026-08-28T08:15:27.551208+00:00,2026-08-28
Coupang - KR,South Korea,KR,Coupang - KR,3P Marketplace,SKU-KR-0021,MSI Stealth 16 AI Studio - Apple M3 M3 (Laptop),,MSI,Stealth 16 AI Studio,Apple,Apple M3,Apple M3,M3,3nm Apple Silicon,NVIDIA GeForce RTX 4060,Laptop,"16.0""",,32GB LPDDR5X,1TB NVMe SSD,SSD,Windows 11 Home,657,578,657,578,79,12,USD,,InStock,https://www.coupang.com/products/msi-stealth-16-ai-studio-apple-m3,2026-08-28T08:15:27.551208+00:00,2026-08-28
Coupang - KR,South Korea,KR,Coupang - KR,3P Marketplace,,"Apple MacBook Air 13"" M3 - Intel Core Ultra 5 125H (Laptop)",,Apple,"MacBook Air 13"" M3",Intel,Intel Core Ultra 5,Intel Core Ultra 5,125H,14th Gen / Meteor Lake,Integrated Intel Arc Graphics,Laptop,"14.0""",,16GB DDR5,512GB NVMe SSD,SSD,Windows 11 Home,704,704,704,704,0,0,USD,,InStock,https://www.coupang.com/products/apple-macbook-air-13-m3-intel-core-ultra-5,2026-08-28T08:15:27.551208+00:00,2026-08-28
Coupang - KR,South Korea,KR,Coupang - KR,3P Marketplace,SKU-KR-0023,Dell Inspiron 15 (3520) - Intel Core i5 1335U (Laptop),,Dell,Inspiron 15 (3520),Intel,Intel Core i5,Intel Core i5,1335U,13th Gen / Raptor Lake,Integrated Intel Arc Graphics,Laptop,"16.0""",,32GB LPDDR5X,512GB NVMe SSD,SSD,Windows 11 Home,751,751,751,751,0,0,USD,,InStock,https://www.coupang.com/products/dell-inspiron-15-3520--intel-core-i5,2026-08-28T08:15:27.551208+00:00,2026-08-28
Coupang - KR,South Korea,KR,Coupang - KR,3P Marketplace,SKU-KR-0024,HP Pavilion Plus 14 - AMD Ryzen 7 7840HS (Desktop PC),,HP,Pavilion Plus 14,AMD,AMD Ryzen 7,AMD Ryzen 7,7840HS,Zen 4 / Phoenix,NVIDIA GeForce RTX 4060,Desktop,"27""",,16GB DDR5,1TB NVMe SSD,SSD,Windows 11 Home,798,702,798,702,96,12,USD,,InStock,https://www.coupang.com/products/hp-pavilion-plus-14-amd-ryzen-7,2026-08-28T08:15:27.551208+00:00,2026-08-28
Coupang - KR,South Korea,KR,Coupang - KR,3P Marketplace,SKU-KR-0025,Lenovo Legion Pro 7i - Apple M3 Pro M3 Pro (Laptop),,Lenovo,Legion Pro 7i,Apple,Apple M3 Pro,Apple M3 Pro,M3 Pro,3nm Apple Silicon,Integrated Intel Arc Graphics,Laptop,"16.0""",,32GB LPDDR5X,512GB NVMe SSD,SSD,Windows 11 Home,845,693,845,693,152,18,USD,,InStock,https://www.coupang.com/products/lenovo-legion-pro-7i-apple-m3-pro,2026-08-28T08:15:27.551208+00:00,2026-08-28
Coupang - KR,South Korea,KR,Coupang - KR,3P Marketplace,SKU-KR-0026,ASUS TUF Gaming A15 - Intel Core Ultra 7 155H (Laptop),,ASUS,TUF Gaming A15,Intel,Intel Core Ultra 7,Intel Core Ultra 7,155H,14th Gen / Meteor Lake,Integrated Intel Arc Graphics,Laptop,"14.0""",,16GB DDR5,512GB NVMe SSD,SSD,Windows 11 Home,892,892,892,892,0,0,USD,,InStock,https://www.coupang.com/products/asus-tuf-gaming-a15-intel-core-ultra-7,2026-08-28T08:15:27.551208+00:00,2026-08-28
Coupang - KR,South Korea,KR,Coupang - KR,3P Marketplace,SKU-KR-0027,Acer Spin 5 - Intel Core i7 13700H (Laptop),,Acer,Spin 5,Intel,Intel Core i7,Intel Core i7,13700H,13th Gen / Raptor Lake,NVIDIA GeForce RTX 4060,Laptop,"16.0""",,32GB LPDDR5X,1TB NVMe SSD,SSD,Windows 11 Home,939,826,939,826,113,12,USD,,InStock,https://www.coupang.com/products/acer-spin-5-intel-core-i7,2026-08-28T08:15:27.551208+00:00,2026-08-28
Coupang - KR,South Korea,KR,Coupang - KR,3P Marketplace,SKU-KR-0028,Samsung Galaxy Book4 Ultra - Intel Core 7 150U (Laptop),,Samsung,Galaxy Book4 Ultra,Intel,Intel Core 7,Intel Core 7,150U,14th Gen / Series 1,Integrated Intel Arc Graphics,Laptop,"14.0""",,16GB DDR5,512GB NVMe SSD,SSD,Windows 11 Home,986,986,986,986,0,0,USD,,InStock,https://www.coupang.com/products/samsung-galaxy-book4-ultra-intel-core-7,2026-08-28T08:15:27.551208+00:00,2026-08-28
Coupang - KR,South Korea,KR,Coupang - KR,3P Marketplace,SKU-KR-0029,MSI Modern 14 - AMD Ryzen 9 7945HX (Laptop),,MSI,Modern 14,AMD,AMD Ryzen 9,AMD Ryzen 9,7945HX,Zen 4 / Dragon Range,Integrated Intel Arc Graphics,Laptop,"16.0""",,32GB LPDDR5X,512GB NVMe SSD,SSD,Windows 11 Home,1033,1033,1033,1033,0,0,USD,,InStock,https://www.coupang.com/products/msi-modern-14-amd-ryzen-9,2026-08-28T08:15:27.551208+00:00,2026-08-28
Coupang - KR,South Korea,KR,Coupang - KR,3P Marketplace,SKU-KR-0030,"Apple MacBook Air 13"" M3 - Snapdragon X Elite X1E-80-100 (Desktop PC)",,Apple,"MacBook Air 13"" M3",Qualcomm,Snapdragon X Elite,Snapdragon X Elite,X1E-80-100,Oryon ARM,NVIDIA GeForce RTX 4060,Desktop,"27""",,16GB DDR5,1TB NVMe SSD,SSD,Windows 11 Home,1080,950,1080,950,130,12,USD,,InStock,https://www.coupang.com/products/apple-macbook-air-13-m3-snapdragon-x-elite,2026-08-28T08:15:27.551208+00:00,2026-08-28
Gmarket - KR,South Korea,KR,Gmarket - KR,3P Marketplace,SKU-KR-0001,HP Spectre x360 16 - AMD Ryzen 5 7520U (Laptop),,HP,Spectre x360 16,AMD,AMD Ryzen 5,AMD Ryzen 5,7520U,Zen 2 / Mendocino,Integrated Intel Arc Graphics,Laptop,"16.0""",,32GB LPDDR5X,512GB NVMe SSD,SSD,Windows 11 Home,2006,2006,2006,2006,0,0,USD,,InStock,https://www.gmarket.co.kr/products/hp-spectre-x360-16-amd-ryzen-5,2026-08-28T08:15:27.551208+00:00,2026-08-28
Gmarket - KR,South Korea,KR,Gmarket - KR,3P Marketplace,SKU-KR-0002,Lenovo Yoga 7i 2-in-1 - Apple M3 M3 (Laptop),,Lenovo,Yoga 7i 2-in-1,Apple,Apple M3,Apple M3,M3,3nm Apple Silicon,Integrated Intel Arc Graphics,Laptop,"14.0""",,16GB DDR5,512GB NVMe SSD,SSD,Windows 11 Home,2053,2053,2053,2053,0,0,USD,,InStock,https://www.gmarket.co.kr/products/lenovo-yoga-7i-2-in-1-apple-m3,2026-08-28T08:15:27.551208+00:00,2026-08-28
Gmarket - KR,South Korea,KR,Gmarket - KR,3P Marketplace,SKU-KR-0003,ASUS ROG Zephyrus G16 - Intel Core Ultra 5 125H (Laptop),,ASUS,ROG Zephyrus G16,Intel,Intel Core Ultra 5,Intel Core Ultra 5,125H,14th Gen / Meteor Lake,NVIDIA GeForce RTX 4060,Laptop,"16.0""",,32GB LPDDR5X,1TB NVMe SSD,SSD,Windows 11 Home,2100,1848,2100,1848,252,12,USD,,InStock,https://www.gmarket.co.kr/products/asus-rog-zephyrus-g16-intel-core-ultra-5,2026-08-28T08:15:27.551208+00:00,2026-08-28
Gmarket - KR,South Korea,KR,Gmarket - KR,3P Marketplace,SKU-KR-0004,Acer Nitro 16 - Intel Core i5 1335U (Laptop),,Acer,Nitro 16,Intel,Intel Core i5,Intel Core i5,1335U,13th Gen / Raptor Lake,Integrated Intel Arc Graphics,Laptop,"14.0""",,16GB DDR5,512GB NVMe SSD,SSD,Windows 11 Home,2147,2147,2147,2147,0,0,USD,,InStock,https://www.gmarket.co.kr/products/acer-nitro-16-intel-core-i5,2026-08-28T08:15:27.551208+00:00,2026-08-28
Gmarket - KR,South Korea,KR,Gmarket - KR,3P Marketplace,SKU-KR-0005,Samsung Galaxy Book4 360 - AMD Ryzen 7 7840HS (Laptop),,Samsung,Galaxy Book4 360,AMD,AMD Ryzen 7,AMD Ryzen 7,7840HS,Zen 4 / Phoenix,Integrated Intel Arc Graphics,Laptop,"16.0""",,32GB LPDDR5X,512GB NVMe SSD,SSD,Windows 11 Home,2194,1799,2194,1799,395,18,USD,,InStock,https://www.gmarket.co.kr/products/samsung-galaxy-book4-360-amd-ryzen-7,2026-08-28T08:15:27.551208+00:00,2026-08-28
Gmarket - KR,South Korea,KR,Gmarket - KR,3P Marketplace,SKU-KR-0006,MSI Stealth 16 AI Studio - Apple M3 Pro M3 Pro (Desktop PC),,MSI,Stealth 16 AI Studio,Apple,Apple M3 Pro,Apple M3 Pro,M3 Pro,3nm Apple Silicon,NVIDIA GeForce RTX 4060,Desktop,"27""",,16GB DDR5,1TB NVMe SSD,SSD,Windows 11 Home,2241,1972,2241,1972,269,12,USD,,InStock,https://www.gmarket.co.kr/products/msi-stealth-16-ai-studio-apple-m3-pro,2026-08-28T08:15:27.551208+00:00,2026-08-28
Gmarket - KR,South Korea,KR,Gmarket - KR,3P Marketplace,SKU-KR-0007,"Apple MacBook Air 15"" M3 - Intel Core Ultra 7 155H (Laptop)",,Apple,"MacBook Air 15"" M3",Intel,Intel Core Ultra 7,Intel Core Ultra 7,155H,14th Gen / Meteor Lake,Integrated Intel Arc Graphics,Laptop,"16.0""",,32GB LPDDR5X,512GB NVMe SSD,SSD,Windows 11 Home,2288,2288,2288,2288,0,0,USD,,InStock,https://www.gmarket.co.kr/products/apple-macbook-air-15-m3-intel-core-ultra-7,2026-08-28T08:15:27.551208+00:00,2026-08-28
Gmarket - KR,South Korea,KR,Gmarket - KR,3P Marketplace,SKU-KR-0008,Dell XPS 16 (9640) - Intel Core i7 13700H (Laptop),,Dell,XPS 16 (9640),Intel,Intel Core i7,Intel Core i7,13700H,13th Gen / Raptor Lake,Integrated Intel Arc Graphics,Laptop,"14.0""",,16GB DDR5,512GB NVMe SSD,SSD,Windows 11 Home,2335,2335,2335,2335,0,0,USD,,InStock,https://www.gmarket.co.kr/products/dell-xps-16-9640--intel-core-i7,2026-08-28T08:15:27.551208+00:00,2026-08-28
Gmarket - KR,South Korea,KR,Gmarket - KR,3P Marketplace,SKU-KR-0009,HP Envy x360 15 - Intel Core 7 150U (Laptop),,HP,Envy x360 15,Intel,Intel Core 7,Intel Core 7,150U,14th Gen / Series 1,NVIDIA GeForce RTX 4060,Laptop,"16.0""",,32GB LPDDR5X,1TB NVMe SSD,SSD,Windows 11 Home,2382,2096,2382,2096,286,12,USD,,InStock,https://www.gmarket.co.kr/products/hp-envy-x360-15-intel-core-7,2026-08-28T08:15:27.551208+00:00,2026-08-28
Gmarket - KR,South Korea,KR,Gmarket - KR,3P Marketplace,SKU-KR-0010,Lenovo IdeaPad Slim 5 - AMD Ryzen 9 7945HX (Laptop),,Lenovo,IdeaPad Slim 5,AMD,AMD Ryzen 9,AMD Ryzen 9,7945HX,Zen 4 / Dragon Range,Integrated Intel Arc Graphics,Laptop,"14.0""",,16GB DDR5,512GB NVMe SSD,SSD,Windows 11 Home,2429,1992,2429,1992,437,18,USD,,InStock,https://www.gmarket.co.kr/products/lenovo-ideapad-slim-5-amd-ryzen-9,2026-08-28T08:15:27.551208+00:00,2026-08-28
Gmarket - KR,South Korea,KR,Gmarket - KR,3P Marketplace,,ASUS ROG Strix SCAR 18 - Snapdragon X Elite X1E-80-100 (Laptop),,ASUS,ROG Strix SCAR 18,Qualcomm,Snapdragon X Elite,Snapdragon X Elite,X1E-80-100,Oryon ARM,Integrated Intel Arc Graphics,Laptop,"16.0""",,32GB LPDDR5X,512GB NVMe SSD,SSD,Windows 11 Home,2476,2476,2476,2476,0,0,USD,,InStock,https://www.gmarket.co.kr/products/asus-rog-strix-scar-18-snapdragon-x-elite,2026-08-28T08:15:27.551208+00:00,2026-08-28
Gmarket - KR,South Korea,KR,Gmarket - KR,3P Marketplace,SKU-KR-0012,Acer TravelMate P6 - Intel Core Ultra 9 185H (Desktop PC),,Acer,TravelMate P6,Intel,Intel Core Ultra 9,Intel Core Ultra 9,185H,14th Gen / Meteor Lake,NVIDIA GeForce RTX 4060,Desktop,"27""",,16GB DDR5,1TB NVMe SSD,SSD,Windows 11 Home,2523,2220,2523,2220,303,12,USD,,InStock,https://www.gmarket.co.kr/products/acer-travelmate-p6-intel-core-ultra-9,2026-08-28T08:15:27.551208+00:00,2026-08-28
Gmarket - KR,South Korea,KR,Gmarket - KR,3P Marketplace,SKU-KR-0013,Samsung Galaxy Book4 Ultra - Intel Core i9 14900HX (Laptop),,Samsung,Galaxy Book4 Ultra,Intel,Intel Core i9,Intel Core i9,14900HX,14th Gen / Raptor Lake-HX,Integrated Intel Arc Graphics,Laptop,"16.0""",,32GB LPDDR5X,512GB NVMe SSD,SSD,Windows 11 Home,2570,2570,2570,2570,0,0,USD,,InStock,https://www.gmarket.co.kr/products/samsung-galaxy-book4-ultra-intel-core-i9,2026-08-28T08:15:27.551208+00:00,2026-08-28
Gmarket - KR,South Korea,KR,Gmarket - KR,3P Marketplace,SKU-KR-0014,MSI Modern 14 - AMD Ryzen 5 7520U (Laptop),,MSI,Modern 14,AMD,AMD Ryzen 5,AMD Ryzen 5,7520U,Zen 2 / Mendocino,Integrated Intel Arc Graphics,Laptop,"14.0""",,16GB DDR5,512GB NVMe SSD,SSD,Windows 11 Home,2617,2617,2617,2617,0,0,USD,,InStock,https://www.gmarket.co.kr/products/msi-modern-14-amd-ryzen-5,2026-08-28T08:15:27.551208+00:00,2026-08-28
Gmarket - KR,South Korea,KR,Gmarket - KR,3P Marketplace,SKU-KR-0015,"Apple MacBook Air 15"" M3 - Apple M3 M3 (Laptop)",,Apple,"MacBook Air 15"" M3",Apple,Apple M3,Apple M3,M3,3nm Apple Silicon,NVIDIA GeForce RTX 4060,Laptop,"16.0""",,32GB LPDDR5X,1TB NVMe SSD,SSD,Windows 11 Home,2664,2344,2664,2344,320,12,USD,,InStock,https://www.gmarket.co.kr/products/apple-macbook-air-15-m3-apple-m3,2026-08-28T08:15:27.551208+00:00,2026-08-28
Gmarket - KR,South Korea,KR,Gmarket - KR,3P Marketplace,SKU-KR-0016,Dell Inspiron 15 (3520) - Intel Core Ultra 5 125H (Laptop),,Dell,Inspiron 15 (3520),Intel,Intel Core Ultra 5,Intel Core Ultra 5,125H,14th Gen / Meteor Lake,Integrated Intel Arc Graphics,Laptop,"14.0""",,16GB DDR5,512GB NVMe SSD,SSD,Windows 11 Home,2711,2711,2711,2711,0,0,USD,,InStock,https://www.gmarket.co.kr/products/dell-inspiron-15-3520--intel-core-ultra-5,2026-08-28T08:15:27.551208+00:00,2026-08-28
Gmarket - KR,South Korea,KR,Gmarket - KR,3P Marketplace,SKU-KR-0017,HP Pavilion Plus 14 - Intel Core i5 1335U (Laptop),,HP,Pavilion Plus 14,Intel,Intel Core i5,Intel Core i5,1335U,13th Gen / Raptor Lake,Integrated Intel Arc Graphics,Laptop,"16.0""",,32GB LPDDR5X,512GB NVMe SSD,SSD,Windows 11 Home,2758,2758,2758,2758,0,0,USD,,InStock,https://www.gmarket.co.kr/products/hp-pavilion-plus-14-intel-core-i5,2026-08-28T08:15:27.551208+00:00,2026-08-28
Gmarket - KR,South Korea,KR,Gmarket - KR,3P Marketplace,SKU-KR-0018,Lenovo Legion Pro 7i - AMD Ryzen 7 7840HS (Desktop PC),,Lenovo,Legion Pro 7i,AMD,AMD Ryzen 7,AMD Ryzen 7,7840HS,Zen 4 / Phoenix,NVIDIA GeForce RTX 4060,Desktop,"27""",,16GB DDR5,1TB NVMe SSD,SSD,Windows 11 Home,605,532,605,532,73,12,USD,,InStock,https://www.gmarket.co.kr/products/lenovo-legion-pro-7i-amd-ryzen-7,2026-08-28T08:15:27.551208+00:00,2026-08-28
Gmarket - KR,South Korea,KR,Gmarket - KR,3P Marketplace,SKU-KR-0019,ASUS TUF Gaming A15 - Apple M3 Pro M3 Pro (Laptop),,ASUS,TUF Gaming A15,Apple,Apple M3 Pro,Apple M3 Pro,M3 Pro,3nm Apple Silicon,Integrated Intel Arc Graphics,Laptop,"16.0""",,32GB LPDDR5X,512GB NVMe SSD,SSD,Windows 11 Home,652,652,652,652,0,0,USD,,InStock,https://www.gmarket.co.kr/products/asus-tuf-gaming-a15-apple-m3-pro,2026-08-28T08:15:27.551208+00:00,2026-08-28
Gmarket - KR,South Korea,KR,Gmarket - KR,3P Marketplace,SKU-KR-0020,Acer Spin 5 - Intel Core Ultra 7 155H (Laptop),,Acer,Spin 5,Intel,Intel Core Ultra 7,Intel Core Ultra 7,155H,14th Gen / Meteor Lake,Integrated Intel Arc Graphics,Laptop,"14.0""",,16GB DDR5,512GB NVMe SSD,SSD,Windows 11 Home,699,573,699,573,126,18,USD,,InStock,https://www.gmarket.co.kr/products/acer-spin-5-intel-core-ultra-7,2026-08-28T08:15:27.551208+00:00,2026-08-28
Gmarket - KR,South Korea,KR,Gmarket - KR,3P Marketplace,SKU-KR-0021,Samsung Galaxy Book4 Pro - Intel Core i7 13700H (Laptop),,Samsung,Galaxy Book4 Pro,Intel,Intel Core i7,Intel Core i7,13700H,13th Gen / Raptor Lake,NVIDIA GeForce RTX 4060,Laptop,"16.0""",,32GB LPDDR5X,1TB NVMe SSD,SSD,Windows 11 Home,746,656,746,656,90,12,USD,,InStock,https://www.gmarket.co.kr/products/samsung-galaxy-book4-pro-intel-core-i7,2026-08-28T08:15:27.551208+00:00,2026-08-28
Gmarket - KR,South Korea,KR,Gmarket - KR,3P Marketplace,,MSI Raider GE78 HX - Intel Core 7 150U (Laptop),,MSI,Raider GE78 HX,Intel,Intel Core 7,Intel Core 7,150U,14th Gen / Series 1,Integrated Intel Arc Graphics,Laptop,"14.0""",,16GB DDR5,512GB NVMe SSD,SSD,Windows 11 Home,793,793,793,793,0,0,USD,,InStock,https://www.gmarket.co.kr/products/msi-raider-ge78-hx-intel-core-7,2026-08-28T08:15:27.551208+00:00,2026-08-28
Gmarket - KR,South Korea,KR,Gmarket - KR,3P Marketplace,SKU-KR-0023,"Apple MacBook Air 15"" M3 - AMD Ryzen 9 7945HX (Laptop)",,Apple,"MacBook Air 15"" M3",AMD,AMD Ryzen 9,AMD Ryzen 9,7945HX,Zen 4 / Dragon Range,Integrated Intel Arc Graphics,Laptop,"16.0""",,32GB LPDDR5X,512GB NVMe SSD,SSD,Windows 11 Home,840,840,840,840,0,0,USD,,InStock,https://www.gmarket.co.kr/products/apple-macbook-air-15-m3-amd-ryzen-9,2026-08-28T08:15:27.551208+00:00,2026-08-28
Gmarket - KR,South Korea,KR,Gmarket - KR,3P Marketplace,SKU-KR-0024,Dell Inspiron 16 Plus (7640) - Snapdragon X Elite X1E-80-100 (Desktop PC),,Dell,Inspiron 16 Plus (7640),Qualcomm,Snapdragon X Elite,Snapdragon X Elite,X1E-80-100,Oryon ARM,NVIDIA GeForce RTX 4060,Desktop,"27""",,16GB DDR5,1TB NVMe SSD,SSD,Windows 11 Home,887,781,887,781,106,12,USD,,InStock,https://www.gmarket.co.kr/products/dell-inspiron-16-plus-7640--snapdragon-x-elite,2026-08-28T08:15:27.551208+00:00,2026-08-28
Gmarket - KR,South Korea,KR,Gmarket - KR,3P Marketplace,SKU-KR-0025,HP OMEN 16 Transcend - Intel Core Ultra 9 185H (Laptop),,HP,OMEN 16 Transcend,Intel,Intel Core Ultra 9,Intel Core Ultra 9,185H,14th Gen / Meteor Lake,Integrated Intel Arc Graphics,Laptop,"16.0""",,32GB LPDDR5X,512GB NVMe SSD,SSD,Windows 11 Home,934,766,934,766,168,18,USD,,InStock,https://www.gmarket.co.kr/products/hp-omen-16-transcend-intel-core-ultra-9,2026-08-28T08:15:27.551208+00:00,2026-08-28
Komputronik - PL,Poland,PL,Komputronik - PL,1P Retailer,SKU-PL-0001,Dell XPS 16 (9640) - Intel Core Ultra 7 155H (Laptop),,Dell,XPS 16 (9640),Intel,Intel Core Ultra 7,Intel Core Ultra 7,155H,14th Gen / Meteor Lake,Integrated Intel Arc Graphics,Laptop,"16.0""",,32GB LPDDR5X,512GB NVMe SSD,SSD,Windows 11 Home,2095,2095,2095,2095,0,0,USD,,InStock,https://www.komputronik.pl/products/dell-xps-16-9640--intel-core-ultra-7,2026-08-28T08:15:27.551208+00:00,2026-08-28
Komputronik - PL,Poland,PL,Komputronik - PL,1P Retailer,SKU-PL-0002,HP Envy x360 15 - Intel Core i7 13700H (Laptop),,HP,Envy x360 15,Intel,Intel Core i7,Intel Core i7,13700H,13th Gen / Raptor Lake,Integrated Intel Arc Graphics,Laptop,"14.0""",,16GB DDR5,512GB NVMe SSD,SSD,Windows 11 Home,2142,2142,2142,2142,0,0,USD,,InStock,https://www.komputronik.pl/products/hp-envy-x360-15-intel-core-i7,2026-08-28T08:15:27.551208+00:00,2026-08-28
Komputronik - PL,Poland,PL,Komputronik - PL,1P Retailer,SKU-PL-0003,Lenovo IdeaPad Slim 5 - Intel Core 7 150U (Laptop),,Lenovo,IdeaPad Slim 5,Intel,Intel Core 7,Intel Core 7,150U,14th Gen / Series 1,NVIDIA GeForce RTX 4060,Laptop,"16.0""",,32GB LPDDR5X,1TB NVMe SSD,SSD,Windows 11 Home,2189,1926,2189,1926,263,12,USD,,InStock,https://www.komputronik.pl/products/lenovo-ideapad-slim-5-intel-core-7,2026-08-28T08:15:27.551208+00:00,2026-08-28
Komputronik - PL,Poland,PL,Komputronik - PL,1P Retailer,SKU-PL-0004,ASUS ROG Strix SCAR 18 - AMD Ryzen 9 7945HX (Laptop),,ASUS,ROG Strix SCAR 18,AMD,AMD Ryzen 9,AMD Ryzen 9,7945HX,Zen 4 / Dragon Range,Integrated Intel Arc Graphics,Laptop,"14.0""",,16GB DDR5,512GB NVMe SSD,SSD,Windows 11 Home,2236,2236,2236,2236,0,0,USD,,InStock,https://www.komputronik.pl/products/asus-rog-strix-scar-18-amd-ryzen-9,2026-08-28T08:15:27.551208+00:00,2026-08-28
Komputronik - PL,Poland,PL,Komputronik - PL,1P Retailer,SKU-PL-0005,Acer TravelMate P6 - Snapdragon X Elite X1E-80-100 (Laptop),,Acer,TravelMate P6,Qualcomm,Snapdragon X Elite,Snapdragon X Elite,X1E-80-100,Oryon ARM,Integrated Intel Arc Graphics,Laptop,"16.0""",,32GB LPDDR5X,512GB NVMe SSD,SSD,Windows 11 Home,2283,1872,2283,1872,411,18,USD,,InStock,https://www.komputronik.pl/products/acer-travelmate-p6-snapdragon-x-elite,2026-08-28T08:15:27.551208+00:00,2026-08-28
Komputronik - PL,Poland,PL,Komputronik - PL,1P Retailer,SKU-PL-0006,Samsung Galaxy Book4 Pro - Intel Core Ultra 9 185H (Desktop PC),,Samsung,Galaxy Book4 Pro,Intel,Intel Core Ultra 9,Intel Core Ultra 9,185H,14th Gen / Meteor Lake,NVIDIA GeForce RTX 4060,Desktop,"27""",,16GB DDR5,1TB NVMe SSD,SSD,Windows 11 Home,2330,2050,2330,2050,280,12,USD,,InStock,https://www.komputronik.pl/products/samsung-galaxy-book4-pro-intel-core-ultra-9,2026-08-28T08:15:27.551208+00:00,2026-08-28
Komputronik - PL,Poland,PL,Komputronik - PL,1P Retailer,SKU-PL-0007,MSI Raider GE78 HX - Intel Core i9 14900HX (Laptop),,MSI,Raider GE78 HX,Intel,Intel Core i9,Intel Core i9,14900HX,14th Gen / Raptor Lake-HX,Integrated Intel Arc Graphics,Laptop,"16.0""",,32GB LPDDR5X,512GB NVMe SSD,SSD,Windows 11 Home,2377,2377,2377,2377,0,0,USD,,InStock,https://www.komputronik.pl/products/msi-raider-ge78-hx-intel-core-i9,2026-08-28T08:15:27.551208+00:00,2026-08-28
Komputronik - PL,Poland,PL,Komputronik - PL,1P Retailer,SKU-PL-0008,"Apple MacBook Pro 14"" M3 - AMD Ryzen 5 7520U (Laptop)",,Apple,"MacBook Pro 14"" M3",AMD,AMD Ryzen 5,AMD Ryzen 5,7520U,Zen 2 / Mendocino,Integrated Intel Arc Graphics,Laptop,"14.0""",,16GB DDR5,512GB NVMe SSD,SSD,Windows 11 Home,2424,2424,2424,2424,0,0,USD,,InStock,https://www.komputronik.pl/products/apple-macbook-pro-14-m3-amd-ryzen-5,2026-08-28T08:15:27.551208+00:00,2026-08-28
Komputronik - PL,Poland,PL,Komputronik - PL,1P Retailer,SKU-PL-0009,Dell Inspiron 15 (3520) - Apple M3 M3 (Laptop),,Dell,Inspiron 15 (3520),Apple,Apple M3,Apple M3,M3,3nm Apple Silicon,NVIDIA GeForce RTX 4060,Laptop,"16.0""",,32GB LPDDR5X,1TB NVMe SSD,SSD,Windows 11 Home,2471,2174,2471,2174,297,12,USD,,InStock,https://www.komputronik.pl/products/dell-inspiron-15-3520--apple-m3,2026-08-28T08:15:27.551208+00:00,2026-08-28
Komputronik - PL,Poland,PL,Komputronik - PL,1P Retailer,SKU-PL-0010,HP Pavilion Plus 14 - Intel Core Ultra 5 125H (Laptop),,HP,Pavilion Plus 14,Intel,Intel Core Ultra 5,Intel Core Ultra 5,125H,14th Gen / Meteor Lake,Integrated Intel Arc Graphics,Laptop,"14.0""",,16GB DDR5,512GB NVMe SSD,SSD,Windows 11 Home,2518,2065,2518,2065,453,18,USD,,InStock,https://www.komputronik.pl/products/hp-pavilion-plus-14-intel-core-ultra-5,2026-08-28T08:15:27.551208+00:00,2026-08-28
Komputronik - PL,Poland,PL,Komputronik - PL,1P Retailer,,Lenovo Legion Pro 7i - Intel Core i5 1335U (Laptop),,Lenovo,Legion Pro 7i,Intel,Intel Core i5,Intel Core i5,1335U,13th Gen / Raptor Lake,Integrated Intel Arc Graphics,Laptop,"16.0""",,32GB LPDDR5X,512GB NVMe SSD,SSD,Windows 11 Home,2565,2565,2565,2565,0,0,USD,,InStock,https://www.komputronik.pl/products/lenovo-legion-pro-7i-intel-core-i5,2026-08-28T08:15:27.551208+00:00,2026-08-28
Komputronik - PL,Poland,PL,Komputronik - PL,1P Retailer,SKU-PL-0012,ASUS TUF Gaming A15 - AMD Ryzen 7 7840HS (Desktop PC),,ASUS,TUF Gaming A15,AMD,AMD Ryzen 7,AMD Ryzen 7,7840HS,Zen 4 / Phoenix,NVIDIA GeForce RTX 4060,Desktop,"27""",,16GB DDR5,1TB NVMe SSD,SSD,Windows 11 Home,2612,2299,2612,2299,313,12,USD,,InStock,https://www.komputronik.pl/products/asus-tuf-gaming-a15-amd-ryzen-7,2026-08-28T08:15:27.551208+00:00,2026-08-28
Komputronik - PL,Poland,PL,Komputronik - PL,1P Retailer,SKU-PL-0013,Acer Spin 5 - Apple M3 Pro M3 Pro (Laptop),,Acer,Spin 5,Apple,Apple M3 Pro,Apple M3 Pro,M3 Pro,3nm Apple Silicon,Integrated Intel Arc Graphics,Laptop,"16.0""",,32GB LPDDR5X,512GB NVMe SSD,SSD,Windows 11 Home,2659,2659,2659,2659,0,0,USD,,InStock,https://www.komputronik.pl/products/acer-spin-5-apple-m3-pro,2026-08-28T08:15:27.551208+00:00,2026-08-28
Komputronik - PL,Poland,PL,Komputronik - PL,1P Retailer,SKU-PL-0014,Samsung Galaxy Book4 360 - Intel Core Ultra 7 155H (Laptop),,Samsung,Galaxy Book4 360,Intel,Intel Core Ultra 7,Intel Core Ultra 7,155H,14th Gen / Meteor Lake,Integrated Intel Arc Graphics,Laptop,"14.0""",,16GB DDR5,512GB NVMe SSD,SSD,Windows 11 Home,2706,2706,2706,2706,0,0,USD,,InStock,https://www.komputronik.pl/products/samsung-galaxy-book4-360-intel-core-ultra-7,2026-08-28T08:15:27.551208+00:00,2026-08-28
Komputronik - PL,Poland,PL,Komputronik - PL,1P Retailer,SKU-PL-0015,MSI Prestige 16 AI Evo - Intel Core i7 13700H (Laptop),,MSI,Prestige 16 AI Evo,Intel,Intel Core i7,Intel Core i7,13700H,13th Gen / Raptor Lake,NVIDIA GeForce RTX 4060,Laptop,"16.0""",,32GB LPDDR5X,1TB NVMe SSD,SSD,Windows 11 Home,2753,2423,2753,2423,330,12,USD,,InStock,https://www.komputronik.pl/products/msi-prestige-16-ai-evo-intel-core-i7,2026-08-28T08:15:27.551208+00:00,2026-08-28
Komputronik - PL,Poland,PL,Komputronik - PL,1P Retailer,SKU-PL-0016,"Apple MacBook Pro 14"" M3 - Intel Core 7 150U (Laptop)",,Apple,"MacBook Pro 14"" M3",Intel,Intel Core 7,Intel Core 7,150U,14th Gen / Series 1,Integrated Intel Arc Graphics,Laptop,"14.0""",,16GB DDR5,512GB NVMe SSD,SSD,Windows 11 Home,600,600,600,600,0,0,USD,,InStock,https://www.komputronik.pl/products/apple-macbook-pro-14-m3-intel-core-7,2026-08-28T08:15:27.551208+00:00,2026-08-28
Komputronik - PL,Poland,PL,Komputronik - PL,1P Retailer,SKU-PL-0017,Dell Inspiron 16 Plus (7640) - AMD Ryzen 9 7945HX (Laptop),,Dell,Inspiron 16 Plus (7640),AMD,AMD Ryzen 9,AMD Ryzen 9,7945HX,Zen 4 / Dragon Range,Integrated Intel Arc Graphics,Laptop,"16.0""",,32GB LPDDR5X,512GB NVMe SSD,SSD,Windows 11 Home,647,647,647,647,0,0,USD,,InStock,https://www.komputronik.pl/products/dell-inspiron-16-plus-7640--amd-ryzen-9,2026-08-28T08:15:27.551208+00:00,2026-08-28
Komputronik - PL,Poland,PL,Komputronik - PL,1P Retailer,SKU-PL-0018,HP OMEN 16 Transcend - Snapdragon X Elite X1E-80-100 (Desktop PC),,HP,OMEN 16 Transcend,Qualcomm,Snapdragon X Elite,Snapdragon X Elite,X1E-80-100,Oryon ARM,NVIDIA GeForce RTX 4060,Desktop,"27""",,16GB DDR5,1TB NVMe SSD,SSD,Windows 11 Home,694,611,694,611,83,12,USD,,InStock,https://www.komputronik.pl/products/hp-omen-16-transcend-snapdragon-x-elite,2026-08-28T08:15:27.551208+00:00,2026-08-28
Komputronik - PL,Poland,PL,Komputronik - PL,1P Retailer,SKU-PL-0019,Lenovo ThinkBook 16 Gen 6 - Intel Core Ultra 9 185H (Laptop),,Lenovo,ThinkBook 16 Gen 6,Intel,Intel Core Ultra 9,Intel Core Ultra 9,185H,14th Gen / Meteor Lake,Integrated Intel Arc Graphics,Laptop,"16.0""",,32GB LPDDR5X,512GB NVMe SSD,SSD,Windows 11 Home,741,741,741,741,0,0,USD,,InStock,https://www.komputronik.pl/products/lenovo-thinkbook-16-gen-6-intel-core-ultra-9,2026-08-28T08:15:27.551208+00:00,2026-08-28
Komputronik - PL,Poland,PL,Komputronik - PL,1P Retailer,SKU-PL-0020,ASUS ExpertBook B9 - Intel Core i9 14900HX (Laptop),,ASUS,ExpertBook B9,Intel,Intel Core i9,Intel Core i9,14900HX,14th Gen / Raptor Lake-HX,Integrated Intel Arc Graphics,Laptop,"14.0""",,16GB DDR5,512GB NVMe SSD,SSD,Windows 11 Home,788,646,788,646,142,18,USD,,InStock,https://www.komputronik.pl/products/asus-expertbook-b9-intel-core-i9,2026-08-28T08:15:27.551208+00:00,2026-08-28
Komputronik - PL,Poland,PL,Komputronik - PL,1P Retailer,SKU-PL-0021,Acer Swift Go 14 AI - AMD Ryzen 5 7520U (Laptop),,Acer,Swift Go 14 AI,AMD,AMD Ryzen 5,AMD Ryzen 5,7520U,Zen 2 / Mendocino,NVIDIA GeForce RTX 4060,Laptop,"16.0""",,32GB LPDDR5X,1TB NVMe SSD,SSD,Windows 11 Home,835,735,835,735,100,12,USD,,InStock,https://www.komputronik.pl/products/acer-swift-go-14-ai-amd-ryzen-5,2026-08-28T08:15:27.551208+00:00,2026-08-28
Komputronik - PL,Poland,PL,Komputronik - PL,1P Retailer,,Samsung Galaxy Book4 Ultra - Apple M3 M3 (Laptop),,Samsung,Galaxy Book4 Ultra,Apple,Apple M3,Apple M3,M3,3nm Apple Silicon,Integrated Intel Arc Graphics,Laptop,"14.0""",,16GB DDR5,512GB NVMe SSD,SSD,Windows 11 Home,882,882,882,882,0,0,USD,,InStock,https://www.komputronik.pl/products/samsung-galaxy-book4-ultra-apple-m3,2026-08-28T08:15:27.551208+00:00,2026-08-28
Komputronik - PL,Poland,PL,Komputronik - PL,1P Retailer,SKU-PL-0023,MSI Cyborg 15 - Intel Core Ultra 5 125H (Laptop),,MSI,Cyborg 15,Intel,Intel Core Ultra 5,Intel Core Ultra 5,125H,14th Gen / Meteor Lake,Integrated Intel Arc Graphics,Laptop,"16.0""",,32GB LPDDR5X,512GB NVMe SSD,SSD,Windows 11 Home,929,929,929,929,0,0,USD,,InStock,https://www.komputronik.pl/products/msi-cyborg-15-intel-core-ultra-5,2026-08-28T08:15:27.551208+00:00,2026-08-28
Komputronik - PL,Poland,PL,Komputronik - PL,1P Retailer,SKU-PL-0024,"Apple MacBook Pro 14"" M3 - Intel Core i5 1335U (Desktop PC)",,Apple,"MacBook Pro 14"" M3",Intel,Intel Core i5,Intel Core i5,1335U,13th Gen / Raptor Lake,NVIDIA GeForce RTX 4060,Desktop,"27""",,16GB DDR5,1TB NVMe SSD,SSD,Windows 11 Home,976,859,976,859,117,12,USD,,InStock,https://www.komputronik.pl/products/apple-macbook-pro-14-m3-intel-core-i5,2026-08-28T08:15:27.551208+00:00,2026-08-28
Komputronik - PL,Poland,PL,Komputronik - PL,1P Retailer,SKU-PL-0025,Dell Alienware m16 R2 - AMD Ryzen 7 7840HS (Laptop),,Dell,Alienware m16 R2,AMD,AMD Ryzen 7,AMD Ryzen 7,7840HS,Zen 4 / Phoenix,Integrated Intel Arc Graphics,Laptop,"16.0""",,32GB LPDDR5X,512GB NVMe SSD,SSD,Windows 11 Home,1023,839,1023,839,184,18,USD,,InStock,https://www.komputronik.pl/products/dell-alienware-m16-r2-amd-ryzen-7,2026-08-28T08:15:27.551208+00:00,2026-08-28
Komputronik - PL,Poland,PL,Komputronik - PL,1P Retailer,SKU-PL-0026,HP Victus 15 - Apple M3 Pro M3 Pro (Laptop),,HP,Victus 15,Apple,Apple M3 Pro,Apple M3 Pro,M3 Pro,3nm Apple Silicon,Integrated Intel Arc Graphics,Laptop,"14.0""",,16GB DDR5,512GB NVMe SSD,SSD,Windows 11 Home,1070,1070,1070,1070,0,0,USD,,InStock,https://www.komputronik.pl/products/hp-victus-15-apple-m3-pro,2026-08-28T08:15:27.551208+00:00,2026-08-28
Komputronik - PL,Poland,PL,Komputronik - PL,1P Retailer,SKU-PL-0027,Lenovo LOQ 15IRX9 - Intel Core Ultra 7 155H (Laptop),,Lenovo,LOQ 15IRX9,Intel,Intel Core Ultra 7,Intel Core Ultra 7,155H,14th Gen / Meteor Lake,NVIDIA GeForce RTX 4060,Laptop,"16.0""",,32GB LPDDR5X,1TB NVMe SSD,SSD,Windows 11 Home,1117,983,1117,983,134,12,USD,,InStock,https://www.komputronik.pl/products/lenovo-loq-15irx9-intel-core-ultra-7,2026-08-28T08:15:27.551208+00:00,2026-08-28
Komputronik - PL,Poland,PL,Komputronik - PL,1P Retailer,SKU-PL-0028,ASUS Zenbook Duo (2024) - Intel Core i7 13700H (Laptop),,ASUS,Zenbook Duo (2024),Intel,Intel Core i7,Intel Core i7,13700H,13th Gen / Raptor Lake,Integrated Intel Arc Graphics,Laptop,"14.0""",,16GB DDR5,512GB NVMe SSD,SSD,Windows 11 Home,1164,1164,1164,1164,0,0,USD,,InStock,https://www.komputronik.pl/products/asus-zenbook-duo-2024--intel-core-i7,2026-08-28T08:15:27.551208+00:00,2026-08-28
Komputronik - PL,Poland,PL,Komputronik - PL,1P Retailer,SKU-PL-0029,Acer Swift X 14 - Intel Core 7 150U (Laptop),,Acer,Swift X 14,Intel,Intel Core 7,Intel Core 7,150U,14th Gen / Series 1,Integrated Intel Arc Graphics,Laptop,"16.0""",,32GB LPDDR5X,512GB NVMe SSD,SSD,Windows 11 Home,1211,1211,1211,1211,0,0,USD,,InStock,https://www.komputronik.pl/products/acer-swift-x-14-intel-core-7,2026-08-28T08:15:27.551208+00:00,2026-08-28
TERG / MediaExpert - PL,Poland,PL,TERG / MediaExpert - PL,1P Retailer,SKU-PL-0001,"Apple MacBook Pro 16"" M3 Max - Intel Core i9 14900HX (Laptop)",,Apple,"MacBook Pro 16"" M3 Max",Intel,Intel Core i9,Intel Core i9,14900HX,14th Gen / Raptor Lake-HX,Integrated Intel Arc Graphics,Laptop,"16.0""",,32GB LPDDR5X,512GB NVMe SSD,SSD,Windows 11 Home,2184,2184,2184,2184,0,0,USD,,InStock,https://www.mediaexpert.pl/products/apple-macbook-pro-16-m3-max-intel-core-i9,2026-08-28T08:15:27.551208+00:00,2026-08-28
TERG / MediaExpert - PL,Poland,PL,TERG / MediaExpert - PL,1P Retailer,SKU-PL-0002,Dell Inspiron 15 (3520) - AMD Ryzen 5 7520U (Laptop),,Dell,Inspiron 15 (3520),AMD,AMD Ryzen 5,AMD Ryzen 5,7520U,Zen 2 / Mendocino,Integrated Intel Arc Graphics,Laptop,"14.0""",,16GB DDR5,512GB NVMe SSD,SSD,Windows 11 Home,2231,2231,2231,2231,0,0,USD,,InStock,https://www.mediaexpert.pl/products/dell-inspiron-15-3520--amd-ryzen-5,2026-08-28T08:15:27.551208+00:00,2026-08-28
TERG / MediaExpert - PL,Poland,PL,TERG / MediaExpert - PL,1P Retailer,SKU-PL-0003,HP Pavilion Plus 14 - Apple M3 M3 (Laptop),,HP,Pavilion Plus 14,Apple,Apple M3,Apple M3,M3,3nm Apple Silicon,NVIDIA GeForce RTX 4060,Laptop,"16.0""",,32GB LPDDR5X,1TB NVMe SSD,SSD,Windows 11 Home,2278,2005,2278,2005,273,12,USD,,InStock,https://www.mediaexpert.pl/products/hp-pavilion-plus-14-apple-m3,2026-08-28T08:15:27.551208+00:00,2026-08-28
TERG / MediaExpert - PL,Poland,PL,TERG / MediaExpert - PL,1P Retailer,SKU-PL-0004,Lenovo Legion Pro 7i - Intel Core Ultra 5 125H (Laptop),,Lenovo,Legion Pro 7i,Intel,Intel Core Ultra 5,Intel Core Ultra 5,125H,14th Gen / Meteor Lake,Integrated Intel Arc Graphics,Laptop,"14.0""",,16GB DDR5,512GB NVMe SSD,SSD,Windows 11 Home,2325,2325,2325,2325,0,0,USD,,InStock,https://www.mediaexpert.pl/products/lenovo-legion-pro-7i-intel-core-ultra-5,2026-08-28T08:15:27.551208+00:00,2026-08-28
TERG / MediaExpert - PL,Poland,PL,TERG / MediaExpert - PL,1P Retailer,SKU-PL-0005,ASUS TUF Gaming A15 - Intel Core i5 1335U (Laptop),,ASUS,TUF Gaming A15,Intel,Intel Core i5,Intel Core i5,1335U,13th Gen / Raptor Lake,Integrated Intel Arc Graphics,Laptop,"16.0""",,32GB LPDDR5X,512GB NVMe SSD,SSD,Windows 11 Home,2372,1945,2372,1945,427,18,USD,,InStock,https://www.mediaexpert.pl/products/asus-tuf-gaming-a15-intel-core-i5,2026-08-28T08:15:27.551208+00:00,2026-08-28
TERG / MediaExpert - PL,Poland,PL,TERG / MediaExpert - PL,1P Retailer,SKU-PL-0006,Acer Spin 5 - AMD Ryzen 7 7840HS (Desktop PC),,Acer,Spin 5,AMD,AMD Ryzen 7,AMD Ryzen 7,7840HS,Zen 4 / Phoenix,NVIDIA GeForce RTX 4060,Desktop,"27""",,16GB DDR5,1TB NVMe SSD,SSD,Windows 11 Home,2419,2129,2419,2129,290,12,USD,,InStock,https://www.mediaexpert.pl/products/acer-spin-5-amd-ryzen-7,2026-08-28T08:15:27.551208+00:00,2026-08-28
TERG / MediaExpert - PL,Poland,PL,TERG / MediaExpert - PL,1P Retailer,SKU-PL-0007,Samsung Galaxy Book4 Ultra - Apple M3 Pro M3 Pro (Laptop),,Samsung,Galaxy Book4 Ultra,Apple,Apple M3 Pro,Apple M3 Pro,M3 Pro,3nm Apple Silicon,Integrated Intel Arc Graphics,Laptop,"16.0""",,32GB LPDDR5X,512GB NVMe SSD,SSD,Windows 11 Home,2466,2466,2466,2466,0,0,USD,,InStock,https://www.mediaexpert.pl/products/samsung-galaxy-book4-ultra-apple-m3-pro,2026-08-28T08:15:27.551208+00:00,2026-08-28
TERG / MediaExpert - PL,Poland,PL,TERG / MediaExpert - PL,1P Retailer,SKU-PL-0008,MSI Cyborg 15 - Intel Core Ultra 7 155H (Laptop),,MSI,Cyborg 15,Intel,Intel Core Ultra 7,Intel Core Ultra 7,155H,14th Gen / Meteor Lake,Integrated Intel Arc Graphics,Laptop,"14.0""",,16GB DDR5,512GB NVMe SSD,SSD,Windows 11 Home,2513,2513,2513,2513,0,0,USD,,InStock,https://www.mediaexpert.pl/products/msi-cyborg-15-intel-core-ultra-7,2026-08-28T08:15:27.551208+00:00,2026-08-28
TERG / MediaExpert - PL,Poland,PL,TERG / MediaExpert - PL,1P Retailer,SKU-PL-0009,"Apple MacBook Pro 16"" M3 Max - Intel Core i7 13700H (Laptop)",,Apple,"MacBook Pro 16"" M3 Max",Intel,Intel Core i7,Intel Core i7,13700H,13th Gen / Raptor Lake,NVIDIA GeForce RTX 4060,Laptop,"16.0""",,32GB LPDDR5X,1TB NVMe SSD,SSD,Windows 11 Home,2560,2253,2560,2253,307,12,USD,,InStock,https://www.mediaexpert.pl/products/apple-macbook-pro-16-m3-max-intel-core-i7,2026-08-28T08:15:27.551208+00:00,2026-08-28
TERG / MediaExpert - PL,Poland,PL,TERG / MediaExpert - PL,1P Retailer,SKU-PL-0010,Dell Inspiron 16 Plus (7640) - Intel Core 7 150U (Laptop),,Dell,Inspiron 16 Plus (7640),Intel,Intel Core 7,Intel Core 7,150U,14th Gen / Series 1,Integrated Intel Arc Graphics,Laptop,"14.0""",,16GB DDR5,512GB NVMe SSD,SSD,Windows 11 Home,2607,2138,2607,2138,469,18,USD,,InStock,https://www.mediaexpert.pl/products/dell-inspiron-16-plus-7640--intel-core-7,2026-08-28T08:15:27.551208+00:00,2026-08-28
TERG / MediaExpert - PL,Poland,PL,TERG / MediaExpert - PL,1P Retailer,,HP OMEN 16 Transcend - AMD Ryzen 9 7945HX (Laptop),,HP,OMEN 16 Transcend,AMD,AMD Ryzen 9,AMD Ryzen 9,7945HX,Zen 4 / Dragon Range,Integrated Intel Arc Graphics,Laptop,"16.0""",,32GB LPDDR5X,512GB NVMe SSD,SSD,Windows 11 Home,2654,2654,2654,2654,0,0,USD,,InStock,https://www.mediaexpert.pl/products/hp-omen-16-transcend-amd-ryzen-9,2026-08-28T08:15:27.551208+00:00,2026-08-28
TERG / MediaExpert - PL,Poland,PL,TERG / MediaExpert - PL,1P Retailer,SKU-PL-0012,Lenovo ThinkBook 16 Gen 6 - Snapdragon X Elite X1E-80-100 (Desktop PC),,Lenovo,ThinkBook 16 Gen 6,Qualcomm,Snapdragon X Elite,Snapdragon X Elite,X1E-80-100,Oryon ARM,NVIDIA GeForce RTX 4060,Desktop,"27""",,16GB DDR5,1TB NVMe SSD,SSD,Windows 11 Home,2701,2377,2701,2377,324,12,USD,,InStock,https://www.mediaexpert.pl/products/lenovo-thinkbook-16-gen-6-snapdragon-x-elite,2026-08-28T08:15:27.551208+00:00,2026-08-28
TERG / MediaExpert - PL,Poland,PL,TERG / MediaExpert - PL,1P Retailer,SKU-PL-0013,ASUS ExpertBook B9 - Intel Core Ultra 9 185H (Laptop),,ASUS,ExpertBook B9,Intel,Intel Core Ultra 9,Intel Core Ultra 9,185H,14th Gen / Meteor Lake,Integrated Intel Arc Graphics,Laptop,"16.0""",,32GB LPDDR5X,512GB NVMe SSD,SSD,Windows 11 Home,2748,2748,2748,2748,0,0,USD,,InStock,https://www.mediaexpert.pl/products/asus-expertbook-b9-intel-core-ultra-9,2026-08-28T08:15:27.551208+00:00,2026-08-28
TERG / MediaExpert - PL,Poland,PL,TERG / MediaExpert - PL,1P Retailer,SKU-PL-0014,Acer Swift Go 14 AI - Intel Core i9 14900HX (Laptop),,Acer,Swift Go 14 AI,Intel,Intel Core i9,Intel Core i9,14900HX,14th Gen / Raptor Lake-HX,Integrated Intel Arc Graphics,Laptop,"14.0""",,16GB DDR5,512GB NVMe SSD,SSD,Windows 11 Home,2795,2795,2795,2795,0,0,USD,,InStock,https://www.mediaexpert.pl/products/acer-swift-go-14-ai-intel-core-i9,2026-08-28T08:15:27.551208+00:00,2026-08-28
TERG / MediaExpert - PL,Poland,PL,TERG / MediaExpert - PL,1P Retailer,SKU-PL-0015,Samsung Galaxy Book4 Pro - AMD Ryzen 5 7520U (Laptop),,Samsung,Galaxy Book4 Pro,AMD,AMD Ryzen 5,AMD Ryzen 5,7520U,Zen 2 / Mendocino,NVIDIA GeForce RTX 4060,Laptop,"16.0""",,32GB LPDDR5X,1TB NVMe SSD,SSD,Windows 11 Home,642,565,642,565,77,12,USD,,InStock,https://www.mediaexpert.pl/products/samsung-galaxy-book4-pro-amd-ryzen-5,2026-08-28T08:15:27.551208+00:00,2026-08-28
TERG / MediaExpert - PL,Poland,PL,TERG / MediaExpert - PL,1P Retailer,SKU-PL-0016,MSI Stealth 16 AI Studio - Apple M3 M3 (Laptop),,MSI,Stealth 16 AI Studio,Apple,Apple M3,Apple M3,M3,3nm Apple Silicon,Integrated Intel Arc Graphics,Laptop,"14.0""",,16GB DDR5,512GB NVMe SSD,SSD,Windows 11 Home,689,689,689,689,0,0,USD,,InStock,https://www.mediaexpert.pl/products/msi-stealth-16-ai-studio-apple-m3,2026-08-28T08:15:27.551208+00:00,2026-08-28
TERG / MediaExpert - PL,Poland,PL,TERG / MediaExpert - PL,1P Retailer,SKU-PL-0017,"Apple MacBook Pro 16"" M3 Max - Intel Core Ultra 5 125H (Laptop)",,Apple,"MacBook Pro 16"" M3 Max",Intel,Intel Core Ultra 5,Intel Core Ultra 5,125H,14th Gen / Meteor Lake,Integrated Intel Arc Graphics,Laptop,"16.0""",,32GB LPDDR5X,512GB NVMe SSD,SSD,Windows 11 Home,736,736,736,736,0,0,USD,,InStock,https://www.mediaexpert.pl/products/apple-macbook-pro-16-m3-max-intel-core-ultra-5,2026-08-28T08:15:27.551208+00:00,2026-08-28
TERG / MediaExpert - PL,Poland,PL,TERG / MediaExpert - PL,1P Retailer,SKU-PL-0018,Dell Alienware m16 R2 - Intel Core i5 1335U (Desktop PC),,Dell,Alienware m16 R2,Intel,Intel Core i5,Intel Core i5,1335U,13th Gen / Raptor Lake,NVIDIA GeForce RTX 4060,Desktop,"27""",,16GB DDR5,1TB NVMe SSD,SSD,Windows 11 Home,783,689,783,689,94,12,USD,,InStock,https://www.mediaexpert.pl/products/dell-alienware-m16-r2-intel-core-i5,2026-08-28T08:15:27.551208+00:00,2026-08-28
TERG / MediaExpert - PL,Poland,PL,TERG / MediaExpert - PL,1P Retailer,SKU-PL-0019,HP Victus 15 - AMD Ryzen 7 7840HS (Laptop),,HP,Victus 15,AMD,AMD Ryzen 7,AMD Ryzen 7,7840HS,Zen 4 / Phoenix,Integrated Intel Arc Graphics,Laptop,"16.0""",,32GB LPDDR5X,512GB NVMe SSD,SSD,Windows 11 Home,830,830,830,830,0,0,USD,,InStock,https://www.mediaexpert.pl/products/hp-victus-15-amd-ryzen-7,2026-08-28T08:15:27.551208+00:00,2026-08-28
TERG / MediaExpert - PL,Poland,PL,TERG / MediaExpert - PL,1P Retailer,SKU-PL-0020,Lenovo LOQ 15IRX9 - Apple M3 Pro M3 Pro (Laptop),,Lenovo,LOQ 15IRX9,Apple,Apple M3 Pro,Apple M3 Pro,M3 Pro,3nm Apple Silicon,Integrated Intel Arc Graphics,Laptop,"14.0""",,16GB DDR5,512GB NVMe SSD,SSD,Windows 11 Home,877,719,877,719,158,18,USD,,InStock,https://www.mediaexpert.pl/products/lenovo-loq-15irx9-apple-m3-pro,2026-08-28T08:15:27.551208+00:00,2026-08-28
TERG / MediaExpert - PL,Poland,PL,TERG / MediaExpert - PL,1P Retailer,SKU-PL-0021,ASUS Zenbook Duo (2024) - Intel Core Ultra 7 155H (Laptop),,ASUS,Zenbook Duo (2024),Intel,Intel Core Ultra 7,Intel Core Ultra 7,155H,14th Gen / Meteor Lake,NVIDIA GeForce RTX 4060,Laptop,"16.0""",,32GB LPDDR5X,1TB NVMe SSD,SSD,Windows 11 Home,924,813,924,813,111,12,USD,,InStock,https://www.mediaexpert.pl/products/asus-zenbook-duo-2024--intel-core-ultra-7,2026-08-28T08:15:27.551208+00:00,2026-08-28
TERG / MediaExpert - PL,Poland,PL,TERG / MediaExpert - PL,1P Retailer,,Acer Swift X 14 - Intel Core i7 13700H (Laptop),,Acer,Swift X 14,Intel,Intel Core i7,Intel Core i7,13700H,13th Gen / Raptor Lake,Integrated Intel Arc Graphics,Laptop,"14.0""",,16GB DDR5,512GB NVMe SSD,SSD,Windows 11 Home,971,971,971,971,0,0,USD,,InStock,https://www.mediaexpert.pl/products/acer-swift-x-14-intel-core-i7,2026-08-28T08:15:27.551208+00:00,2026-08-28
TERG / MediaExpert - PL,Poland,PL,TERG / MediaExpert - PL,1P Retailer,SKU-PL-0023,Samsung Galaxy Book4 360 - Intel Core 7 150U (Laptop),,Samsung,Galaxy Book4 360,Intel,Intel Core 7,Intel Core 7,150U,14th Gen / Series 1,Integrated Intel Arc Graphics,Laptop,"16.0""",,32GB LPDDR5X,512GB NVMe SSD,SSD,Windows 11 Home,1018,1018,1018,1018,0,0,USD,,InStock,https://www.mediaexpert.pl/products/samsung-galaxy-book4-360-intel-core-7,2026-08-28T08:15:27.551208+00:00,2026-08-28
TERG / MediaExpert - PL,Poland,PL,TERG / MediaExpert - PL,1P Retailer,SKU-PL-0024,MSI Modern 14 - AMD Ryzen 9 7945HX (Desktop PC),,MSI,Modern 14,AMD,AMD Ryzen 9,AMD Ryzen 9,7945HX,Zen 4 / Dragon Range,NVIDIA GeForce RTX 4060,Desktop,"27""",,16GB DDR5,1TB NVMe SSD,SSD,Windows 11 Home,1065,937,1065,937,128,12,USD,,InStock,https://www.mediaexpert.pl/products/msi-modern-14-amd-ryzen-9,2026-08-28T08:15:27.551208+00:00,2026-08-28
TERG / MediaExpert - PL,Poland,PL,TERG / MediaExpert - PL,1P Retailer,SKU-PL-0025,"Apple MacBook Pro 16"" M3 Max - Snapdragon X Elite X1E-80-100 (Laptop)",,Apple,"MacBook Pro 16"" M3 Max",Qualcomm,Snapdragon X Elite,Snapdragon X Elite,X1E-80-100,Oryon ARM,Integrated Intel Arc Graphics,Laptop,"16.0""",,32GB LPDDR5X,512GB NVMe SSD,SSD,Windows 11 Home,1112,912,1112,912,200,18,USD,,InStock,https://www.mediaexpert.pl/products/apple-macbook-pro-16-m3-max-snapdragon-x-elite,2026-08-28T08:15:27.551208+00:00,2026-08-28
TERG / MediaExpert - PL,Poland,PL,TERG / MediaExpert - PL,1P Retailer,SKU-PL-0026,Dell Latitude 5540 - Intel Core Ultra 9 185H (Laptop),,Dell,Latitude 5540,Intel,Intel Core Ultra 9,Intel Core Ultra 9,185H,14th Gen / Meteor Lake,Integrated Intel Arc Graphics,Laptop,"14.0""",,16GB DDR5,512GB NVMe SSD,SSD,Windows 11 Home,1159,1159,1159,1159,0,0,USD,,InStock,https://www.mediaexpert.pl/products/dell-latitude-5540-intel-core-ultra-9,2026-08-28T08:15:27.551208+00:00,2026-08-28
TERG / MediaExpert - PL,Poland,PL,TERG / MediaExpert - PL,1P Retailer,SKU-PL-0027,HP EliteBook 840 G10 - Intel Core i9 14900HX (Laptop),,HP,EliteBook 840 G10,Intel,Intel Core i9,Intel Core i9,14900HX,14th Gen / Raptor Lake-HX,NVIDIA GeForce RTX 4060,Laptop,"16.0""",,32GB LPDDR5X,1TB NVMe SSD,SSD,Windows 11 Home,1206,1061,1206,1061,145,12,USD,,InStock,https://www.mediaexpert.pl/products/hp-elitebook-840-g10-intel-core-i9,2026-08-28T08:15:27.551208+00:00,2026-08-28
TERG / MediaExpert - PL,Poland,PL,TERG / MediaExpert - PL,1P Retailer,SKU-PL-0028,Lenovo ThinkPad X1 Carbon Gen 12 - AMD Ryzen 5 7520U (Laptop),,Lenovo,ThinkPad X1 Carbon Gen 12,AMD,AMD Ryzen 5,AMD Ryzen 5,7520U,Zen 2 / Mendocino,Integrated Intel Arc Graphics,Laptop,"14.0""",,16GB DDR5,512GB NVMe SSD,SSD,Windows 11 Home,1253,1253,1253,1253,0,0,USD,,InStock,https://www.mediaexpert.pl/products/lenovo-thinkpad-x1-carbon-gen-12-amd-ryzen-5,2026-08-28T08:15:27.551208+00:00,2026-08-28
TERG / MediaExpert - PL,Poland,PL,TERG / MediaExpert - PL,1P Retailer,SKU-PL-0029,ASUS Zenbook 14 OLED - Apple M3 M3 (Laptop),,ASUS,Zenbook 14 OLED,Apple,Apple M3,Apple M3,M3,3nm Apple Silicon,Integrated Intel Arc Graphics,Laptop,"16.0""",,32GB LPDDR5X,512GB NVMe SSD,SSD,Windows 11 Home,1300,1300,1300,1300,0,0,USD,,InStock,https://www.mediaexpert.pl/products/asus-zenbook-14-oled-apple-m3,2026-08-28T08:15:27.551208+00:00,2026-08-28
TERG / MediaExpert - PL,Poland,PL,TERG / MediaExpert - PL,1P Retailer,SKU-PL-0030,Acer Aspire 5 - Intel Core Ultra 5 125H (Desktop PC),,Acer,Aspire 5,Intel,Intel Core Ultra 5,Intel Core Ultra 5,125H,14th Gen / Meteor Lake,NVIDIA GeForce RTX 4060,Desktop,"27""",,16GB DDR5,1TB NVMe SSD,SSD,Windows 11 Home,1347,1185,1347,1185,162,12,USD,,InStock,https://www.mediaexpert.pl/products/acer-aspire-5-intel-core-ultra-5,2026-08-28T08:15:27.551208+00:00,2026-08-28
Elkjop - SE,Sweden,SE,Elkjop - SE,1P Retailer,SKU-SE-0001,MSI Stealth 16 AI Studio - Apple M3 Pro M3 Pro (Laptop),,MSI,Stealth 16 AI Studio,Apple,Apple M3 Pro,Apple M3 Pro,M3 Pro,3nm Apple Silicon,Integrated Intel Arc Graphics,Laptop,"16.0""",,32GB LPDDR5X,512GB NVMe SSD,SSD,Windows 11 Home,2273,2273,2273,2273,0,0,USD,,InStock,https://www.elgiganten.se/products/msi-stealth-16-ai-studio-apple-m3-pro,2026-08-28T08:15:27.551208+00:00,2026-08-28
Elkjop - SE,Sweden,SE,Elkjop - SE,1P Retailer,SKU-SE-0002,"Apple MacBook Air 13"" M3 - Intel Core Ultra 7 155H (Laptop)",,Apple,"MacBook Air 13"" M3",Intel,Intel Core Ultra 7,Intel Core Ultra 7,155H,14th Gen / Meteor Lake,Integrated Intel Arc Graphics,Laptop,"14.0""",,16GB DDR5,512GB NVMe SSD,SSD,Windows 11 Home,2320,2320,2320,2320,0,0,USD,,InStock,https://www.elgiganten.se/products/apple-macbook-air-13-m3-intel-core-ultra-7,2026-08-28T08:15:27.551208+00:00,2026-08-28
Elkjop - SE,Sweden,SE,Elkjop - SE,1P Retailer,SKU-SE-0003,Dell Inspiron 16 Plus (7640) - Intel Core i7 13700H (Laptop),,Dell,Inspiron 16 Plus (7640),Intel,Intel Core i7,Intel Core i7,13700H,13th Gen / Raptor Lake,NVIDIA GeForce RTX 4060,Laptop,"16.0""",,32GB LPDDR5X,1TB NVMe SSD,SSD,Windows 11 Home,2367,2083,2367,2083,284,12,USD,,InStock,https://www.elgiganten.se/products/dell-inspiron-16-plus-7640--intel-core-i7,2026-08-28T08:15:27.551208+00:00,2026-08-28
Elkjop - SE,Sweden,SE,Elkjop - SE,1P Retailer,SKU-SE-0004,HP OMEN 16 Transcend - Intel Core 7 150U (Laptop),,HP,OMEN 16 Transcend,Intel,Intel Core 7,Intel Core 7,150U,14th Gen / Series 1,Integrated Intel Arc Graphics,Laptop,"14.0""",,16GB DDR5,512GB NVMe SSD,SSD,Windows 11 Home,2414,2414,2414,2414,0,0,USD,,InStock,https://www.elgiganten.se/products/hp-omen-16-transcend-intel-core-7,2026-08-28T08:15:27.551208+00:00,2026-08-28
Elkjop - SE,Sweden,SE,Elkjop - SE,1P Retailer,SKU-SE-0005,Lenovo ThinkBook 16 Gen 6 - AMD Ryzen 9 7945HX (Laptop),,Lenovo,ThinkBook 16 Gen 6,AMD,AMD Ryzen 9,AMD Ryzen 9,7945HX,Zen 4 / Dragon Range,Integrated Intel Arc Graphics,Laptop,"16.0""",,32GB LPDDR5X,512GB NVMe SSD,SSD,Windows 11 Home,2461,2018,2461,2018,443,18,USD,,InStock,https://www.elgiganten.se/products/lenovo-thinkbook-16-gen-6-amd-ryzen-9,2026-08-28T08:15:27.551208+00:00,2026-08-28
Elkjop - SE,Sweden,SE,Elkjop - SE,1P Retailer,SKU-SE-0006,ASUS ExpertBook B9 - Snapdragon X Elite X1E-80-100 (Desktop PC),,ASUS,ExpertBook B9,Qualcomm,Snapdragon X Elite,Snapdragon X Elite,X1E-80-100,Oryon ARM,NVIDIA GeForce RTX 4060,Desktop,"27""",,16GB DDR5,1TB NVMe SSD,SSD,Windows 11 Home,2508,2207,2508,2207,301,12,USD,,InStock,https://www.elgiganten.se/products/asus-expertbook-b9-snapdragon-x-elite,2026-08-28T08:15:27.551208+00:00,2026-08-28
Elkjop - SE,Sweden,SE,Elkjop - SE,1P Retailer,SKU-SE-0007,Acer Swift Go 14 AI - Intel Core Ultra 9 185H (Laptop),,Acer,Swift Go 14 AI,Intel,Intel Core Ultra 9,Intel Core Ultra 9,185H,14th Gen / Meteor Lake,Integrated Intel Arc Graphics,Laptop,"16.0""",,32GB LPDDR5X,512GB NVMe SSD,SSD,Windows 11 Home,2555,2555,2555,2555,0,0,USD,,InStock,https://www.elgiganten.se/products/acer-swift-go-14-ai-intel-core-ultra-9,2026-08-28T08:15:27.551208+00:00,2026-08-28
Elkjop - SE,Sweden,SE,Elkjop - SE,1P Retailer,SKU-SE-0008,Samsung Galaxy Book4 360 - Intel Core i9 14900HX (Laptop),,Samsung,Galaxy Book4 360,Intel,Intel Core i9,Intel Core i9,14900HX,14th Gen / Raptor Lake-HX,Integrated Intel Arc Graphics,Laptop,"14.0""",,16GB DDR5,512GB NVMe SSD,SSD,Windows 11 Home,2602,2602,2602,2602,0,0,USD,,InStock,https://www.elgiganten.se/products/samsung-galaxy-book4-360-intel-core-i9,2026-08-28T08:15:27.551208+00:00,2026-08-28
Elkjop - SE,Sweden,SE,Elkjop - SE,1P Retailer,SKU-SE-0009,MSI Modern 14 - AMD Ryzen 5 7520U (Laptop),,MSI,Modern 14,AMD,AMD Ryzen 5,AMD Ryzen 5,7520U,Zen 2 / Mendocino,NVIDIA GeForce RTX 4060,Laptop,"16.0""",,32GB LPDDR5X,1TB NVMe SSD,SSD,Windows 11 Home,2649,2331,2649,2331,318,12,USD,,InStock,https://www.elgiganten.se/products/msi-modern-14-amd-ryzen-5,2026-08-28T08:15:27.551208+00:00,2026-08-28
Elkjop - SE,Sweden,SE,Elkjop - SE,1P Retailer,SKU-SE-0010,"Apple MacBook Air 13"" M3 - Apple M3 M3 (Laptop)",,Apple,"MacBook Air 13"" M3",Apple,Apple M3,Apple M3,M3,3nm Apple Silicon,Integrated Intel Arc Graphics,Laptop,"14.0""",,16GB DDR5,512GB NVMe SSD,SSD,Windows 11 Home,2696,2211,2696,2211,485,18,USD,,InStock,https://www.elgiganten.se/products/apple-macbook-air-13-m3-apple-m3,2026-08-28T08:15:27.551208+00:00,2026-08-28
Elkjop - SE,Sweden,SE,Elkjop - SE,1P Retailer,,Dell Alienware m16 R2 - Intel Core Ultra 5 125H (Laptop),,Dell,Alienware m16 R2,Intel,Intel Core Ultra 5,Intel Core Ultra 5,125H,14th Gen / Meteor Lake,Integrated Intel Arc Graphics,Laptop,"16.0""",,32GB LPDDR5X,512GB NVMe SSD,SSD,Windows 11 Home,2743,2743,2743,2743,0,0,USD,,InStock,https://www.elgiganten.se/products/dell-alienware-m16-r2-intel-core-ultra-5,2026-08-28T08:15:27.551208+00:00,2026-08-28
Elkjop - SE,Sweden,SE,Elkjop - SE,1P Retailer,SKU-SE-0012,HP Victus 15 - Intel Core i5 1335U (Desktop PC),,HP,Victus 15,Intel,Intel Core i5,Intel Core i5,1335U,13th Gen / Raptor Lake,NVIDIA GeForce RTX 4060,Desktop,"27""",,16GB DDR5,1TB NVMe SSD,SSD,Windows 11 Home,2790,2455,2790,2455,335,12,USD,,InStock,https://www.elgiganten.se/products/hp-victus-15-intel-core-i5,2026-08-28T08:15:27.551208+00:00,2026-08-28
Elkjop - SE,Sweden,SE,Elkjop - SE,1P Retailer,SKU-SE-0013,Lenovo LOQ 15IRX9 - AMD Ryzen 7 7840HS (Laptop),,Lenovo,LOQ 15IRX9,AMD,AMD Ryzen 7,AMD Ryzen 7,7840HS,Zen 4 / Phoenix,Integrated Intel Arc Graphics,Laptop,"16.0""",,32GB LPDDR5X,512GB NVMe SSD,SSD,Windows 11 Home,637,637,637,637,0,0,USD,,InStock,https://www.elgiganten.se/products/lenovo-loq-15irx9-amd-ryzen-7,2026-08-28T08:15:27.551208+00:00,2026-08-28
Elkjop - SE,Sweden,SE,Elkjop - SE,1P Retailer,SKU-SE-0014,ASUS Zenbook Duo (2024) - Apple M3 Pro M3 Pro (Laptop),,ASUS,Zenbook Duo (2024),Apple,Apple M3 Pro,Apple M3 Pro,M3 Pro,3nm Apple Silicon,Integrated Intel Arc Graphics,Laptop,"14.0""",,16GB DDR5,512GB NVMe SSD,SSD,Windows 11 Home,684,684,684,684,0,0,USD,,InStock,https://www.elgiganten.se/products/asus-zenbook-duo-2024--apple-m3-pro,2026-08-28T08:15:27.551208+00:00,2026-08-28
Elkjop - SE,Sweden,SE,Elkjop - SE,1P Retailer,SKU-SE-0015,Acer Swift X 14 - Intel Core Ultra 7 155H (Laptop),,Acer,Swift X 14,Intel,Intel Core Ultra 7,Intel Core Ultra 7,155H,14th Gen / Meteor Lake,NVIDIA GeForce RTX 4060,Laptop,"16.0""",,32GB LPDDR5X,1TB NVMe SSD,SSD,Windows 11 Home,731,643,731,643,88,12,USD,,InStock,https://www.elgiganten.se/products/acer-swift-x-14-intel-core-ultra-7,2026-08-28T08:15:27.551208+00:00,2026-08-28
Elkjop - SE,Sweden,SE,Elkjop - SE,1P Retailer,SKU-SE-0016,Samsung Galaxy Book4 Ultra - Intel Core i7 13700H (Laptop),,Samsung,Galaxy Book4 Ultra,Intel,Intel Core i7,Intel Core i7,13700H,13th Gen / Raptor Lake,Integrated Intel Arc Graphics,Laptop,"14.0""",,16GB DDR5,512GB NVMe SSD,SSD,Windows 11 Home,778,778,778,778,0,0,USD,,InStock,https://www.elgiganten.se/products/samsung-galaxy-book4-ultra-intel-core-i7,2026-08-28T08:15:27.551208+00:00,2026-08-28
Elkjop - SE,Sweden,SE,Elkjop - SE,1P Retailer,SKU-SE-0017,MSI Raider GE78 HX - Intel Core 7 150U (Laptop),,MSI,Raider GE78 HX,Intel,Intel Core 7,Intel Core 7,150U,14th Gen / Series 1,Integrated Intel Arc Graphics,Laptop,"16.0""",,32GB LPDDR5X,512GB NVMe SSD,SSD,Windows 11 Home,825,825,825,825,0,0,USD,,InStock,https://www.elgiganten.se/products/msi-raider-ge78-hx-intel-core-7,2026-08-28T08:15:27.551208+00:00,2026-08-28
Elkjop - SE,Sweden,SE,Elkjop - SE,1P Retailer,SKU-SE-0018,"Apple MacBook Air 13"" M3 - AMD Ryzen 9 7945HX (Desktop PC)",,Apple,"MacBook Air 13"" M3",AMD,AMD Ryzen 9,AMD Ryzen 9,7945HX,Zen 4 / Dragon Range,NVIDIA GeForce RTX 4060,Desktop,"27""",,16GB DDR5,1TB NVMe SSD,SSD,Windows 11 Home,872,767,872,767,105,12,USD,,InStock,https://www.elgiganten.se/products/apple-macbook-air-13-m3-amd-ryzen-9,2026-08-28T08:15:27.551208+00:00,2026-08-28
Elkjop - SE,Sweden,SE,Elkjop - SE,1P Retailer,SKU-SE-0019,Dell Latitude 5540 - Snapdragon X Elite X1E-80-100 (Laptop),,Dell,Latitude 5540,Qualcomm,Snapdragon X Elite,Snapdragon X Elite,X1E-80-100,Oryon ARM,Integrated Intel Arc Graphics,Laptop,"16.0""",,32GB LPDDR5X,512GB NVMe SSD,SSD,Windows 11 Home,919,919,919,919,0,0,USD,,InStock,https://www.elgiganten.se/products/dell-latitude-5540-snapdragon-x-elite,2026-08-28T08:15:27.551208+00:00,2026-08-28
Elkjop - SE,Sweden,SE,Elkjop - SE,1P Retailer,SKU-SE-0020,HP EliteBook 840 G10 - Intel Core Ultra 9 185H (Laptop),,HP,EliteBook 840 G10,Intel,Intel Core Ultra 9,Intel Core Ultra 9,185H,14th Gen / Meteor Lake,Integrated Intel Arc Graphics,Laptop,"14.0""",,16GB DDR5,512GB NVMe SSD,SSD,Windows 11 Home,966,792,966,792,174,18,USD,,InStock,https://www.elgiganten.se/products/hp-elitebook-840-g10-intel-core-ultra-9,2026-08-28T08:15:27.551208+00:00,2026-08-28
Elkjop - SE,Sweden,SE,Elkjop - SE,1P Retailer,SKU-SE-0021,Lenovo ThinkPad X1 Carbon Gen 12 - Intel Core i9 14900HX (Laptop),,Lenovo,ThinkPad X1 Carbon Gen 12,Intel,Intel Core i9,Intel Core i9,14900HX,14th Gen / Raptor Lake-HX,NVIDIA GeForce RTX 4060,Laptop,"16.0""",,32GB LPDDR5X,1TB NVMe SSD,SSD,Windows 11 Home,1013,891,1013,891,122,12,USD,,InStock,https://www.elgiganten.se/products/lenovo-thinkpad-x1-carbon-gen-12-intel-core-i9,2026-08-28T08:15:27.551208+00:00,2026-08-28
Elkjop - SE,Sweden,SE,Elkjop - SE,1P Retailer,,ASUS Zenbook 14 OLED - AMD Ryzen 5 7520U (Laptop),,ASUS,Zenbook 14 OLED,AMD,AMD Ryzen 5,AMD Ryzen 5,7520U,Zen 2 / Mendocino,Integrated Intel Arc Graphics,Laptop,"14.0""",,16GB DDR5,512GB NVMe SSD,SSD,Windows 11 Home,1060,1060,1060,1060,0,0,USD,,InStock,https://www.elgiganten.se/products/asus-zenbook-14-oled-amd-ryzen-5,2026-08-28T08:15:27.551208+00:00,2026-08-28
Elkjop - SE,Sweden,SE,Elkjop - SE,1P Retailer,SKU-SE-0023,Acer Aspire 5 - Apple M3 M3 (Laptop),,Acer,Aspire 5,Apple,Apple M3,Apple M3,M3,3nm Apple Silicon,Integrated Intel Arc Graphics,Laptop,"16.0""",,32GB LPDDR5X,512GB NVMe SSD,SSD,Windows 11 Home,1107,1107,1107,1107,0,0,USD,,InStock,https://www.elgiganten.se/products/acer-aspire-5-apple-m3,2026-08-28T08:15:27.551208+00:00,2026-08-28
Elkjop - SE,Sweden,SE,Elkjop - SE,1P Retailer,SKU-SE-0024,Samsung Galaxy Book4 Pro - Intel Core Ultra 5 125H (Desktop PC),,Samsung,Galaxy Book4 Pro,Intel,Intel Core Ultra 5,Intel Core Ultra 5,125H,14th Gen / Meteor Lake,NVIDIA GeForce RTX 4060,Desktop,"27""",,16GB DDR5,1TB NVMe SSD,SSD,Windows 11 Home,1154,1016,1154,1016,138,12,USD,,InStock,https://www.elgiganten.se/products/samsung-galaxy-book4-pro-intel-core-ultra-5,2026-08-28T08:15:27.551208+00:00,2026-08-28
Elkjop - SE,Sweden,SE,Elkjop - SE,1P Retailer,SKU-SE-0025,MSI Prestige 16 AI Evo - Intel Core i5 1335U (Laptop),,MSI,Prestige 16 AI Evo,Intel,Intel Core i5,Intel Core i5,1335U,13th Gen / Raptor Lake,Integrated Intel Arc Graphics,Laptop,"16.0""",,32GB LPDDR5X,512GB NVMe SSD,SSD,Windows 11 Home,1201,985,1201,985,216,18,USD,,InStock,https://www.elgiganten.se/products/msi-prestige-16-ai-evo-intel-core-i5,2026-08-28T08:15:27.551208+00:00,2026-08-28
Elkjop - SE,Sweden,SE,Elkjop - SE,1P Retailer,SKU-SE-0026,"Apple MacBook Air 13"" M3 - AMD Ryzen 7 7840HS (Laptop)",,Apple,"MacBook Air 13"" M3",AMD,AMD Ryzen 7,AMD Ryzen 7,7840HS,Zen 4 / Phoenix,Integrated Intel Arc Graphics,Laptop,"14.0""",,16GB DDR5,512GB NVMe SSD,SSD,Windows 11 Home,1248,1248,1248,1248,0,0,USD,,InStock,https://www.elgiganten.se/products/apple-macbook-air-13-m3-amd-ryzen-7,2026-08-28T08:15:27.551208+00:00,2026-08-28
Elkjop - SE,Sweden,SE,Elkjop - SE,1P Retailer,SKU-SE-0027,Dell G15 Gaming (5530) - Apple M3 Pro M3 Pro (Laptop),,Dell,G15 Gaming (5530),Apple,Apple M3 Pro,Apple M3 Pro,M3 Pro,3nm Apple Silicon,NVIDIA GeForce RTX 4060,Laptop,"16.0""",,32GB LPDDR5X,1TB NVMe SSD,SSD,Windows 11 Home,1295,1140,1295,1140,155,12,USD,,InStock,https://www.elgiganten.se/products/dell-g15-gaming-5530--apple-m3-pro,2026-08-28T08:15:27.551208+00:00,2026-08-28
Elkjop - SE,Sweden,SE,Elkjop - SE,1P Retailer,SKU-SE-0028,HP Spectre x360 14 - Intel Core Ultra 7 155H (Laptop),,HP,Spectre x360 14,Intel,Intel Core Ultra 7,Intel Core Ultra 7,155H,14th Gen / Meteor Lake,Integrated Intel Arc Graphics,Laptop,"14.0""",,16GB DDR5,512GB NVMe SSD,SSD,Windows 11 Home,1342,1342,1342,1342,0,0,USD,,InStock,https://www.elgiganten.se/products/hp-spectre-x360-14-intel-core-ultra-7,2026-08-28T08:15:27.551208+00:00,2026-08-28
Elkjop - NO,Norway,NO,Elkjop - NO,1P Retailer,SKU-NO-0001,Samsung Galaxy Book4 Ultra - Intel Core Ultra 9 185H (Laptop),,Samsung,Galaxy Book4 Ultra,Intel,Intel Core Ultra 9,Intel Core Ultra 9,185H,14th Gen / Meteor Lake,Integrated Intel Arc Graphics,Laptop,"16.0""",,32GB LPDDR5X,512GB NVMe SSD,SSD,Windows 11 Home,2362,2362,2362,2362,0,0,USD,,InStock,https://www.elkjop.no/products/samsung-galaxy-book4-ultra-intel-core-ultra-9,2026-08-28T08:15:27.551208+00:00,2026-08-28
Elkjop - NO,Norway,NO,Elkjop - NO,1P Retailer,SKU-NO-0002,MSI Raider GE78 HX - Intel Core i9 14900HX (Laptop),,MSI,Raider GE78 HX,Intel,Intel Core i9,Intel Core i9,14900HX,14th Gen / Raptor Lake-HX,Integrated Intel Arc Graphics,Laptop,"14.0""",,16GB DDR5,512GB NVMe SSD,SSD,Windows 11 Home,2409,2409,2409,2409,0,0,USD,,InStock,https://www.elkjop.no/products/msi-raider-ge78-hx-intel-core-i9,2026-08-28T08:15:27.551208+00:00,2026-08-28
Elkjop - NO,Norway,NO,Elkjop - NO,1P Retailer,SKU-NO-0003,"Apple MacBook Air 15"" M3 - AMD Ryzen 5 7520U (Laptop)",,Apple,"MacBook Air 15"" M3",AMD,AMD Ryzen 5,AMD Ryzen 5,7520U,Zen 2 / Mendocino,NVIDIA GeForce RTX 4060,Laptop,"16.0""",,32GB LPDDR5X,1TB NVMe SSD,SSD,Windows 11 Home,2456,2161,2456,2161,295,12,USD,,InStock,https://www.elkjop.no/products/apple-macbook-air-15-m3-amd-ryzen-5,2026-08-28T08:15:27.551208+00:00,2026-08-28
Elkjop - NO,Norway,NO,Elkjop - NO,1P Retailer,SKU-NO-0004,Dell Alienware m16 R2 - Apple M3 M3 (Laptop),,Dell,Alienware m16 R2,Apple,Apple M3,Apple M3,M3,3nm Apple Silicon,Integrated Intel Arc Graphics,Laptop,"14.0""",,16GB DDR5,512GB NVMe SSD,SSD,Windows 11 Home,2503,2503,2503,2503,0,0,USD,,InStock,https://www.elkjop.no/products/dell-alienware-m16-r2-apple-m3,2026-08-28T08:15:27.551208+00:00,2026-08-28
Elkjop - NO,Norway,NO,Elkjop - NO,1P Retailer,SKU-NO-0005,HP Victus 15 - Intel Core Ultra 5 125H (Laptop),,HP,Victus 15,Intel,Intel Core Ultra 5,Intel Core Ultra 5,125H,14th Gen / Meteor Lake,Integrated Intel Arc Graphics,Laptop,"16.0""",,32GB LPDDR5X,512GB NVMe SSD,SSD,Windows 11 Home,2550,2091,2550,2091,459,18,USD,,InStock,https://www.elkjop.no/products/hp-victus-15-intel-core-ultra-5,2026-08-28T08:15:27.551208+00:00,2026-08-28
Elkjop - NO,Norway,NO,Elkjop - NO,1P Retailer,SKU-NO-0006,Lenovo LOQ 15IRX9 - Intel Core i5 1335U (Desktop PC),,Lenovo,LOQ 15IRX9,Intel,Intel Core i5,Intel Core i5,1335U,13th Gen / Raptor Lake,NVIDIA GeForce RTX 4060,Desktop,"27""",,16GB DDR5,1TB NVMe SSD,SSD,Windows 11 Home,2597,2285,2597,2285,312,12,USD,,InStock,https://www.elkjop.no/products/lenovo-loq-15irx9-intel-core-i5,2026-08-28T08:15:27.551208+00:00,2026-08-28
Elkjop - NO,Norway,NO,Elkjop - NO,1P Retailer,SKU-NO-0007,ASUS Zenbook Duo (2024) - AMD Ryzen 7 7840HS (Laptop),,ASUS,Zenbook Duo (2024),AMD,AMD Ryzen 7,AMD Ryzen 7,7840HS,Zen 4 / Phoenix,Integrated Intel Arc Graphics,Laptop,"16.0""",,32GB LPDDR5X,512GB NVMe SSD,SSD,Windows 11 Home,2644,2644,2644,2644,0,0,USD,,InStock,https://www.elkjop.no/products/asus-zenbook-duo-2024--amd-ryzen-7,2026-08-28T08:15:27.551208+00:00,2026-08-28
Elkjop - NO,Norway,NO,Elkjop - NO,1P Retailer,SKU-NO-0008,Acer Swift X 14 - Apple M3 Pro M3 Pro (Laptop),,Acer,Swift X 14,Apple,Apple M3 Pro,Apple M3 Pro,M3 Pro,3nm Apple Silicon,Integrated Intel Arc Graphics,Laptop,"14.0""",,16GB DDR5,512GB NVMe SSD,SSD,Windows 11 Home,2691,2691,2691,2691,0,0,USD,,InStock,https://www.elkjop.no/products/acer-swift-x-14-apple-m3-pro,2026-08-28T08:15:27.551208+00:00,2026-08-28
Elkjop - NO,Norway,NO,Elkjop - NO,1P Retailer,SKU-NO-0009,Samsung Galaxy Book4 Pro - Intel Core Ultra 7 155H (Laptop),,Samsung,Galaxy Book4 Pro,Intel,Intel Core Ultra 7,Intel Core Ultra 7,155H,14th Gen / Meteor Lake,NVIDIA GeForce RTX 4060,Laptop,"16.0""",,32GB LPDDR5X,1TB NVMe SSD,SSD,Windows 11 Home,2738,2409,2738,2409,329,12,USD,,InStock,https://www.elkjop.no/products/samsung-galaxy-book4-pro-intel-core-ultra-7,2026-08-28T08:15:27.551208+00:00,2026-08-28
Elkjop - NO,Norway,NO,Elkjop - NO,1P Retailer,SKU-NO-0010,MSI Prestige 16 AI Evo - Intel Core i7 13700H (Laptop),,MSI,Prestige 16 AI Evo,Intel,Intel Core i7,Intel Core i7,13700H,13th Gen / Raptor Lake,Integrated Intel Arc Graphics,Laptop,"14.0""",,16GB DDR5,512GB NVMe SSD,SSD,Windows 11 Home,2785,2284,2785,2284,501,18,USD,,InStock,https://www.elkjop.no/products/msi-prestige-16-ai-evo-intel-core-i7,2026-08-28T08:15:27.551208+00:00,2026-08-28
Elkjop - NO,Norway,NO,Elkjop - NO,1P Retailer,,"Apple MacBook Air 15"" M3 - Intel Core 7 150U (Laptop)",,Apple,"MacBook Air 15"" M3",Intel,Intel Core 7,Intel Core 7,150U,14th Gen / Series 1,Integrated Intel Arc Graphics,Laptop,"16.0""",,32GB LPDDR5X,512GB NVMe SSD,SSD,Windows 11 Home,632,632,632,632,0,0,USD,,InStock,https://www.elkjop.no/products/apple-macbook-air-15-m3-intel-core-7,2026-08-28T08:15:27.551208+00:00,2026-08-28
Elkjop - NO,Norway,NO,Elkjop - NO,1P Retailer,SKU-NO-0012,Dell Latitude 5540 - AMD Ryzen 9 7945HX (Desktop PC),,Dell,Latitude 5540,AMD,AMD Ryzen 9,AMD Ryzen 9,7945HX,Zen 4 / Dragon Range,NVIDIA GeForce RTX 4060,Desktop,"27""",,16GB DDR5,1TB NVMe SSD,SSD,Windows 11 Home,679,598,679,598,81,12,USD,,InStock,https://www.elkjop.no/products/dell-latitude-5540-amd-ryzen-9,2026-08-28T08:15:27.551208+00:00,2026-08-28
Elkjop - NO,Norway,NO,Elkjop - NO,1P Retailer,SKU-NO-0013,HP EliteBook 840 G10 - Snapdragon X Elite X1E-80-100 (Laptop),,HP,EliteBook 840 G10,Qualcomm,Snapdragon X Elite,Snapdragon X Elite,X1E-80-100,Oryon ARM,Integrated Intel Arc Graphics,Laptop,"16.0""",,32GB LPDDR5X,512GB NVMe SSD,SSD,Windows 11 Home,726,726,726,726,0,0,USD,,InStock,https://www.elkjop.no/products/hp-elitebook-840-g10-snapdragon-x-elite,2026-08-28T08:15:27.551208+00:00,2026-08-28
Elkjop - NO,Norway,NO,Elkjop - NO,1P Retailer,SKU-NO-0014,Lenovo ThinkPad X1 Carbon Gen 12 - Intel Core Ultra 9 185H (Laptop),,Lenovo,ThinkPad X1 Carbon Gen 12,Intel,Intel Core Ultra 9,Intel Core Ultra 9,185H,14th Gen / Meteor Lake,Integrated Intel Arc Graphics,Laptop,"14.0""",,16GB DDR5,512GB NVMe SSD,SSD,Windows 11 Home,773,773,773,773,0,0,USD,,InStock,https://www.elkjop.no/products/lenovo-thinkpad-x1-carbon-gen-12-intel-core-ultra-9,2026-08-28T08:15:27.551208+00:00,2026-08-28
Elkjop - NO,Norway,NO,Elkjop - NO,1P Retailer,SKU-NO-0015,ASUS Zenbook 14 OLED - Intel Core i9 14900HX (Laptop),,ASUS,Zenbook 14 OLED,Intel,Intel Core i9,Intel Core i9,14900HX,14th Gen / Raptor Lake-HX,NVIDIA GeForce RTX 4060,Laptop,"16.0""",,32GB LPDDR5X,1TB NVMe SSD,SSD,Windows 11 Home,820,722,820,722,98,12,USD,,InStock,https://www.elkjop.no/products/asus-zenbook-14-oled-intel-core-i9,2026-08-28T08:15:27.551208+00:00,2026-08-28
Elkjop - NO,Norway,NO,Elkjop - NO,1P Retailer,SKU-NO-0016,Acer Aspire 5 - AMD Ryzen 5 7520U (Laptop),,Acer,Aspire 5,AMD,AMD Ryzen 5,AMD Ryzen 5,7520U,Zen 2 / Mendocino,Integrated Intel Arc Graphics,Laptop,"14.0""",,16GB DDR5,512GB NVMe SSD,SSD,Windows 11 Home,867,867,867,867,0,0,USD,,InStock,https://www.elkjop.no/products/acer-aspire-5-amd-ryzen-5,2026-08-28T08:15:27.551208+00:00,2026-08-28
Elkjop - NO,Norway,NO,Elkjop - NO,1P Retailer,SKU-NO-0017,Samsung Galaxy Book4 360 - Apple M3 M3 (Laptop),,Samsung,Galaxy Book4 360,Apple,Apple M3,Apple M3,M3,3nm Apple Silicon,Integrated Intel Arc Graphics,Laptop,"16.0""",,32GB LPDDR5X,512GB NVMe SSD,SSD,Windows 11 Home,914,914,914,914,0,0,USD,,InStock,https://www.elkjop.no/products/samsung-galaxy-book4-360-apple-m3,2026-08-28T08:15:27.551208+00:00,2026-08-28
Elkjop - NO,Norway,NO,Elkjop - NO,1P Retailer,SKU-NO-0018,MSI Cyborg 15 - Intel Core Ultra 5 125H (Desktop PC),,MSI,Cyborg 15,Intel,Intel Core Ultra 5,Intel Core Ultra 5,125H,14th Gen / Meteor Lake,NVIDIA GeForce RTX 4060,Desktop,"27""",,16GB DDR5,1TB NVMe SSD,SSD,Windows 11 Home,961,846,961,846,115,12,USD,,InStock,https://www.elkjop.no/products/msi-cyborg-15-intel-core-ultra-5,2026-08-28T08:15:27.551208+00:00,2026-08-28
Elkjop - NO,Norway,NO,Elkjop - NO,1P Retailer,SKU-NO-0019,"Apple MacBook Air 15"" M3 - Intel Core i5 1335U (Laptop)",,Apple,"MacBook Air 15"" M3",Intel,Intel Core i5,Intel Core i5,1335U,13th Gen / Raptor Lake,Integrated Intel Arc Graphics,Laptop,"16.0""",,32GB LPDDR5X,512GB NVMe SSD,SSD,Windows 11 Home,1008,1008,1008,1008,0,0,USD,,InStock,https://www.elkjop.no/products/apple-macbook-air-15-m3-intel-core-i5,2026-08-28T08:15:27.551208+00:00,2026-08-28
Elkjop - NO,Norway,NO,Elkjop - NO,1P Retailer,SKU-NO-0020,Dell G15 Gaming (5530) - AMD Ryzen 7 7840HS (Laptop),,Dell,G15 Gaming (5530),AMD,AMD Ryzen 7,AMD Ryzen 7,7840HS,Zen 4 / Phoenix,Integrated Intel Arc Graphics,Laptop,"14.0""",,16GB DDR5,512GB NVMe SSD,SSD,Windows 11 Home,1055,865,1055,865,190,18,USD,,InStock,https://www.elkjop.no/products/dell-g15-gaming-5530--amd-ryzen-7,2026-08-28T08:15:27.551208+00:00,2026-08-28
Elkjop - NO,Norway,NO,Elkjop - NO,1P Retailer,SKU-NO-0021,HP Spectre x360 14 - Apple M3 Pro M3 Pro (Laptop),,HP,Spectre x360 14,Apple,Apple M3 Pro,Apple M3 Pro,M3 Pro,3nm Apple Silicon,NVIDIA GeForce RTX 4060,Laptop,"16.0""",,32GB LPDDR5X,1TB NVMe SSD,SSD,Windows 11 Home,1102,970,1102,970,132,12,USD,,InStock,https://www.elkjop.no/products/hp-spectre-x360-14-apple-m3-pro,2026-08-28T08:15:27.551208+00:00,2026-08-28
Elkjop - NO,Norway,NO,Elkjop - NO,1P Retailer,,"Lenovo Yoga Pro 9i (16"") - Intel Core Ultra 7 155H (Laptop)",,Lenovo,"Yoga Pro 9i (16"")",Intel,Intel Core Ultra 7,Intel Core Ultra 7,155H,14th Gen / Meteor Lake,Integrated Intel Arc Graphics,Laptop,"14.0""",,16GB DDR5,512GB NVMe SSD,SSD,Windows 11 Home,1149,1149,1149,1149,0,0,USD,,InStock,https://www.elkjop.no/products/lenovo-yoga-pro-9i-16--intel-core-ultra-7,2026-08-28T08:15:27.551208+00:00,2026-08-28
Elkjop - NO,Norway,NO,Elkjop - NO,1P Retailer,SKU-NO-0023,ASUS Vivobook S 15 OLED - Intel Core i7 13700H (Laptop),,ASUS,Vivobook S 15 OLED,Intel,Intel Core i7,Intel Core i7,13700H,13th Gen / Raptor Lake,Integrated Intel Arc Graphics,Laptop,"16.0""",,32GB LPDDR5X,512GB NVMe SSD,SSD,Windows 11 Home,1196,1196,1196,1196,0,0,USD,,InStock,https://www.elkjop.no/products/asus-vivobook-s-15-oled-intel-core-i7,2026-08-28T08:15:27.551208+00:00,2026-08-28
Elkjop - NO,Norway,NO,Elkjop - NO,1P Retailer,SKU-NO-0024,Acer Predator Helios 16 - Intel Core 7 150U (Desktop PC),,Acer,Predator Helios 16,Intel,Intel Core 7,Intel Core 7,150U,14th Gen / Series 1,NVIDIA GeForce RTX 4060,Desktop,"27""",,16GB DDR5,1TB NVMe SSD,SSD,Windows 11 Home,1243,1094,1243,1094,149,12,USD,,InStock,https://www.elkjop.no/products/acer-predator-helios-16-intel-core-7,2026-08-28T08:15:27.551208+00:00,2026-08-28
Elkjop - NO,Norway,NO,Elkjop - NO,1P Retailer,SKU-NO-0025,Samsung Galaxy Book4 Ultra - AMD Ryzen 9 7945HX (Laptop),,Samsung,Galaxy Book4 Ultra,AMD,AMD Ryzen 9,AMD Ryzen 9,7945HX,Zen 4 / Dragon Range,Integrated Intel Arc Graphics,Laptop,"16.0""",,32GB LPDDR5X,512GB NVMe SSD,SSD,Windows 11 Home,1290,1058,1290,1058,232,18,USD,,InStock,https://www.elkjop.no/products/samsung-galaxy-book4-ultra-amd-ryzen-9,2026-08-28T08:15:27.551208+00:00,2026-08-28
Elkjop - NO,Norway,NO,Elkjop - NO,1P Retailer,SKU-NO-0026,MSI Stealth 16 AI Studio - Snapdragon X Elite X1E-80-100 (Laptop),,MSI,Stealth 16 AI Studio,Qualcomm,Snapdragon X Elite,Snapdragon X Elite,X1E-80-100,Oryon ARM,Integrated Intel Arc Graphics,Laptop,"14.0""",,16GB DDR5,512GB NVMe SSD,SSD,Windows 11 Home,1337,1337,1337,1337,0,0,USD,,InStock,https://www.elkjop.no/products/msi-stealth-16-ai-studio-snapdragon-x-elite,2026-08-28T08:15:27.551208+00:00,2026-08-28
Elkjop - NO,Norway,NO,Elkjop - NO,1P Retailer,SKU-NO-0027,"Apple MacBook Air 15"" M3 - Intel Core Ultra 9 185H (Laptop)",,Apple,"MacBook Air 15"" M3",Intel,Intel Core Ultra 9,Intel Core Ultra 9,185H,14th Gen / Meteor Lake,NVIDIA GeForce RTX 4060,Laptop,"16.0""",,32GB LPDDR5X,1TB NVMe SSD,SSD,Windows 11 Home,1384,1218,1384,1218,166,12,USD,,InStock,https://www.elkjop.no/products/apple-macbook-air-15-m3-intel-core-ultra-9,2026-08-28T08:15:27.551208+00:00,2026-08-28
Elkjop - NO,Norway,NO,Elkjop - NO,1P Retailer,SKU-NO-0028,Dell XPS 14 (9440) - Intel Core i9 14900HX (Laptop),,Dell,XPS 14 (9440),Intel,Intel Core i9,Intel Core i9,14900HX,14th Gen / Raptor Lake-HX,Integrated Intel Arc Graphics,Laptop,"14.0""",,16GB DDR5,512GB NVMe SSD,SSD,Windows 11 Home,1431,1431,1431,1431,0,0,USD,,InStock,https://www.elkjop.no/products/dell-xps-14-9440--intel-core-i9,2026-08-28T08:15:27.551208+00:00,2026-08-28
Elgiganten - DK,Denmark,DK,Elgiganten - DK,1P Retailer,SKU-DK-0001,Acer Swift X 14 - AMD Ryzen 7 7840HS (Laptop),,Acer,Swift X 14,AMD,AMD Ryzen 7,AMD Ryzen 7,7840HS,Zen 4 / Phoenix,Integrated Intel Arc Graphics,Laptop,"16.0""",,32GB LPDDR5X,512GB NVMe SSD,SSD,Windows 11 Home,2451,2451,2451,2451,0,0,USD,,InStock,https://www.elgiganten.dk/products/acer-swift-x-14-amd-ryzen-7,2026-08-28T08:15:27.551208+00:00,2026-08-28
Elgiganten - DK,Denmark,DK,Elgiganten - DK,1P Retailer,SKU-DK-0002,Samsung Galaxy Book4 360 - Apple M3 Pro M3 Pro (Laptop),,Samsung,Galaxy Book4 360,Apple,Apple M3 Pro,Apple M3 Pro,M3 Pro,3nm Apple Silicon,Integrated Intel Arc Graphics,Laptop,"14.0""",,16GB DDR5,512GB NVMe SSD,SSD,Windows 11 Home,2498,2498,2498,2498,0,0,USD,,InStock,https://www.elgiganten.dk/products/samsung-galaxy-book4-360-apple-m3-pro,2026-08-28T08:15:27.551208+00:00,2026-08-28
Elgiganten - DK,Denmark,DK,Elgiganten - DK,1P Retailer,SKU-DK-0003,MSI Cyborg 15 - Intel Core Ultra 7 155H (Laptop),,MSI,Cyborg 15,Intel,Intel Core Ultra 7,Intel Core Ultra 7,155H,14th Gen / Meteor Lake,NVIDIA GeForce RTX 4060,Laptop,"16.0""",,32GB LPDDR5X,1TB NVMe SSD,SSD,Windows 11 Home,2545,2240,2545,2240,305,12,USD,,InStock,https://www.elgiganten.dk/products/msi-cyborg-15-intel-core-ultra-7,2026-08-28T08:15:27.551208+00:00,2026-08-28
Elgiganten - DK,Denmark,DK,Elgiganten - DK,1P Retailer,SKU-DK-0004,"Apple MacBook Pro 14"" M3 - Intel Core i7 13700H (Laptop)",,Apple,"MacBook Pro 14"" M3",Intel,Intel Core i7,Intel Core i7,13700H,13th Gen / Raptor Lake,Integrated Intel Arc Graphics,Laptop,"14.0""",,16GB DDR5,512GB NVMe SSD,SSD,Windows 11 Home,2592,2592,2592,2592,0,0,USD,,InStock,https://www.elgiganten.dk/products/apple-macbook-pro-14-m3-intel-core-i7,2026-08-28T08:15:27.551208+00:00,2026-08-28
Elgiganten - DK,Denmark,DK,Elgiganten - DK,1P Retailer,SKU-DK-0005,Dell Latitude 5540 - Intel Core 7 150U (Laptop),,Dell,Latitude 5540,Intel,Intel Core 7,Intel Core 7,150U,14th Gen / Series 1,Integrated Intel Arc Graphics,Laptop,"16.0""",,32GB LPDDR5X,512GB NVMe SSD,SSD,Windows 11 Home,2639,2164,2639,2164,475,18,USD,,InStock,https://www.elgiganten.dk/products/dell-latitude-5540-intel-core-7,2026-08-28T08:15:27.551208+00:00,2026-08-28
Elgiganten - DK,Denmark,DK,Elgiganten - DK,1P Retailer,SKU-DK-0006,HP EliteBook 840 G10 - AMD Ryzen 9 7945HX (Desktop PC),,HP,EliteBook 840 G10,AMD,AMD Ryzen 9,AMD Ryzen 9,7945HX,Zen 4 / Dragon Range,NVIDIA GeForce RTX 4060,Desktop,"27""",,16GB DDR5,1TB NVMe SSD,SSD,Windows 11 Home,2686,2364,2686,2364,322,12,USD,,InStock,https://www.elgiganten.dk/products/hp-elitebook-840-g10-amd-ryzen-9,2026-08-28T08:15:27.551208+00:00,2026-08-28
Elgiganten - DK,Denmark,DK,Elgiganten - DK,1P Retailer,SKU-DK-0007,Lenovo ThinkPad X1 Carbon Gen 12 - Snapdragon X Elite X1E-80-100 (Laptop),,Lenovo,ThinkPad X1 Carbon Gen 12,Qualcomm,Snapdragon X Elite,Snapdragon X Elite,X1E-80-100,Oryon ARM,Integrated Intel Arc Graphics,Laptop,"16.0""",,32GB LPDDR5X,512GB NVMe SSD,SSD,Windows 11 Home,2733,2733,2733,2733,0,0,USD,,InStock,https://www.elgiganten.dk/products/lenovo-thinkpad-x1-carbon-gen-12-snapdragon-x-elite,2026-08-28T08:15:27.551208+00:00,2026-08-28
Elgiganten - DK,Denmark,DK,Elgiganten - DK,1P Retailer,SKU-DK-0008,ASUS Zenbook 14 OLED - Intel Core Ultra 9 185H (Laptop),,ASUS,Zenbook 14 OLED,Intel,Intel Core Ultra 9,Intel Core Ultra 9,185H,14th Gen / Meteor Lake,Integrated Intel Arc Graphics,Laptop,"14.0""",,16GB DDR5,512GB NVMe SSD,SSD,Windows 11 Home,2780,2780,2780,2780,0,0,USD,,InStock,https://www.elgiganten.dk/products/asus-zenbook-14-oled-intel-core-ultra-9,2026-08-28T08:15:27.551208+00:00,2026-08-28
Elgiganten - DK,Denmark,DK,Elgiganten - DK,1P Retailer,SKU-DK-0009,Acer Aspire 5 - Intel Core i9 14900HX (Laptop),,Acer,Aspire 5,Intel,Intel Core i9,Intel Core i9,14900HX,14th Gen / Raptor Lake-HX,NVIDIA GeForce RTX 4060,Laptop,"16.0""",,32GB LPDDR5X,1TB NVMe SSD,SSD,Windows 11 Home,627,552,627,552,75,12,USD,,InStock,https://www.elgiganten.dk/products/acer-aspire-5-intel-core-i9,2026-08-28T08:15:27.551208+00:00,2026-08-28
Elgiganten - DK,Denmark,DK,Elgiganten - DK,1P Retailer,SKU-DK-0010,Samsung Galaxy Book4 Ultra - AMD Ryzen 5 7520U (Laptop),,Samsung,Galaxy Book4 Ultra,AMD,AMD Ryzen 5,AMD Ryzen 5,7520U,Zen 2 / Mendocino,Integrated Intel Arc Graphics,Laptop,"14.0""",,16GB DDR5,512GB NVMe SSD,SSD,Windows 11 Home,674,553,674,553,121,18,USD,,InStock,https://www.elgiganten.dk/products/samsung-galaxy-book4-ultra-amd-ryzen-5,2026-08-28T08:15:27.551208+00:00,2026-08-28
Elgiganten - DK,Denmark,DK,Elgiganten - DK,1P Retailer,,MSI Stealth 16 AI Studio - Apple M3 M3 (Laptop),,MSI,Stealth 16 AI Studio,Apple,Apple M3,Apple M3,M3,3nm Apple Silicon,Integrated Intel Arc Graphics,Laptop,"16.0""",,32GB LPDDR5X,512GB NVMe SSD,SSD,Windows 11 Home,721,721,721,721,0,0,USD,,InStock,https://www.elgiganten.dk/products/msi-stealth-16-ai-studio-apple-m3,2026-08-28T08:15:27.551208+00:00,2026-08-28
Elgiganten - DK,Denmark,DK,Elgiganten - DK,1P Retailer,SKU-DK-0012,"Apple MacBook Pro 14"" M3 - Intel Core Ultra 5 125H (Desktop PC)",,Apple,"MacBook Pro 14"" M3",Intel,Intel Core Ultra 5,Intel Core Ultra 5,125H,14th Gen / Meteor Lake,NVIDIA GeForce RTX 4060,Desktop,"27""",,16GB DDR5,1TB NVMe SSD,SSD,Windows 11 Home,768,676,768,676,92,12,USD,,InStock,https://www.elgiganten.dk/products/apple-macbook-pro-14-m3-intel-core-ultra-5,2026-08-28T08:15:27.551208+00:00,2026-08-28
Elgiganten - DK,Denmark,DK,Elgiganten - DK,1P Retailer,SKU-DK-0013,Dell G15 Gaming (5530) - Intel Core i5 1335U (Laptop),,Dell,G15 Gaming (5530),Intel,Intel Core i5,Intel Core i5,1335U,13th Gen / Raptor Lake,Integrated Intel Arc Graphics,Laptop,"16.0""",,32GB LPDDR5X,512GB NVMe SSD,SSD,Windows 11 Home,815,815,815,815,0,0,USD,,InStock,https://www.elgiganten.dk/products/dell-g15-gaming-5530--intel-core-i5,2026-08-28T08:15:27.551208+00:00,2026-08-28
Elgiganten - DK,Denmark,DK,Elgiganten - DK,1P Retailer,SKU-DK-0014,HP Spectre x360 14 - AMD Ryzen 7 7840HS (Laptop),,HP,Spectre x360 14,AMD,AMD Ryzen 7,AMD Ryzen 7,7840HS,Zen 4 / Phoenix,Integrated Intel Arc Graphics,Laptop,"14.0""",,16GB DDR5,512GB NVMe SSD,SSD,Windows 11 Home,862,862,862,862,0,0,USD,,InStock,https://www.elgiganten.dk/products/hp-spectre-x360-14-amd-ryzen-7,2026-08-28T08:15:27.551208+00:00,2026-08-28
Elgiganten - DK,Denmark,DK,Elgiganten - DK,1P Retailer,SKU-DK-0015,"Lenovo Yoga Pro 9i (16"") - Apple M3 Pro M3 Pro (Laptop)",,Lenovo,"Yoga Pro 9i (16"")",Apple,Apple M3 Pro,Apple M3 Pro,M3 Pro,3nm Apple Silicon,NVIDIA GeForce RTX 4060,Laptop,"16.0""",,32GB LPDDR5X,1TB NVMe SSD,SSD,Windows 11 Home,909,800,909,800,109,12,USD,,InStock,https://www.elgiganten.dk/products/lenovo-yoga-pro-9i-16--apple-m3-pro,2026-08-28T08:15:27.551208+00:00,2026-08-28
Elgiganten - DK,Denmark,DK,Elgiganten - DK,1P Retailer,SKU-DK-0016,ASUS Vivobook S 15 OLED - Intel Core Ultra 7 155H (Laptop),,ASUS,Vivobook S 15 OLED,Intel,Intel Core Ultra 7,Intel Core Ultra 7,155H,14th Gen / Meteor Lake,Integrated Intel Arc Graphics,Laptop,"14.0""",,16GB DDR5,512GB NVMe SSD,SSD,Windows 11 Home,956,956,956,956,0,0,USD,,InStock,https://www.elgiganten.dk/products/asus-vivobook-s-15-oled-intel-core-ultra-7,2026-08-28T08:15:27.551208+00:00,2026-08-28
Elgiganten - DK,Denmark,DK,Elgiganten - DK,1P Retailer,SKU-DK-0017,Acer Predator Helios 16 - Intel Core i7 13700H (Laptop),,Acer,Predator Helios 16,Intel,Intel Core i7,Intel Core i7,13700H,13th Gen / Raptor Lake,Integrated Intel Arc Graphics,Laptop,"16.0""",,32GB LPDDR5X,512GB NVMe SSD,SSD,Windows 11 Home,1003,1003,1003,1003,0,0,USD,,InStock,https://www.elgiganten.dk/products/acer-predator-helios-16-intel-core-i7,2026-08-28T08:15:27.551208+00:00,2026-08-28
Elgiganten - DK,Denmark,DK,Elgiganten - DK,1P Retailer,SKU-DK-0018,Samsung Galaxy Book4 Pro - Intel Core 7 150U (Desktop PC),,Samsung,Galaxy Book4 Pro,Intel,Intel Core 7,Intel Core 7,150U,14th Gen / Series 1,NVIDIA GeForce RTX 4060,Desktop,"27""",,16GB DDR5,1TB NVMe SSD,SSD,Windows 11 Home,1050,924,1050,924,126,12,USD,,InStock,https://www.elgiganten.dk/products/samsung-galaxy-book4-pro-intel-core-7,2026-08-28T08:15:27.551208+00:00,2026-08-28
Elgiganten - DK,Denmark,DK,Elgiganten - DK,1P Retailer,SKU-DK-0019,MSI Modern 14 - AMD Ryzen 9 7945HX (Laptop),,MSI,Modern 14,AMD,AMD Ryzen 9,AMD Ryzen 9,7945HX,Zen 4 / Dragon Range,Integrated Intel Arc Graphics,Laptop,"16.0""",,32GB LPDDR5X,512GB NVMe SSD,SSD,Windows 11 Home,1097,1097,1097,1097,0,0,USD,,InStock,https://www.elgiganten.dk/products/msi-modern-14-amd-ryzen-9,2026-08-28T08:15:27.551208+00:00,2026-08-28
Elgiganten - DK,Denmark,DK,Elgiganten - DK,1P Retailer,SKU-DK-0020,"Apple MacBook Pro 14"" M3 - Snapdragon X Elite X1E-80-100 (Laptop)",,Apple,"MacBook Pro 14"" M3",Qualcomm,Snapdragon X Elite,Snapdragon X Elite,X1E-80-100,Oryon ARM,Integrated Intel Arc Graphics,Laptop,"14.0""",,16GB DDR5,512GB NVMe SSD,SSD,Windows 11 Home,1144,938,1144,938,206,18,USD,,InStock,https://www.elgiganten.dk/products/apple-macbook-pro-14-m3-snapdragon-x-elite,2026-08-28T08:15:27.551208+00:00,2026-08-28
Elgiganten - DK,Denmark,DK,Elgiganten - DK,1P Retailer,SKU-DK-0021,Dell XPS 14 (9440) - Intel Core Ultra 9 185H (Laptop),,Dell,XPS 14 (9440),Intel,Intel Core Ultra 9,Intel Core Ultra 9,185H,14th Gen / Meteor Lake,NVIDIA GeForce RTX 4060,Laptop,"16.0""",,32GB LPDDR5X,1TB NVMe SSD,SSD,Windows 11 Home,1191,1048,1191,1048,143,12,USD,,InStock,https://www.elgiganten.dk/products/dell-xps-14-9440--intel-core-ultra-9,2026-08-28T08:15:27.551208+00:00,2026-08-28
Elgiganten - DK,Denmark,DK,Elgiganten - DK,1P Retailer,,HP Spectre x360 16 - Intel Core i9 14900HX (Laptop),,HP,Spectre x360 16,Intel,Intel Core i9,Intel Core i9,14900HX,14th Gen / Raptor Lake-HX,Integrated Intel Arc Graphics,Laptop,"14.0""",,16GB DDR5,512GB NVMe SSD,SSD,Windows 11 Home,1238,1238,1238,1238,0,0,USD,,InStock,https://www.elgiganten.dk/products/hp-spectre-x360-16-intel-core-i9,2026-08-28T08:15:27.551208+00:00,2026-08-28
Elgiganten - DK,Denmark,DK,Elgiganten - DK,1P Retailer,SKU-DK-0023,Lenovo Yoga 7i 2-in-1 - AMD Ryzen 5 7520U (Laptop),,Lenovo,Yoga 7i 2-in-1,AMD,AMD Ryzen 5,AMD Ryzen 5,7520U,Zen 2 / Mendocino,Integrated Intel Arc Graphics,Laptop,"16.0""",,32GB LPDDR5X,512GB NVMe SSD,SSD,Windows 11 Home,1285,1285,1285,1285,0,0,USD,,InStock,https://www.elgiganten.dk/products/lenovo-yoga-7i-2-in-1-amd-ryzen-5,2026-08-28T08:15:27.551208+00:00,2026-08-28
Elgiganten - DK,Denmark,DK,Elgiganten - DK,1P Retailer,SKU-DK-0024,ASUS ROG Zephyrus G16 - Apple M3 M3 (Desktop PC),,ASUS,ROG Zephyrus G16,Apple,Apple M3,Apple M3,M3,3nm Apple Silicon,NVIDIA GeForce RTX 4060,Desktop,"27""",,16GB DDR5,1TB NVMe SSD,SSD,Windows 11 Home,1332,1172,1332,1172,160,12,USD,,InStock,https://www.elgiganten.dk/products/asus-rog-zephyrus-g16-apple-m3,2026-08-28T08:15:27.551208+00:00,2026-08-28
Elgiganten - DK,Denmark,DK,Elgiganten - DK,1P Retailer,SKU-DK-0025,Acer Nitro 16 - Intel Core Ultra 5 125H (Laptop),,Acer,Nitro 16,Intel,Intel Core Ultra 5,Intel Core Ultra 5,125H,14th Gen / Meteor Lake,Integrated Intel Arc Graphics,Laptop,"16.0""",,32GB LPDDR5X,512GB NVMe SSD,SSD,Windows 11 Home,1379,1131,1379,1131,248,18,USD,,InStock,https://www.elgiganten.dk/products/acer-nitro-16-intel-core-ultra-5,2026-08-28T08:15:27.551208+00:00,2026-08-28
Elgiganten - DK,Denmark,DK,Elgiganten - DK,1P Retailer,SKU-DK-0026,Samsung Galaxy Book4 360 - Intel Core i5 1335U (Laptop),,Samsung,Galaxy Book4 360,Intel,Intel Core i5,Intel Core i5,1335U,13th Gen / Raptor Lake,Integrated Intel Arc Graphics,Laptop,"14.0""",,16GB DDR5,512GB NVMe SSD,SSD,Windows 11 Home,1426,1426,1426,1426,0,0,USD,,InStock,https://www.elgiganten.dk/products/samsung-galaxy-book4-360-intel-core-i5,2026-08-28T08:15:27.551208+00:00,2026-08-28
Elgiganten - DK,Denmark,DK,Elgiganten - DK,1P Retailer,SKU-DK-0027,MSI Raider GE78 HX - AMD Ryzen 7 7840HS (Laptop),,MSI,Raider GE78 HX,AMD,AMD Ryzen 7,AMD Ryzen 7,7840HS,Zen 4 / Phoenix,NVIDIA GeForce RTX 4060,Laptop,"16.0""",,32GB LPDDR5X,1TB NVMe SSD,SSD,Windows 11 Home,1473,1296,1473,1296,177,12,USD,,InStock,https://www.elgiganten.dk/products/msi-raider-ge78-hx-amd-ryzen-7,2026-08-28T08:15:27.551208+00:00,2026-08-28
MediaMarkt - TR,Turkey,TR,MediaMarkt - TR,1P Retailer,SKU-TR-0001,ASUS Zenbook 14 OLED - Snapdragon X Elite X1E-80-100 (Laptop),,ASUS,Zenbook 14 OLED,Qualcomm,Snapdragon X Elite,Snapdragon X Elite,X1E-80-100,Oryon ARM,Integrated Intel Arc Graphics,Laptop,"16.0""",,32GB LPDDR5X,512GB NVMe SSD,SSD,Windows 11 Home,2540,2540,2540,2540,0,0,USD,,InStock,https://www.mediamarkt.com.tr/products/asus-zenbook-14-oled-snapdragon-x-elite,2026-08-28T08:15:27.551208+00:00,2026-08-28
MediaMarkt - TR,Turkey,TR,MediaMarkt - TR,1P Retailer,SKU-TR-0002,Acer Aspire 5 - Intel Core Ultra 9 185H (Laptop),,Acer,Aspire 5,Intel,Intel Core Ultra 9,Intel Core Ultra 9,185H,14th Gen / Meteor Lake,Integrated Intel Arc Graphics,Laptop,"14.0""",,16GB DDR5,512GB NVMe SSD,SSD,Windows 11 Home,2587,2587,2587,2587,0,0,USD,,InStock,https://www.mediamarkt.com.tr/products/acer-aspire-5-intel-core-ultra-9,2026-08-28T08:15:27.551208+00:00,2026-08-28
MediaMarkt - TR,Turkey,TR,MediaMarkt - TR,1P Retailer,SKU-TR-0003,Samsung Galaxy Book4 Pro - Intel Core i9 14900HX (Laptop),,Samsung,Galaxy Book4 Pro,Intel,Intel Core i9,Intel Core i9,14900HX,14th Gen / Raptor Lake-HX,NVIDIA GeForce RTX 4060,Laptop,"16.0""",,32GB LPDDR5X,1TB NVMe SSD,SSD,Windows 11 Home,2634,2318,2634,2318,316,12,USD,,InStock,https://www.mediamarkt.com.tr/products/samsung-galaxy-book4-pro-intel-core-i9,2026-08-28T08:15:27.551208+00:00,2026-08-28
MediaMarkt - TR,Turkey,TR,MediaMarkt - TR,1P Retailer,SKU-TR-0004,MSI Modern 14 - AMD Ryzen 5 7520U (Laptop),,MSI,Modern 14,AMD,AMD Ryzen 5,AMD Ryzen 5,7520U,Zen 2 / Mendocino,Integrated Intel Arc Graphics,Laptop,"14.0""",,16GB DDR5,512GB NVMe SSD,SSD,Windows 11 Home,2681,2681,2681,2681,0,0,USD,,InStock,https://www.mediamarkt.com.tr/products/msi-modern-14-amd-ryzen-5,2026-08-28T08:15:27.551208+00:00,2026-08-28
MediaMarkt - TR,Turkey,TR,MediaMarkt - TR,1P Retailer,SKU-TR-0005,"Apple MacBook Pro 16"" M3 Max - Apple M3 M3 (Laptop)",,Apple,"MacBook Pro 16"" M3 Max",Apple,Apple M3,Apple M3,M3,3nm Apple Silicon,Integrated Intel Arc Graphics,Laptop,"16.0""",,32GB LPDDR5X,512GB NVMe SSD,SSD,Windows 11 Home,2728,2237,2728,2237,491,18,USD,,InStock,https://www.mediamarkt.com.tr/products/apple-macbook-pro-16-m3-max-apple-m3,2026-08-28T08:15:27.551208+00:00,2026-08-28
MediaMarkt - TR,Turkey,TR,MediaMarkt - TR,1P Retailer,SKU-TR-0006,Dell G15 Gaming (5530) - Intel Core Ultra 5 125H (Desktop PC),,Dell,G15 Gaming (5530),Intel,Intel Core Ultra 5,Intel Core Ultra 5,125H,14th Gen / Meteor Lake,NVIDIA GeForce RTX 4060,Desktop,"27""",,16GB DDR5,1TB NVMe SSD,SSD,Windows 11 Home,2775,2442,2775,2442,333,12,USD,,InStock,https://www.mediamarkt.com.tr/products/dell-g15-gaming-5530--intel-core-ultra-5,2026-08-28T08:15:27.551208+00:00,2026-08-28
MediaMarkt - TR,Turkey,TR,MediaMarkt - TR,1P Retailer,SKU-TR-0007,HP Spectre x360 14 - Intel Core i5 1335U (Laptop),,HP,Spectre x360 14,Intel,Intel Core i5,Intel Core i5,1335U,13th Gen / Raptor Lake,Integrated Intel Arc Graphics,Laptop,"16.0""",,32GB LPDDR5X,512GB NVMe SSD,SSD,Windows 11 Home,622,622,622,622,0,0,USD,,InStock,https://www.mediamarkt.com.tr/products/hp-spectre-x360-14-intel-core-i5,2026-08-28T08:15:27.551208+00:00,2026-08-28
MediaMarkt - TR,Turkey,TR,MediaMarkt - TR,1P Retailer,SKU-TR-0008,"Lenovo Yoga Pro 9i (16"") - AMD Ryzen 7 7840HS (Laptop)",,Lenovo,"Yoga Pro 9i (16"")",AMD,AMD Ryzen 7,AMD Ryzen 7,7840HS,Zen 4 / Phoenix,Integrated Intel Arc Graphics,Laptop,"14.0""",,16GB DDR5,512GB NVMe SSD,SSD,Windows 11 Home,669,669,669,669,0,0,USD,,InStock,https://www.mediamarkt.com.tr/products/lenovo-yoga-pro-9i-16--amd-ryzen-7,2026-08-28T08:15:27.551208+00:00,2026-08-28
MediaMarkt - TR,Turkey,TR,MediaMarkt - TR,1P Retailer,SKU-TR-0009,ASUS Vivobook S 15 OLED - Apple M3 Pro M3 Pro (Laptop),,ASUS,Vivobook S 15 OLED,Apple,Apple M3 Pro,Apple M3 Pro,M3 Pro,3nm Apple Silicon,NVIDIA GeForce RTX 4060,Laptop,"16.0""",,32GB LPDDR5X,1TB NVMe SSD,SSD,Windows 11 Home,716,630,716,630,86,12,USD,,InStock,https://www.mediamarkt.com.tr/products/asus-vivobook-s-15-oled-apple-m3-pro,2026-08-28T08:15:27.551208+00:00,2026-08-28
MediaMarkt - TR,Turkey,TR,MediaMarkt - TR,1P Retailer,SKU-TR-0010,Acer Predator Helios 16 - Intel Core Ultra 7 155H (Laptop),,Acer,Predator Helios 16,Intel,Intel Core Ultra 7,Intel Core Ultra 7,155H,14th Gen / Meteor Lake,Integrated Intel Arc Graphics,Laptop,"14.0""",,16GB DDR5,512GB NVMe SSD,SSD,Windows 11 Home,763,626,763,626,137,18,USD,,InStock,https://www.mediamarkt.com.tr/products/acer-predator-helios-16-intel-core-ultra-7,2026-08-28T08:15:27.551208+00:00,2026-08-28
MediaMarkt - TR,Turkey,TR,MediaMarkt - TR,1P Retailer,,Samsung Galaxy Book4 360 - Intel Core i7 13700H (Laptop),,Samsung,Galaxy Book4 360,Intel,Intel Core i7,Intel Core i7,13700H,13th Gen / Raptor Lake,Integrated Intel Arc Graphics,Laptop,"16.0""",,32GB LPDDR5X,512GB NVMe SSD,SSD,Windows 11 Home,810,810,810,810,0,0,USD,,InStock,https://www.mediamarkt.com.tr/products/samsung-galaxy-book4-360-intel-core-i7,2026-08-28T08:15:27.551208+00:00,2026-08-28
MediaMarkt - TR,Turkey,TR,MediaMarkt - TR,1P Retailer,SKU-TR-0012,MSI Raider GE78 HX - Intel Core 7 150U (Desktop PC),,MSI,Raider GE78 HX,Intel,Intel Core 7,Intel Core 7,150U,14th Gen / Series 1,NVIDIA GeForce RTX 4060,Desktop,"27""",,16GB DDR5,1TB NVMe SSD,SSD,Windows 11 Home,857,754,857,754,103,12,USD,,InStock,https://www.mediamarkt.com.tr/products/msi-raider-ge78-hx-intel-core-7,2026-08-28T08:15:27.551208+00:00,2026-08-28
MediaMarkt - TR,Turkey,TR,MediaMarkt - TR,1P Retailer,SKU-TR-0013,"Apple MacBook Pro 16"" M3 Max - AMD Ryzen 9 7945HX (Laptop)",,Apple,"MacBook Pro 16"" M3 Max",AMD,AMD Ryzen 9,AMD Ryzen 9,7945HX,Zen 4 / Dragon Range,Integrated Intel Arc Graphics,Laptop,"16.0""",,32GB LPDDR5X,512GB NVMe SSD,SSD,Windows 11 Home,904,904,904,904,0,0,USD,,InStock,https://www.mediamarkt.com.tr/products/apple-macbook-pro-16-m3-max-amd-ryzen-9,2026-08-28T08:15:27.551208+00:00,2026-08-28
MediaMarkt - TR,Turkey,TR,MediaMarkt - TR,1P Retailer,SKU-TR-0014,Dell XPS 14 (9440) - Snapdragon X Elite X1E-80-100 (Laptop),,Dell,XPS 14 (9440),Qualcomm,Snapdragon X Elite,Snapdragon X Elite,X1E-80-100,Oryon ARM,Integrated Intel Arc Graphics,Laptop,"14.0""",,16GB DDR5,512GB NVMe SSD,SSD,Windows 11 Home,951,951,951,951,0,0,USD,,InStock,https://www.mediamarkt.com.tr/products/dell-xps-14-9440--snapdragon-x-elite,2026-08-28T08:15:27.551208+00:00,2026-08-28
MediaMarkt - TR,Turkey,TR,MediaMarkt - TR,1P Retailer,SKU-TR-0015,HP Spectre x360 16 - Intel Core Ultra 9 185H (Laptop),,HP,Spectre x360 16,Intel,Intel Core Ultra 9,Intel Core Ultra 9,185H,14th Gen / Meteor Lake,NVIDIA GeForce RTX 4060,Laptop,"16.0""",,32GB LPDDR5X,1TB NVMe SSD,SSD,Windows 11 Home,998,878,998,878,120,12,USD,,InStock,https://www.mediamarkt.com.tr/products/hp-spectre-x360-16-intel-core-ultra-9,2026-08-28T08:15:27.551208+00:00,2026-08-28
MediaMarkt - TR,Turkey,TR,MediaMarkt - TR,1P Retailer,SKU-TR-0016,Lenovo Yoga 7i 2-in-1 - Intel Core i9 14900HX (Laptop),,Lenovo,Yoga 7i 2-in-1,Intel,Intel Core i9,Intel Core i9,14900HX,14th Gen / Raptor Lake-HX,Integrated Intel Arc Graphics,Laptop,"14.0""",,16GB DDR5,512GB NVMe SSD,SSD,Windows 11 Home,1045,1045,1045,1045,0,0,USD,,InStock,https://www.mediamarkt.com.tr/products/lenovo-yoga-7i-2-in-1-intel-core-i9,2026-08-28T08:15:27.551208+00:00,2026-08-28
MediaMarkt - TR,Turkey,TR,MediaMarkt - TR,1P Retailer,SKU-TR-0017,ASUS ROG Zephyrus G16 - AMD Ryzen 5 7520U (Laptop),,ASUS,ROG Zephyrus G16,AMD,AMD Ryzen 5,AMD Ryzen 5,7520U,Zen 2 / Mendocino,Integrated Intel Arc Graphics,Laptop,"16.0""",,32GB LPDDR5X,512GB NVMe SSD,SSD,Windows 11 Home,1092,1092,1092,1092,0,0,USD,,InStock,https://www.mediamarkt.com.tr/products/asus-rog-zephyrus-g16-amd-ryzen-5,2026-08-28T08:15:27.551208+00:00,2026-08-28
MediaMarkt - TR,Turkey,TR,MediaMarkt - TR,1P Retailer,SKU-TR-0018,Acer Nitro 16 - Apple M3 M3 (Desktop PC),,Acer,Nitro 16,Apple,Apple M3,Apple M3,M3,3nm Apple Silicon,NVIDIA GeForce RTX 4060,Desktop,"27""",,16GB DDR5,1TB NVMe SSD,SSD,Windows 11 Home,1139,1002,1139,1002,137,12,USD,,InStock,https://www.mediamarkt.com.tr/products/acer-nitro-16-apple-m3,2026-08-28T08:15:27.551208+00:00,2026-08-28
MediaMarkt - TR,Turkey,TR,MediaMarkt - TR,1P Retailer,SKU-TR-0019,Samsung Galaxy Book4 Ultra - Intel Core Ultra 5 125H (Laptop),,Samsung,Galaxy Book4 Ultra,Intel,Intel Core Ultra 5,Intel Core Ultra 5,125H,14th Gen / Meteor Lake,Integrated Intel Arc Graphics,Laptop,"16.0""",,32GB LPDDR5X,512GB NVMe SSD,SSD,Windows 11 Home,1186,1186,1186,1186,0,0,USD,,InStock,https://www.mediamarkt.com.tr/products/samsung-galaxy-book4-ultra-intel-core-ultra-5,2026-08-28T08:15:27.551208+00:00,2026-08-28
MediaMarkt - TR,Turkey,TR,MediaMarkt - TR,1P Retailer,SKU-TR-0020,MSI Prestige 16 AI Evo - Intel Core i5 1335U (Laptop),,MSI,Prestige 16 AI Evo,Intel,Intel Core i5,Intel Core i5,1335U,13th Gen / Raptor Lake,Integrated Intel Arc Graphics,Laptop,"14.0""",,16GB DDR5,512GB NVMe SSD,SSD,Windows 11 Home,1233,1011,1233,1011,222,18,USD,,InStock,https://www.mediamarkt.com.tr/products/msi-prestige-16-ai-evo-intel-core-i5,2026-08-28T08:15:27.551208+00:00,2026-08-28
MediaMarkt - TR,Turkey,TR,MediaMarkt - TR,1P Retailer,SKU-TR-0021,"Apple MacBook Pro 16"" M3 Max - AMD Ryzen 7 7840HS (Laptop)",,Apple,"MacBook Pro 16"" M3 Max",AMD,AMD Ryzen 7,AMD Ryzen 7,7840HS,Zen 4 / Phoenix,NVIDIA GeForce RTX 4060,Laptop,"16.0""",,32GB LPDDR5X,1TB NVMe SSD,SSD,Windows 11 Home,1280,1126,1280,1126,154,12,USD,,InStock,https://www.mediamarkt.com.tr/products/apple-macbook-pro-16-m3-max-amd-ryzen-7,2026-08-28T08:15:27.551208+00:00,2026-08-28
MediaMarkt - TR,Turkey,TR,MediaMarkt - TR,1P Retailer,,Dell XPS 16 (9640) - Apple M3 Pro M3 Pro (Laptop),,Dell,XPS 16 (9640),Apple,Apple M3 Pro,Apple M3 Pro,M3 Pro,3nm Apple Silicon,Integrated Intel Arc Graphics,Laptop,"14.0""",,16GB DDR5,512GB NVMe SSD,SSD,Windows 11 Home,1327,1327,1327,1327,0,0,USD,,InStock,https://www.mediamarkt.com.tr/products/dell-xps-16-9640--apple-m3-pro,2026-08-28T08:15:27.551208+00:00,2026-08-28
MediaMarkt - TR,Turkey,TR,MediaMarkt - TR,1P Retailer,SKU-TR-0023,HP Envy x360 15 - Intel Core Ultra 7 155H (Laptop),,HP,Envy x360 15,Intel,Intel Core Ultra 7,Intel Core Ultra 7,155H,14th Gen / Meteor Lake,Integrated Intel Arc Graphics,Laptop,"16.0""",,32GB LPDDR5X,512GB NVMe SSD,SSD,Windows 11 Home,1374,1374,1374,1374,0,0,USD,,InStock,https://www.mediamarkt.com.tr/products/hp-envy-x360-15-intel-core-ultra-7,2026-08-28T08:15:27.551208+00:00,2026-08-28
MediaMarkt - TR,Turkey,TR,MediaMarkt - TR,1P Retailer,SKU-TR-0024,Lenovo IdeaPad Slim 5 - Intel Core i7 13700H (Desktop PC),,Lenovo,IdeaPad Slim 5,Intel,Intel Core i7,Intel Core i7,13700H,13th Gen / Raptor Lake,NVIDIA GeForce RTX 4060,Desktop,"27""",,16GB DDR5,1TB NVMe SSD,SSD,Windows 11 Home,1421,1250,1421,1250,171,12,USD,,InStock,https://www.mediamarkt.com.tr/products/lenovo-ideapad-slim-5-intel-core-i7,2026-08-28T08:15:27.551208+00:00,2026-08-28
MediaMarkt - TR,Turkey,TR,MediaMarkt - TR,1P Retailer,SKU-TR-0025,ASUS ROG Strix SCAR 18 - Intel Core 7 150U (Laptop),,ASUS,ROG Strix SCAR 18,Intel,Intel Core 7,Intel Core 7,150U,14th Gen / Series 1,Integrated Intel Arc Graphics,Laptop,"16.0""",,32GB LPDDR5X,512GB NVMe SSD,SSD,Windows 11 Home,1468,1204,1468,1204,264,18,USD,,InStock,https://www.mediamarkt.com.tr/products/asus-rog-strix-scar-18-intel-core-7,2026-08-28T08:15:27.551208+00:00,2026-08-28
MediaMarkt - TR,Turkey,TR,MediaMarkt - TR,1P Retailer,SKU-TR-0026,Acer TravelMate P6 - AMD Ryzen 9 7945HX (Laptop),,Acer,TravelMate P6,AMD,AMD Ryzen 9,AMD Ryzen 9,7945HX,Zen 4 / Dragon Range,Integrated Intel Arc Graphics,Laptop,"14.0""",,16GB DDR5,512GB NVMe SSD,SSD,Windows 11 Home,1515,1515,1515,1515,0,0,USD,,InStock,https://www.mediamarkt.com.tr/products/acer-travelmate-p6-amd-ryzen-9,2026-08-28T08:15:27.551208+00:00,2026-08-28
MediaMarkt - TR,Turkey,TR,MediaMarkt - TR,1P Retailer,SKU-TR-0027,Samsung Galaxy Book4 Pro - Snapdragon X Elite X1E-80-100 (Laptop),,Samsung,Galaxy Book4 Pro,Qualcomm,Snapdragon X Elite,Snapdragon X Elite,X1E-80-100,Oryon ARM,NVIDIA GeForce RTX 4060,Laptop,"16.0""",,32GB LPDDR5X,1TB NVMe SSD,SSD,Windows 11 Home,1562,1375,1562,1375,187,12,USD,,InStock,https://www.mediamarkt.com.tr/products/samsung-galaxy-book4-pro-snapdragon-x-elite,2026-08-28T08:15:27.551208+00:00,2026-08-28
MediaMarkt - TR,Turkey,TR,MediaMarkt - TR,1P Retailer,SKU-TR-0028,MSI Cyborg 15 - Intel Core Ultra 9 185H (Laptop),,MSI,Cyborg 15,Intel,Intel Core Ultra 9,Intel Core Ultra 9,185H,14th Gen / Meteor Lake,Integrated Intel Arc Graphics,Laptop,"14.0""",,16GB DDR5,512GB NVMe SSD,SSD,Windows 11 Home,1609,1609,1609,1609,0,0,USD,,InStock,https://www.mediamarkt.com.tr/products/msi-cyborg-15-intel-core-ultra-9,2026-08-28T08:15:27.551208+00:00,2026-08-28
MediaMarkt - TR,Turkey,TR,MediaMarkt - TR,1P Retailer,SKU-TR-0029,"Apple MacBook Pro 16"" M3 Max - Intel Core i9 14900HX (Laptop)",,Apple,"MacBook Pro 16"" M3 Max",Intel,Intel Core i9,Intel Core i9,14900HX,14th Gen / Raptor Lake-HX,Integrated Intel Arc Graphics,Laptop,"16.0""",,32GB LPDDR5X,512GB NVMe SSD,SSD,Windows 11 Home,1656,1656,1656,1656,0,0,USD,,InStock,https://www.mediamarkt.com.tr/products/apple-macbook-pro-16-m3-max-intel-core-i9,2026-08-28T08:15:27.551208+00:00,2026-08-28
Monster Notebook - TR,Turkey,TR,Monster Notebook - TR,OEM,SKU-TR-0001,"Lenovo Yoga Pro 9i (16"") - Intel Core i5 1335U (Laptop)",,Lenovo,"Yoga Pro 9i (16"")",Intel,Intel Core i5,Intel Core i5,1335U,13th Gen / Raptor Lake,Integrated Intel Arc Graphics,Laptop,"16.0""",,32GB LPDDR5X,512GB NVMe SSD,SSD,Windows 11 Home,2629,2629,2629,2629,0,0,USD,,InStock,https://www.monsternotebook.com.tr/products/lenovo-yoga-pro-9i-16--intel-core-i5,2026-08-28T08:15:27.551208+00:00,2026-08-28
Monster Notebook - TR,Turkey,TR,Monster Notebook - TR,OEM,SKU-TR-0002,ASUS Vivobook S 15 OLED - AMD Ryzen 7 7840HS (Laptop),,ASUS,Vivobook S 15 OLED,AMD,AMD Ryzen 7,AMD Ryzen 7,7840HS,Zen 4 / Phoenix,Integrated Intel Arc Graphics,Laptop,"14.0""",,16GB DDR5,512GB NVMe SSD,SSD,Windows 11 Home,2676,2676,2676,2676,0,0,USD,,InStock,https://www.monsternotebook.com.tr/products/asus-vivobook-s-15-oled-amd-ryzen-7,2026-08-28T08:15:27.551208+00:00,2026-08-28
Monster Notebook - TR,Turkey,TR,Monster Notebook - TR,OEM,SKU-TR-0003,Acer Predator Helios 16 - Apple M3 Pro M3 Pro (Laptop),,Acer,Predator Helios 16,Apple,Apple M3 Pro,Apple M3 Pro,M3 Pro,3nm Apple Silicon,NVIDIA GeForce RTX 4060,Laptop,"16.0""",,32GB LPDDR5X,1TB NVMe SSD,SSD,Windows 11 Home,2723,2396,2723,2396,327,12,USD,,InStock,https://www.monsternotebook.com.tr/products/acer-predator-helios-16-apple-m3-pro,2026-08-28T08:15:27.551208+00:00,2026-08-28
Monster Notebook - TR,Turkey,TR,Monster Notebook - TR,OEM,SKU-TR-0004,Samsung Galaxy Book4 Ultra - Intel Core Ultra 7 155H (Laptop),,Samsung,Galaxy Book4 Ultra,Intel,Intel Core Ultra 7,Intel Core Ultra 7,155H,14th Gen / Meteor Lake,Integrated Intel Arc Graphics,Laptop,"14.0""",,16GB DDR5,512GB NVMe SSD,SSD,Windows 11 Home,2770,2770,2770,2770,0,0,USD,,InStock,https://www.monsternotebook.com.tr/products/samsung-galaxy-book4-ultra-intel-core-ultra-7,2026-08-28T08:15:27.551208+00:00,2026-08-28
Monster Notebook - TR,Turkey,TR,Monster Notebook - TR,OEM,SKU-TR-0005,MSI Prestige 16 AI Evo - Intel Core i7 13700H (Laptop),,MSI,Prestige 16 AI Evo,Intel,Intel Core i7,Intel Core i7,13700H,13th Gen / Raptor Lake,Integrated Intel Arc Graphics,Laptop,"16.0""",,32GB LPDDR5X,512GB NVMe SSD,SSD,Windows 11 Home,617,506,617,506,111,18,USD,,InStock,https://www.monsternotebook.com.tr/products/msi-prestige-16-ai-evo-intel-core-i7,2026-08-28T08:15:27.551208+00:00,2026-08-28
Monster Notebook - TR,Turkey,TR,Monster Notebook - TR,OEM,SKU-TR-0006,"Apple MacBook Air 13"" M3 - Intel Core 7 150U (Desktop PC)",,Apple,"MacBook Air 13"" M3",Intel,Intel Core 7,Intel Core 7,150U,14th Gen / Series 1,NVIDIA GeForce RTX 4060,Desktop,"27""",,16GB DDR5,1TB NVMe SSD,SSD,Windows 11 Home,664,584,664,584,80,12,USD,,InStock,https://www.monsternotebook.com.tr/products/apple-macbook-air-13-m3-intel-core-7,2026-08-28T08:15:27.551208+00:00,2026-08-28
Monster Notebook - TR,Turkey,TR,Monster Notebook - TR,OEM,SKU-TR-0007,Dell XPS 14 (9440) - AMD Ryzen 9 7945HX (Laptop),,Dell,XPS 14 (9440),AMD,AMD Ryzen 9,AMD Ryzen 9,7945HX,Zen 4 / Dragon Range,Integrated Intel Arc Graphics,Laptop,"16.0""",,32GB LPDDR5X,512GB NVMe SSD,SSD,Windows 11 Home,711,711,711,711,0,0,USD,,InStock,https://www.monsternotebook.com.tr/products/dell-xps-14-9440--amd-ryzen-9,2026-08-28T08:15:27.551208+00:00,2026-08-28
Monster Notebook - TR,Turkey,TR,Monster Notebook - TR,OEM,SKU-TR-0008,HP Spectre x360 16 - Snapdragon X Elite X1E-80-100 (Laptop),,HP,Spectre x360 16,Qualcomm,Snapdragon X Elite,Snapdragon X Elite,X1E-80-100,Oryon ARM,Integrated Intel Arc Graphics,Laptop,"14.0""",,16GB DDR5,512GB NVMe SSD,SSD,Windows 11 Home,758,758,758,758,0,0,USD,,InStock,https://www.monsternotebook.com.tr/products/hp-spectre-x360-16-snapdragon-x-elite,2026-08-28T08:15:27.551208+00:00,2026-08-28
Monster Notebook - TR,Turkey,TR,Monster Notebook - TR,OEM,SKU-TR-0009,Lenovo Yoga 7i 2-in-1 - Intel Core Ultra 9 185H (Laptop),,Lenovo,Yoga 7i 2-in-1,Intel,Intel Core Ultra 9,Intel Core Ultra 9,185H,14th Gen / Meteor Lake,NVIDIA GeForce RTX 4060,Laptop,"16.0""",,32GB LPDDR5X,1TB NVMe SSD,SSD,Windows 11 Home,805,708,805,708,97,12,USD,,InStock,https://www.monsternotebook.com.tr/products/lenovo-yoga-7i-2-in-1-intel-core-ultra-9,2026-08-28T08:15:27.551208+00:00,2026-08-28
Monster Notebook - TR,Turkey,TR,Monster Notebook - TR,OEM,SKU-TR-0010,ASUS ROG Zephyrus G16 - Intel Core i9 14900HX (Laptop),,ASUS,ROG Zephyrus G16,Intel,Intel Core i9,Intel Core i9,14900HX,14th Gen / Raptor Lake-HX,Integrated Intel Arc Graphics,Laptop,"14.0""",,16GB DDR5,512GB NVMe SSD,SSD,Windows 11 Home,852,699,852,699,153,18,USD,,InStock,https://www.monsternotebook.com.tr/products/asus-rog-zephyrus-g16-intel-core-i9,2026-08-28T08:15:27.551208+00:00,2026-08-28
Monster Notebook - TR,Turkey,TR,Monster Notebook - TR,OEM,,Acer Nitro 16 - AMD Ryzen 5 7520U (Laptop),,Acer,Nitro 16,AMD,AMD Ryzen 5,AMD Ryzen 5,7520U,Zen 2 / Mendocino,Integrated Intel Arc Graphics,Laptop,"16.0""",,32GB LPDDR5X,512GB NVMe SSD,SSD,Windows 11 Home,899,899,899,899,0,0,USD,,InStock,https://www.monsternotebook.com.tr/products/acer-nitro-16-amd-ryzen-5,2026-08-28T08:15:27.551208+00:00,2026-08-28
Monster Notebook - TR,Turkey,TR,Monster Notebook - TR,OEM,SKU-TR-0012,Samsung Galaxy Book4 Pro - Apple M3 M3 (Desktop PC),,Samsung,Galaxy Book4 Pro,Apple,Apple M3,Apple M3,M3,3nm Apple Silicon,NVIDIA GeForce RTX 4060,Desktop,"27""",,16GB DDR5,1TB NVMe SSD,SSD,Windows 11 Home,946,832,946,832,114,12,USD,,InStock,https://www.monsternotebook.com.tr/products/samsung-galaxy-book4-pro-apple-m3,2026-08-28T08:15:27.551208+00:00,2026-08-28
Monster Notebook - TR,Turkey,TR,Monster Notebook - TR,OEM,SKU-TR-0013,MSI Cyborg 15 - Intel Core Ultra 5 125H (Laptop),,MSI,Cyborg 15,Intel,Intel Core Ultra 5,Intel Core Ultra 5,125H,14th Gen / Meteor Lake,Integrated Intel Arc Graphics,Laptop,"16.0""",,32GB LPDDR5X,512GB NVMe SSD,SSD,Windows 11 Home,993,993,993,993,0,0,USD,,InStock,https://www.monsternotebook.com.tr/products/msi-cyborg-15-intel-core-ultra-5,2026-08-28T08:15:27.551208+00:00,2026-08-28
Monster Notebook - TR,Turkey,TR,Monster Notebook - TR,OEM,SKU-TR-0014,"Apple MacBook Air 13"" M3 - Intel Core i5 1335U (Laptop)",,Apple,"MacBook Air 13"" M3",Intel,Intel Core i5,Intel Core i5,1335U,13th Gen / Raptor Lake,Integrated Intel Arc Graphics,Laptop,"14.0""",,16GB DDR5,512GB NVMe SSD,SSD,Windows 11 Home,1040,1040,1040,1040,0,0,USD,,InStock,https://www.monsternotebook.com.tr/products/apple-macbook-air-13-m3-intel-core-i5,2026-08-28T08:15:27.551208+00:00,2026-08-28
Monster Notebook - TR,Turkey,TR,Monster Notebook - TR,OEM,SKU-TR-0015,Dell XPS 16 (9640) - AMD Ryzen 7 7840HS (Laptop),,Dell,XPS 16 (9640),AMD,AMD Ryzen 7,AMD Ryzen 7,7840HS,Zen 4 / Phoenix,NVIDIA GeForce RTX 4060,Laptop,"16.0""",,32GB LPDDR5X,1TB NVMe SSD,SSD,Windows 11 Home,1087,957,1087,957,130,12,USD,,InStock,https://www.monsternotebook.com.tr/products/dell-xps-16-9640--amd-ryzen-7,2026-08-28T08:15:27.551208+00:00,2026-08-28
Monster Notebook - TR,Turkey,TR,Monster Notebook - TR,OEM,SKU-TR-0016,HP Envy x360 15 - Apple M3 Pro M3 Pro (Laptop),,HP,Envy x360 15,Apple,Apple M3 Pro,Apple M3 Pro,M3 Pro,3nm Apple Silicon,Integrated Intel Arc Graphics,Laptop,"14.0""",,16GB DDR5,512GB NVMe SSD,SSD,Windows 11 Home,1134,1134,1134,1134,0,0,USD,,InStock,https://www.monsternotebook.com.tr/products/hp-envy-x360-15-apple-m3-pro,2026-08-28T08:15:27.551208+00:00,2026-08-28
Monster Notebook - TR,Turkey,TR,Monster Notebook - TR,OEM,SKU-TR-0017,Lenovo IdeaPad Slim 5 - Intel Core Ultra 7 155H (Laptop),,Lenovo,IdeaPad Slim 5,Intel,Intel Core Ultra 7,Intel Core Ultra 7,155H,14th Gen / Meteor Lake,Integrated Intel Arc Graphics,Laptop,"16.0""",,32GB LPDDR5X,512GB NVMe SSD,SSD,Windows 11 Home,1181,1181,1181,1181,0,0,USD,,InStock,https://www.monsternotebook.com.tr/products/lenovo-ideapad-slim-5-intel-core-ultra-7,2026-08-28T08:15:27.551208+00:00,2026-08-28
Monster Notebook - TR,Turkey,TR,Monster Notebook - TR,OEM,SKU-TR-0018,ASUS ROG Strix SCAR 18 - Intel Core i7 13700H (Desktop PC),,ASUS,ROG Strix SCAR 18,Intel,Intel Core i7,Intel Core i7,13700H,13th Gen / Raptor Lake,NVIDIA GeForce RTX 4060,Desktop,"27""",,16GB DDR5,1TB NVMe SSD,SSD,Windows 11 Home,1228,1081,1228,1081,147,12,USD,,InStock,https://www.monsternotebook.com.tr/products/asus-rog-strix-scar-18-intel-core-i7,2026-08-28T08:15:27.551208+00:00,2026-08-28
Monster Notebook - TR,Turkey,TR,Monster Notebook - TR,OEM,SKU-TR-0019,Acer TravelMate P6 - Intel Core 7 150U (Laptop),,Acer,TravelMate P6,Intel,Intel Core 7,Intel Core 7,150U,14th Gen / Series 1,Integrated Intel Arc Graphics,Laptop,"16.0""",,32GB LPDDR5X,512GB NVMe SSD,SSD,Windows 11 Home,1275,1275,1275,1275,0,0,USD,,InStock,https://www.monsternotebook.com.tr/products/acer-travelmate-p6-intel-core-7,2026-08-28T08:15:27.551208+00:00,2026-08-28
Monster Notebook - TR,Turkey,TR,Monster Notebook - TR,OEM,SKU-TR-0020,Samsung Galaxy Book4 360 - AMD Ryzen 9 7945HX (Laptop),,Samsung,Galaxy Book4 360,AMD,AMD Ryzen 9,AMD Ryzen 9,7945HX,Zen 4 / Dragon Range,Integrated Intel Arc Graphics,Laptop,"14.0""",,16GB DDR5,512GB NVMe SSD,SSD,Windows 11 Home,1322,1084,1322,1084,238,18,USD,,InStock,https://www.monsternotebook.com.tr/products/samsung-galaxy-book4-360-amd-ryzen-9,2026-08-28T08:15:27.551208+00:00,2026-08-28
Monster Notebook - TR,Turkey,TR,Monster Notebook - TR,OEM,SKU-TR-0021,MSI Stealth 16 AI Studio - Snapdragon X Elite X1E-80-100 (Laptop),,MSI,Stealth 16 AI Studio,Qualcomm,Snapdragon X Elite,Snapdragon X Elite,X1E-80-100,Oryon ARM,NVIDIA GeForce RTX 4060,Laptop,"16.0""",,32GB LPDDR5X,1TB NVMe SSD,SSD,Windows 11 Home,1369,1205,1369,1205,164,12,USD,,InStock,https://www.monsternotebook.com.tr/products/msi-stealth-16-ai-studio-snapdragon-x-elite,2026-08-28T08:15:27.551208+00:00,2026-08-28
Monster Notebook - TR,Turkey,TR,Monster Notebook - TR,OEM,,"Apple MacBook Air 13"" M3 - Intel Core Ultra 9 185H (Laptop)",,Apple,"MacBook Air 13"" M3",Intel,Intel Core Ultra 9,Intel Core Ultra 9,185H,14th Gen / Meteor Lake,Integrated Intel Arc Graphics,Laptop,"14.0""",,16GB DDR5,512GB NVMe SSD,SSD,Windows 11 Home,1416,1416,1416,1416,0,0,USD,,InStock,https://www.monsternotebook.com.tr/products/apple-macbook-air-13-m3-intel-core-ultra-9,2026-08-28T08:15:27.551208+00:00,2026-08-28
Monster Notebook - TR,Turkey,TR,Monster Notebook - TR,OEM,SKU-TR-0023,Dell Inspiron 15 (3520) - Intel Core i9 14900HX (Laptop),,Dell,Inspiron 15 (3520),Intel,Intel Core i9,Intel Core i9,14900HX,14th Gen / Raptor Lake-HX,Integrated Intel Arc Graphics,Laptop,"16.0""",,32GB LPDDR5X,512GB NVMe SSD,SSD,Windows 11 Home,1463,1463,1463,1463,0,0,USD,,InStock,https://www.monsternotebook.com.tr/products/dell-inspiron-15-3520--intel-core-i9,2026-08-28T08:15:27.551208+00:00,2026-08-28
Monster Notebook - TR,Turkey,TR,Monster Notebook - TR,OEM,SKU-TR-0024,HP Pavilion Plus 14 - AMD Ryzen 5 7520U (Desktop PC),,HP,Pavilion Plus 14,AMD,AMD Ryzen 5,AMD Ryzen 5,7520U,Zen 2 / Mendocino,NVIDIA GeForce RTX 4060,Desktop,"27""",,16GB DDR5,1TB NVMe SSD,SSD,Windows 11 Home,1510,1329,1510,1329,181,12,USD,,InStock,https://www.monsternotebook.com.tr/products/hp-pavilion-plus-14-amd-ryzen-5,2026-08-28T08:15:27.551208+00:00,2026-08-28
Monster Notebook - TR,Turkey,TR,Monster Notebook - TR,OEM,SKU-TR-0025,Lenovo Legion Pro 7i - Apple M3 M3 (Laptop),,Lenovo,Legion Pro 7i,Apple,Apple M3,Apple M3,M3,3nm Apple Silicon,Integrated Intel Arc Graphics,Laptop,"16.0""",,32GB LPDDR5X,512GB NVMe SSD,SSD,Windows 11 Home,1557,1277,1557,1277,280,18,USD,,InStock,https://www.monsternotebook.com.tr/products/lenovo-legion-pro-7i-apple-m3,2026-08-28T08:15:27.551208+00:00,2026-08-28
Monster Notebook - TR,Turkey,TR,Monster Notebook - TR,OEM,SKU-TR-0026,ASUS TUF Gaming A15 - Intel Core Ultra 5 125H (Laptop),,ASUS,TUF Gaming A15,Intel,Intel Core Ultra 5,Intel Core Ultra 5,125H,14th Gen / Meteor Lake,Integrated Intel Arc Graphics,Laptop,"14.0""",,16GB DDR5,512GB NVMe SSD,SSD,Windows 11 Home,1604,1604,1604,1604,0,0,USD,,InStock,https://www.monsternotebook.com.tr/products/asus-tuf-gaming-a15-intel-core-ultra-5,2026-08-28T08:15:27.551208+00:00,2026-08-28
The Gioi Di Dong - VN,Vietnam,VN,The Gioi Di Dong - VN,1P Retailer,SKU-VN-0001,HP Spectre x360 16 - AMD Ryzen 9 7945HX (Laptop),,HP,Spectre x360 16,AMD,AMD Ryzen 9,AMD Ryzen 9,7945HX,Zen 4 / Dragon Range,Integrated Intel Arc Graphics,Laptop,"16.0""",,32GB LPDDR5X,512GB NVMe SSD,SSD,Windows 11 Home,2718,2718,2718,2718,0,0,USD,,InStock,https://www.thegioididong.com/products/hp-spectre-x360-16-amd-ryzen-9,2026-08-28T08:15:27.551208+00:00,2026-08-28
The Gioi Di Dong - VN,Vietnam,VN,The Gioi Di Dong - VN,1P Retailer,SKU-VN-0002,Lenovo Yoga 7i 2-in-1 - Snapdragon X Elite X1E-80-100 (Laptop),,Lenovo,Yoga 7i 2-in-1,Qualcomm,Snapdragon X Elite,Snapdragon X Elite,X1E-80-100,Oryon ARM,Integrated Intel Arc Graphics,Laptop,"14.0""",,16GB DDR5,512GB NVMe SSD,SSD,Windows 11 Home,2765,2765,2765,2765,0,0,USD,,InStock,https://www.thegioididong.com/products/lenovo-yoga-7i-2-in-1-snapdragon-x-elite,2026-08-28T08:15:27.551208+00:00,2026-08-28
The Gioi Di Dong - VN,Vietnam,VN,The Gioi Di Dong - VN,1P Retailer,SKU-VN-0003,ASUS ROG Zephyrus G16 - Intel Core Ultra 9 185H (Laptop),,ASUS,ROG Zephyrus G16,Intel,Intel Core Ultra 9,Intel Core Ultra 9,185H,14th Gen / Meteor Lake,NVIDIA GeForce RTX 4060,Laptop,"16.0""",,32GB LPDDR5X,1TB NVMe SSD,SSD,Windows 11 Home,612,539,612,539,73,12,USD,,InStock,https://www.thegioididong.com/products/asus-rog-zephyrus-g16-intel-core-ultra-9,2026-08-28T08:15:27.551208+00:00,2026-08-28
The Gioi Di Dong - VN,Vietnam,VN,The Gioi Di Dong - VN,1P Retailer,SKU-VN-0004,Acer Nitro 16 - Intel Core i9 14900HX (Laptop),,Acer,Nitro 16,Intel,Intel Core i9,Intel Core i9,14900HX,14th Gen / Raptor Lake-HX,Integrated Intel Arc Graphics,Laptop,"14.0""",,16GB DDR5,512GB NVMe SSD,SSD,Windows 11 Home,659,659,659,659,0,0,USD,,InStock,https://www.thegioididong.com/products/acer-nitro-16-intel-core-i9,2026-08-28T08:15:27.551208+00:00,2026-08-28
The Gioi Di Dong - VN,Vietnam,VN,The Gioi Di Dong - VN,1P Retailer,SKU-VN-0005,Samsung Galaxy Book4 360 - AMD Ryzen 5 7520U (Laptop),,Samsung,Galaxy Book4 360,AMD,AMD Ryzen 5,AMD Ryzen 5,7520U,Zen 2 / Mendocino,Integrated Intel Arc Graphics,Laptop,"16.0""",,32GB LPDDR5X,512GB NVMe SSD,SSD,Windows 11 Home,706,579,706,579,127,18,USD,,InStock,https://www.thegioididong.com/products/samsung-galaxy-book4-360-amd-ryzen-5,2026-08-28T08:15:27.551208+00:00,2026-08-28
The Gioi Di Dong - VN,Vietnam,VN,The Gioi Di Dong - VN,1P Retailer,SKU-VN-0006,MSI Stealth 16 AI Studio - Apple M3 M3 (Desktop PC),,MSI,Stealth 16 AI Studio,Apple,Apple M3,Apple M3,M3,3nm Apple Silicon,NVIDIA GeForce RTX 4060,Desktop,"27""",,16GB DDR5,1TB NVMe SSD,SSD,Windows 11 Home,753,663,753,663,90,12,USD,,InStock,https://www.thegioididong.com/products/msi-stealth-16-ai-studio-apple-m3,2026-08-28T08:15:27.551208+00:00,2026-08-28
The Gioi Di Dong - VN,Vietnam,VN,The Gioi Di Dong - VN,1P Retailer,SKU-VN-0007,"Apple MacBook Air 15"" M3 - Intel Core Ultra 5 125H (Laptop)",,Apple,"MacBook Air 15"" M3",Intel,Intel Core Ultra 5,Intel Core Ultra 5,125H,14th Gen / Meteor Lake,Integrated Intel Arc Graphics,Laptop,"16.0""",,32GB LPDDR5X,512GB NVMe SSD,SSD,Windows 11 Home,800,800,800,800,0,0,USD,,InStock,https://www.thegioididong.com/products/apple-macbook-air-15-m3-intel-core-ultra-5,2026-08-28T08:15:27.551208+00:00,2026-08-28
The Gioi Di Dong - VN,Vietnam,VN,The Gioi Di Dong - VN,1P Retailer,SKU-VN-0008,Dell XPS 16 (9640) - Intel Core i5 1335U (Laptop),,Dell,XPS 16 (9640),Intel,Intel Core i5,Intel Core i5,1335U,13th Gen / Raptor Lake,Integrated Intel Arc Graphics,Laptop,"14.0""",,16GB DDR5,512GB NVMe SSD,SSD,Windows 11 Home,847,847,847,847,0,0,USD,,InStock,https://www.thegioididong.com/products/dell-xps-16-9640--intel-core-i5,2026-08-28T08:15:27.551208+00:00,2026-08-28
The Gioi Di Dong - VN,Vietnam,VN,The Gioi Di Dong - VN,1P Retailer,SKU-VN-0009,HP Envy x360 15 - AMD Ryzen 7 7840HS (Laptop),,HP,Envy x360 15,AMD,AMD Ryzen 7,AMD Ryzen 7,7840HS,Zen 4 / Phoenix,NVIDIA GeForce RTX 4060,Laptop,"16.0""",,32GB LPDDR5X,1TB NVMe SSD,SSD,Windows 11 Home,894,787,894,787,107,12,USD,,InStock,https://www.thegioididong.com/products/hp-envy-x360-15-amd-ryzen-7,2026-08-28T08:15:27.551208+00:00,2026-08-28
The Gioi Di Dong - VN,Vietnam,VN,The Gioi Di Dong - VN,1P Retailer,SKU-VN-0010,Lenovo IdeaPad Slim 5 - Apple M3 Pro M3 Pro (Laptop),,Lenovo,IdeaPad Slim 5,Apple,Apple M3 Pro,Apple M3 Pro,M3 Pro,3nm Apple Silicon,Integrated Intel Arc Graphics,Laptop,"14.0""",,16GB DDR5,512GB NVMe SSD,SSD,Windows 11 Home,941,772,941,772,169,18,USD,,InStock,https://www.thegioididong.com/products/lenovo-ideapad-slim-5-apple-m3-pro,2026-08-28T08:15:27.551208+00:00,2026-08-28
The Gioi Di Dong - VN,Vietnam,VN,The Gioi Di Dong - VN,1P Retailer,,ASUS ROG Strix SCAR 18 - Intel Core Ultra 7 155H (Laptop),,ASUS,ROG Strix SCAR 18,Intel,Intel Core Ultra 7,Intel Core Ultra 7,155H,14th Gen / Meteor Lake,Integrated Intel Arc Graphics,Laptop,"16.0""",,32GB LPDDR5X,512GB NVMe SSD,SSD,Windows 11 Home,988,988,988,988,0,0,USD,,InStock,https://www.thegioididong.com/products/asus-rog-strix-scar-18-intel-core-ultra-7,2026-08-28T08:15:27.551208+00:00,2026-08-28
The Gioi Di Dong - VN,Vietnam,VN,The Gioi Di Dong - VN,1P Retailer,SKU-VN-0012,Acer TravelMate P6 - Intel Core i7 13700H (Desktop PC),,Acer,TravelMate P6,Intel,Intel Core i7,Intel Core i7,13700H,13th Gen / Raptor Lake,NVIDIA GeForce RTX 4060,Desktop,"27""",,16GB DDR5,1TB NVMe SSD,SSD,Windows 11 Home,1035,911,1035,911,124,12,USD,,InStock,https://www.thegioididong.com/products/acer-travelmate-p6-intel-core-i7,2026-08-28T08:15:27.551208+00:00,2026-08-28
The Gioi Di Dong - VN,Vietnam,VN,The Gioi Di Dong - VN,1P Retailer,SKU-VN-0013,Samsung Galaxy Book4 Ultra - Intel Core 7 150U (Laptop),,Samsung,Galaxy Book4 Ultra,Intel,Intel Core 7,Intel Core 7,150U,14th Gen / Series 1,Integrated Intel Arc Graphics,Laptop,"16.0""",,32GB LPDDR5X,512GB NVMe SSD,SSD,Windows 11 Home,1082,1082,1082,1082,0,0,USD,,InStock,https://www.thegioididong.com/products/samsung-galaxy-book4-ultra-intel-core-7,2026-08-28T08:15:27.551208+00:00,2026-08-28
The Gioi Di Dong - VN,Vietnam,VN,The Gioi Di Dong - VN,1P Retailer,SKU-VN-0014,MSI Modern 14 - AMD Ryzen 9 7945HX (Laptop),,MSI,Modern 14,AMD,AMD Ryzen 9,AMD Ryzen 9,7945HX,Zen 4 / Dragon Range,Integrated Intel Arc Graphics,Laptop,"14.0""",,16GB DDR5,512GB NVMe SSD,SSD,Windows 11 Home,1129,1129,1129,1129,0,0,USD,,InStock,https://www.thegioididong.com/products/msi-modern-14-amd-ryzen-9,2026-08-28T08:15:27.551208+00:00,2026-08-28
The Gioi Di Dong - VN,Vietnam,VN,The Gioi Di Dong - VN,1P Retailer,SKU-VN-0015,"Apple MacBook Air 15"" M3 - Snapdragon X Elite X1E-80-100 (Laptop)",,Apple,"MacBook Air 15"" M3",Qualcomm,Snapdragon X Elite,Snapdragon X Elite,X1E-80-100,Oryon ARM,NVIDIA GeForce RTX 4060,Laptop,"16.0""",,32GB LPDDR5X,1TB NVMe SSD,SSD,Windows 11 Home,1176,1035,1176,1035,141,12,USD,,InStock,https://www.thegioididong.com/products/apple-macbook-air-15-m3-snapdragon-x-elite,2026-08-28T08:15:27.551208+00:00,2026-08-28
The Gioi Di Dong - VN,Vietnam,VN,The Gioi Di Dong - VN,1P Retailer,SKU-VN-0016,Dell Inspiron 15 (3520) - Intel Core Ultra 9 185H (Laptop),,Dell,Inspiron 15 (3520),Intel,Intel Core Ultra 9,Intel Core Ultra 9,185H,14th Gen / Meteor Lake,Integrated Intel Arc Graphics,Laptop,"14.0""",,16GB DDR5,512GB NVMe SSD,SSD,Windows 11 Home,1223,1223,1223,1223,0,0,USD,,InStock,https://www.thegioididong.com/products/dell-inspiron-15-3520--intel-core-ultra-9,2026-08-28T08:15:27.551208+00:00,2026-08-28
The Gioi Di Dong - VN,Vietnam,VN,The Gioi Di Dong - VN,1P Retailer,SKU-VN-0017,HP Pavilion Plus 14 - Intel Core i9 14900HX (Laptop),,HP,Pavilion Plus 14,Intel,Intel Core i9,Intel Core i9,14900HX,14th Gen / Raptor Lake-HX,Integrated Intel Arc Graphics,Laptop,"16.0""",,32GB LPDDR5X,512GB NVMe SSD,SSD,Windows 11 Home,1270,1270,1270,1270,0,0,USD,,InStock,https://www.thegioididong.com/products/hp-pavilion-plus-14-intel-core-i9,2026-08-28T08:15:27.551208+00:00,2026-08-28
The Gioi Di Dong - VN,Vietnam,VN,The Gioi Di Dong - VN,1P Retailer,SKU-VN-0018,Lenovo Legion Pro 7i - AMD Ryzen 5 7520U (Desktop PC),,Lenovo,Legion Pro 7i,AMD,AMD Ryzen 5,AMD Ryzen 5,7520U,Zen 2 / Mendocino,NVIDIA GeForce RTX 4060,Desktop,"27""",,16GB DDR5,1TB NVMe SSD,SSD,Windows 11 Home,1317,1159,1317,1159,158,12,USD,,InStock,https://www.thegioididong.com/products/lenovo-legion-pro-7i-amd-ryzen-5,2026-08-28T08:15:27.551208+00:00,2026-08-28
The Gioi Di Dong - VN,Vietnam,VN,The Gioi Di Dong - VN,1P Retailer,SKU-VN-0019,ASUS TUF Gaming A15 - Apple M3 M3 (Laptop),,ASUS,TUF Gaming A15,Apple,Apple M3,Apple M3,M3,3nm Apple Silicon,Integrated Intel Arc Graphics,Laptop,"16.0""",,32GB LPDDR5X,512GB NVMe SSD,SSD,Windows 11 Home,1364,1364,1364,1364,0,0,USD,,InStock,https://www.thegioididong.com/products/asus-tuf-gaming-a15-apple-m3,2026-08-28T08:15:27.551208+00:00,2026-08-28
The Gioi Di Dong - VN,Vietnam,VN,The Gioi Di Dong - VN,1P Retailer,SKU-VN-0020,Acer Spin 5 - Intel Core Ultra 5 125H (Laptop),,Acer,Spin 5,Intel,Intel Core Ultra 5,Intel Core Ultra 5,125H,14th Gen / Meteor Lake,Integrated Intel Arc Graphics,Laptop,"14.0""",,16GB DDR5,512GB NVMe SSD,SSD,Windows 11 Home,1411,1157,1411,1157,254,18,USD,,InStock,https://www.thegioididong.com/products/acer-spin-5-intel-core-ultra-5,2026-08-28T08:15:27.551208+00:00,2026-08-28
The Gioi Di Dong - VN,Vietnam,VN,The Gioi Di Dong - VN,1P Retailer,SKU-VN-0021,Samsung Galaxy Book4 Pro - Intel Core i5 1335U (Laptop),,Samsung,Galaxy Book4 Pro,Intel,Intel Core i5,Intel Core i5,1335U,13th Gen / Raptor Lake,NVIDIA GeForce RTX 4060,Laptop,"16.0""",,32GB LPDDR5X,1TB NVMe SSD,SSD,Windows 11 Home,1458,1283,1458,1283,175,12,USD,,InStock,https://www.thegioididong.com/products/samsung-galaxy-book4-pro-intel-core-i5,2026-08-28T08:15:27.551208+00:00,2026-08-28
The Gioi Di Dong - VN,Vietnam,VN,The Gioi Di Dong - VN,1P Retailer,,MSI Raider GE78 HX - AMD Ryzen 7 7840HS (Laptop),,MSI,Raider GE78 HX,AMD,AMD Ryzen 7,AMD Ryzen 7,7840HS,Zen 4 / Phoenix,Integrated Intel Arc Graphics,Laptop,"14.0""",,16GB DDR5,512GB NVMe SSD,SSD,Windows 11 Home,1505,1505,1505,1505,0,0,USD,,InStock,https://www.thegioididong.com/products/msi-raider-ge78-hx-amd-ryzen-7,2026-08-28T08:15:27.551208+00:00,2026-08-28
The Gioi Di Dong - VN,Vietnam,VN,The Gioi Di Dong - VN,1P Retailer,SKU-VN-0023,"Apple MacBook Air 15"" M3 - Apple M3 Pro M3 Pro (Laptop)",,Apple,"MacBook Air 15"" M3",Apple,Apple M3 Pro,Apple M3 Pro,M3 Pro,3nm Apple Silicon,Integrated Intel Arc Graphics,Laptop,"16.0""",,32GB LPDDR5X,512GB NVMe SSD,SSD,Windows 11 Home,1552,1552,1552,1552,0,0,USD,,InStock,https://www.thegioididong.com/products/apple-macbook-air-15-m3-apple-m3-pro,2026-08-28T08:15:27.551208+00:00,2026-08-28
The Gioi Di Dong - VN,Vietnam,VN,The Gioi Di Dong - VN,1P Retailer,SKU-VN-0024,Dell Inspiron 16 Plus (7640) - Intel Core Ultra 7 155H (Desktop PC),,Dell,Inspiron 16 Plus (7640),Intel,Intel Core Ultra 7,Intel Core Ultra 7,155H,14th Gen / Meteor Lake,NVIDIA GeForce RTX 4060,Desktop,"27""",,16GB DDR5,1TB NVMe SSD,SSD,Windows 11 Home,1599,1407,1599,1407,192,12,USD,,InStock,https://www.thegioididong.com/products/dell-inspiron-16-plus-7640--intel-core-ultra-7,2026-08-28T08:15:27.551208+00:00,2026-08-28
The Gioi Di Dong - VN,Vietnam,VN,The Gioi Di Dong - VN,1P Retailer,SKU-VN-0025,HP OMEN 16 Transcend - Intel Core i7 13700H (Laptop),,HP,OMEN 16 Transcend,Intel,Intel Core i7,Intel Core i7,13700H,13th Gen / Raptor Lake,Integrated Intel Arc Graphics,Laptop,"16.0""",,32GB LPDDR5X,512GB NVMe SSD,SSD,Windows 11 Home,1646,1350,1646,1350,296,18,USD,,InStock,https://www.thegioididong.com/products/hp-omen-16-transcend-intel-core-i7,2026-08-28T08:15:27.551208+00:00,2026-08-28
The Gioi Di Dong - VN,Vietnam,VN,The Gioi Di Dong - VN,1P Retailer,SKU-VN-0026,Lenovo ThinkBook 16 Gen 6 - Intel Core 7 150U (Laptop),,Lenovo,ThinkBook 16 Gen 6,Intel,Intel Core 7,Intel Core 7,150U,14th Gen / Series 1,Integrated Intel Arc Graphics,Laptop,"14.0""",,16GB DDR5,512GB NVMe SSD,SSD,Windows 11 Home,1693,1693,1693,1693,0,0,USD,,InStock,https://www.thegioididong.com/products/lenovo-thinkbook-16-gen-6-intel-core-7,2026-08-28T08:15:27.551208+00:00,2026-08-28
The Gioi Di Dong - VN,Vietnam,VN,The Gioi Di Dong - VN,1P Retailer,SKU-VN-0027,ASUS ExpertBook B9 - AMD Ryzen 9 7945HX (Laptop),,ASUS,ExpertBook B9,AMD,AMD Ryzen 9,AMD Ryzen 9,7945HX,Zen 4 / Dragon Range,NVIDIA GeForce RTX 4060,Laptop,"16.0""",,32GB LPDDR5X,1TB NVMe SSD,SSD,Windows 11 Home,1740,1531,1740,1531,209,12,USD,,InStock,https://www.thegioididong.com/products/asus-expertbook-b9-amd-ryzen-9,2026-08-28T08:15:27.551208+00:00,2026-08-28
The Gioi Di Dong - VN,Vietnam,VN,The Gioi Di Dong - VN,1P Retailer,SKU-VN-0028,Acer Swift Go 14 AI - Snapdragon X Elite X1E-80-100 (Laptop),,Acer,Swift Go 14 AI,Qualcomm,Snapdragon X Elite,Snapdragon X Elite,X1E-80-100,Oryon ARM,Integrated Intel Arc Graphics,Laptop,"14.0""",,16GB DDR5,512GB NVMe SSD,SSD,Windows 11 Home,1787,1787,1787,1787,0,0,USD,,InStock,https://www.thegioididong.com/products/acer-swift-go-14-ai-snapdragon-x-elite,2026-08-28T08:15:27.551208+00:00,2026-08-28
Mercado Libre - CL,Chile,CL,Mercado Libre - CL,3P Marketplace,SKU-CL-0001,Dell XPS 16 (9640) - Intel Core Ultra 5 125H (Laptop),,Dell,XPS 16 (9640),Intel,Intel Core Ultra 5,Intel Core Ultra 5,125H,14th Gen / Meteor Lake,Integrated Intel Arc Graphics,Laptop,"16.0""",,32GB LPDDR5X,512GB NVMe SSD,SSD,Windows 11 Home,607,607,607,607,0,0,USD,,InStock,https://www.mercadolibre.cl/products/dell-xps-16-9640--intel-core-ultra-5,2026-08-28T08:15:27.551208+00:00,2026-08-28
Mercado Libre - CL,Chile,CL,Mercado Libre - CL,3P Marketplace,SKU-CL-0002,HP Envy x360 15 - Intel Core i5 1335U (Laptop),,HP,Envy x360 15,Intel,Intel Core i5,Intel Core i5,1335U,13th Gen / Raptor Lake,Integrated Intel Arc Graphics,Laptop,"14.0""",,16GB DDR5,512GB NVMe SSD,SSD,Windows 11 Home,654,654,654,654,0,0,USD,,InStock,https://www.mercadolibre.cl/products/hp-envy-x360-15-intel-core-i5,2026-08-28T08:15:27.551208+00:00,2026-08-28
Mercado Libre - CL,Chile,CL,Mercado Libre - CL,3P Marketplace,SKU-CL-0003,Lenovo IdeaPad Slim 5 - AMD Ryzen 7 7840HS (Laptop),,Lenovo,IdeaPad Slim 5,AMD,AMD Ryzen 7,AMD Ryzen 7,7840HS,Zen 4 / Phoenix,NVIDIA GeForce RTX 4060,Laptop,"16.0""",,32GB LPDDR5X,1TB NVMe SSD,SSD,Windows 11 Home,701,617,701,617,84,12,USD,,InStock,https://www.mercadolibre.cl/products/lenovo-ideapad-slim-5-amd-ryzen-7,2026-08-28T08:15:27.551208+00:00,2026-08-28
Mercado Libre - CL,Chile,CL,Mercado Libre - CL,3P Marketplace,SKU-CL-0004,ASUS ROG Strix SCAR 18 - Apple M3 Pro M3 Pro (Laptop),,ASUS,ROG Strix SCAR 18,Apple,Apple M3 Pro,Apple M3 Pro,M3 Pro,3nm Apple Silicon,Integrated Intel Arc Graphics,Laptop,"14.0""",,16GB DDR5,512GB NVMe SSD,SSD,Windows 11 Home,748,748,748,748,0,0,USD,,InStock,https://www.mercadolibre.cl/products/asus-rog-strix-scar-18-apple-m3-pro,2026-08-28T08:15:27.551208+00:00,2026-08-28
Mercado Libre - CL,Chile,CL,Mercado Libre - CL,3P Marketplace,SKU-CL-0005,Acer TravelMate P6 - Intel Core Ultra 7 155H (Laptop),,Acer,TravelMate P6,Intel,Intel Core Ultra 7,Intel Core Ultra 7,155H,14th Gen / Meteor Lake,Integrated Intel Arc Graphics,Laptop,"16.0""",,32GB LPDDR5X,512GB NVMe SSD,SSD,Windows 11 Home,795,652,795,652,143,18,USD,,InStock,https://www.mercadolibre.cl/products/acer-travelmate-p6-intel-core-ultra-7,2026-08-28T08:15:27.551208+00:00,2026-08-28
Mercado Libre - CL,Chile,CL,Mercado Libre - CL,3P Marketplace,SKU-CL-0006,Samsung Galaxy Book4 Pro - Intel Core i7 13700H (Desktop PC),,Samsung,Galaxy Book4 Pro,Intel,Intel Core i7,Intel Core i7,13700H,13th Gen / Raptor Lake,NVIDIA GeForce RTX 4060,Desktop,"27""",,16GB DDR5,1TB NVMe SSD,SSD,Windows 11 Home,842,741,842,741,101,12,USD,,InStock,https://www.mercadolibre.cl/products/samsung-galaxy-book4-pro-intel-core-i7,2026-08-28T08:15:27.551208+00:00,2026-08-28
Mercado Libre - CL,Chile,CL,Mercado Libre - CL,3P Marketplace,SKU-CL-0007,MSI Raider GE78 HX - Intel Core 7 150U (Laptop),,MSI,Raider GE78 HX,Intel,Intel Core 7,Intel Core 7,150U,14th Gen / Series 1,Integrated Intel Arc Graphics,Laptop,"16.0""",,32GB LPDDR5X,512GB NVMe SSD,SSD,Windows 11 Home,889,889,889,889,0,0,USD,,InStock,https://www.mercadolibre.cl/products/msi-raider-ge78-hx-intel-core-7,2026-08-28T08:15:27.551208+00:00,2026-08-28
Mercado Libre - CL,Chile,CL,Mercado Libre - CL,3P Marketplace,SKU-CL-0008,"Apple MacBook Pro 14"" M3 - AMD Ryzen 9 7945HX (Laptop)",,Apple,"MacBook Pro 14"" M3",AMD,AMD Ryzen 9,AMD Ryzen 9,7945HX,Zen 4 / Dragon Range,Integrated Intel Arc Graphics,Laptop,"14.0""",,16GB DDR5,512GB NVMe SSD,SSD,Windows 11 Home,936,936,936,936,0,0,USD,,InStock,https://www.mercadolibre.cl/products/apple-macbook-pro-14-m3-amd-ryzen-9,2026-08-28T08:15:27.551208+00:00,2026-08-28
Mercado Libre - CL,Chile,CL,Mercado Libre - CL,3P Marketplace,SKU-CL-0009,Dell Inspiron 15 (3520) - Snapdragon X Elite X1E-80-100 (Laptop),,Dell,Inspiron 15 (3520),Qualcomm,Snapdragon X Elite,Snapdragon X Elite,X1E-80-100,Oryon ARM,NVIDIA GeForce RTX 4060,Laptop,"16.0""",,32GB LPDDR5X,1TB NVMe SSD,SSD,Windows 11 Home,983,865,983,865,118,12,USD,,InStock,https://www.mercadolibre.cl/products/dell-inspiron-15-3520--snapdragon-x-elite,2026-08-28T08:15:27.551208+00:00,2026-08-28
Mercado Libre - CL,Chile,CL,Mercado Libre - CL,3P Marketplace,SKU-CL-0010,HP Pavilion Plus 14 - Intel Core Ultra 9 185H (Laptop),,HP,Pavilion Plus 14,Intel,Intel Core Ultra 9,Intel Core Ultra 9,185H,14th Gen / Meteor Lake,Integrated Intel Arc Graphics,Laptop,"14.0""",,16GB DDR5,512GB NVMe SSD,SSD,Windows 11 Home,1030,845,1030,845,185,18,USD,,InStock,https://www.mercadolibre.cl/products/hp-pavilion-plus-14-intel-core-ultra-9,2026-08-28T08:15:27.551208+00:00,2026-08-28
Mercado Libre - CL,Chile,CL,Mercado Libre - CL,3P Marketplace,,Lenovo Legion Pro 7i - Intel Core i9 14900HX (Laptop),,Lenovo,Legion Pro 7i,Intel,Intel Core i9,Intel Core i9,14900HX,14th Gen / Raptor Lake-HX,Integrated Intel Arc Graphics,Laptop,"16.0""",,32GB LPDDR5X,512GB NVMe SSD,SSD,Windows 11 Home,1077,1077,1077,1077,0,0,USD,,InStock,https://www.mercadolibre.cl/products/lenovo-legion-pro-7i-intel-core-i9,2026-08-28T08:15:27.551208+00:00,2026-08-28
Mercado Libre - CL,Chile,CL,Mercado Libre - CL,3P Marketplace,SKU-CL-0012,ASUS TUF Gaming A15 - AMD Ryzen 5 7520U (Desktop PC),,ASUS,TUF Gaming A15,AMD,AMD Ryzen 5,AMD Ryzen 5,7520U,Zen 2 / Mendocino,NVIDIA GeForce RTX 4060,Desktop,"27""",,16GB DDR5,1TB NVMe SSD,SSD,Windows 11 Home,1124,989,1124,989,135,12,USD,,InStock,https://www.mercadolibre.cl/products/asus-tuf-gaming-a15-amd-ryzen-5,2026-08-28T08:15:27.551208+00:00,2026-08-28
Mercado Libre - CL,Chile,CL,Mercado Libre - CL,3P Marketplace,SKU-CL-0013,Acer Spin 5 - Apple M3 M3 (Laptop),,Acer,Spin 5,Apple,Apple M3,Apple M3,M3,3nm Apple Silicon,Integrated Intel Arc Graphics,Laptop,"16.0""",,32GB LPDDR5X,512GB NVMe SSD,SSD,Windows 11 Home,1171,1171,1171,1171,0,0,USD,,InStock,https://www.mercadolibre.cl/products/acer-spin-5-apple-m3,2026-08-28T08:15:27.551208+00:00,2026-08-28
Mercado Libre - CL,Chile,CL,Mercado Libre - CL,3P Marketplace,SKU-CL-0014,Samsung Galaxy Book4 360 - Intel Core Ultra 5 125H (Laptop),,Samsung,Galaxy Book4 360,Intel,Intel Core Ultra 5,Intel Core Ultra 5,125H,14th Gen / Meteor Lake,Integrated Intel Arc Graphics,Laptop,"14.0""",,16GB DDR5,512GB NVMe SSD,SSD,Windows 11 Home,1218,1218,1218,1218,0,0,USD,,InStock,https://www.mercadolibre.cl/products/samsung-galaxy-book4-360-intel-core-ultra-5,2026-08-28T08:15:27.551208+00:00,2026-08-28
Mercado Libre - CL,Chile,CL,Mercado Libre - CL,3P Marketplace,SKU-CL-0015,MSI Prestige 16 AI Evo - Intel Core i5 1335U (Laptop),,MSI,Prestige 16 AI Evo,Intel,Intel Core i5,Intel Core i5,1335U,13th Gen / Raptor Lake,NVIDIA GeForce RTX 4060,Laptop,"16.0""",,32GB LPDDR5X,1TB NVMe SSD,SSD,Windows 11 Home,1265,1113,1265,1113,152,12,USD,,InStock,https://www.mercadolibre.cl/products/msi-prestige-16-ai-evo-intel-core-i5,2026-08-28T08:15:27.551208+00:00,2026-08-28
Mercado Libre - CL,Chile,CL,Mercado Libre - CL,3P Marketplace,SKU-CL-0016,"Apple MacBook Pro 14"" M3 - AMD Ryzen 7 7840HS (Laptop)",,Apple,"MacBook Pro 14"" M3",AMD,AMD Ryzen 7,AMD Ryzen 7,7840HS,Zen 4 / Phoenix,Integrated Intel Arc Graphics,Laptop,"14.0""",,16GB DDR5,512GB NVMe SSD,SSD,Windows 11 Home,1312,1312,1312,1312,0,0,USD,,InStock,https://www.mercadolibre.cl/products/apple-macbook-pro-14-m3-amd-ryzen-7,2026-08-28T08:15:27.551208+00:00,2026-08-28
Mercado Libre - CL,Chile,CL,Mercado Libre - CL,3P Marketplace,SKU-CL-0017,Dell Inspiron 16 Plus (7640) - Apple M3 Pro M3 Pro (Laptop),,Dell,Inspiron 16 Plus (7640),Apple,Apple M3 Pro,Apple M3 Pro,M3 Pro,3nm Apple Silicon,Integrated Intel Arc Graphics,Laptop,"16.0""",,32GB LPDDR5X,512GB NVMe SSD,SSD,Windows 11 Home,1359,1359,1359,1359,0,0,USD,,InStock,https://www.mercadolibre.cl/products/dell-inspiron-16-plus-7640--apple-m3-pro,2026-08-28T08:15:27.551208+00:00,2026-08-28
Mercado Libre - CL,Chile,CL,Mercado Libre - CL,3P Marketplace,SKU-CL-0018,HP OMEN 16 Transcend - Intel Core Ultra 7 155H (Desktop PC),,HP,OMEN 16 Transcend,Intel,Intel Core Ultra 7,Intel Core Ultra 7,155H,14th Gen / Meteor Lake,NVIDIA GeForce RTX 4060,Desktop,"27""",,16GB DDR5,1TB NVMe SSD,SSD,Windows 11 Home,1406,1237,1406,1237,169,12,USD,,InStock,https://www.mercadolibre.cl/products/hp-omen-16-transcend-intel-core-ultra-7,2026-08-28T08:15:27.551208+00:00,2026-08-28
Mercado Libre - CL,Chile,CL,Mercado Libre - CL,3P Marketplace,SKU-CL-0019,Lenovo ThinkBook 16 Gen 6 - Intel Core i7 13700H (Laptop),,Lenovo,ThinkBook 16 Gen 6,Intel,Intel Core i7,Intel Core i7,13700H,13th Gen / Raptor Lake,Integrated Intel Arc Graphics,Laptop,"16.0""",,32GB LPDDR5X,512GB NVMe SSD,SSD,Windows 11 Home,1453,1453,1453,1453,0,0,USD,,InStock,https://www.mercadolibre.cl/products/lenovo-thinkbook-16-gen-6-intel-core-i7,2026-08-28T08:15:27.551208+00:00,2026-08-28
Mercado Libre - CL,Chile,CL,Mercado Libre - CL,3P Marketplace,SKU-CL-0020,ASUS ExpertBook B9 - Intel Core 7 150U (Laptop),,ASUS,ExpertBook B9,Intel,Intel Core 7,Intel Core 7,150U,14th Gen / Series 1,Integrated Intel Arc Graphics,Laptop,"14.0""",,16GB DDR5,512GB NVMe SSD,SSD,Windows 11 Home,1500,1230,1500,1230,270,18,USD,,InStock,https://www.mercadolibre.cl/products/asus-expertbook-b9-intel-core-7,2026-08-28T08:15:27.551208+00:00,2026-08-28
Mercado Libre - CL,Chile,CL,Mercado Libre - CL,3P Marketplace,SKU-CL-0021,Acer Swift Go 14 AI - AMD Ryzen 9 7945HX (Laptop),,Acer,Swift Go 14 AI,AMD,AMD Ryzen 9,AMD Ryzen 9,7945HX,Zen 4 / Dragon Range,NVIDIA GeForce RTX 4060,Laptop,"16.0""",,32GB LPDDR5X,1TB NVMe SSD,SSD,Windows 11 Home,1547,1361,1547,1361,186,12,USD,,InStock,https://www.mercadolibre.cl/products/acer-swift-go-14-ai-amd-ryzen-9,2026-08-28T08:15:27.551208+00:00,2026-08-28
Mercado Libre - CL,Chile,CL,Mercado Libre - CL,3P Marketplace,,Samsung Galaxy Book4 Ultra - Snapdragon X Elite X1E-80-100 (Laptop),,Samsung,Galaxy Book4 Ultra,Qualcomm,Snapdragon X Elite,Snapdragon X Elite,X1E-80-100,Oryon ARM,Integrated Intel Arc Graphics,Laptop,"14.0""",,16GB DDR5,512GB NVMe SSD,SSD,Windows 11 Home,1594,1594,1594,1594,0,0,USD,,InStock,https://www.mercadolibre.cl/products/samsung-galaxy-book4-ultra-snapdragon-x-elite,2026-08-28T08:15:27.551208+00:00,2026-08-28
Mercado Libre - CL,Chile,CL,Mercado Libre - CL,3P Marketplace,SKU-CL-0023,MSI Cyborg 15 - Intel Core Ultra 9 185H (Laptop),,MSI,Cyborg 15,Intel,Intel Core Ultra 9,Intel Core Ultra 9,185H,14th Gen / Meteor Lake,Integrated Intel Arc Graphics,Laptop,"16.0""",,32GB LPDDR5X,512GB NVMe SSD,SSD,Windows 11 Home,1641,1641,1641,1641,0,0,USD,,InStock,https://www.mercadolibre.cl/products/msi-cyborg-15-intel-core-ultra-9,2026-08-28T08:15:27.551208+00:00,2026-08-28
Mercado Libre - CL,Chile,CL,Mercado Libre - CL,3P Marketplace,SKU-CL-0024,"Apple MacBook Pro 14"" M3 - Intel Core i9 14900HX (Desktop PC)",,Apple,"MacBook Pro 14"" M3",Intel,Intel Core i9,Intel Core i9,14900HX,14th Gen / Raptor Lake-HX,NVIDIA GeForce RTX 4060,Desktop,"27""",,16GB DDR5,1TB NVMe SSD,SSD,Windows 11 Home,1688,1485,1688,1485,203,12,USD,,InStock,https://www.mercadolibre.cl/products/apple-macbook-pro-14-m3-intel-core-i9,2026-08-28T08:15:27.551208+00:00,2026-08-28
Mercado Libre - CL,Chile,CL,Mercado Libre - CL,3P Marketplace,SKU-CL-0025,Dell Alienware m16 R2 - AMD Ryzen 5 7520U (Laptop),,Dell,Alienware m16 R2,AMD,AMD Ryzen 5,AMD Ryzen 5,7520U,Zen 2 / Mendocino,Integrated Intel Arc Graphics,Laptop,"16.0""",,32GB LPDDR5X,512GB NVMe SSD,SSD,Windows 11 Home,1735,1423,1735,1423,312,18,USD,,InStock,https://www.mercadolibre.cl/products/dell-alienware-m16-r2-amd-ryzen-5,2026-08-28T08:15:27.551208+00:00,2026-08-28
Mercado Libre - CL,Chile,CL,Mercado Libre - CL,3P Marketplace,SKU-CL-0026,HP Victus 15 - Apple M3 M3 (Laptop),,HP,Victus 15,Apple,Apple M3,Apple M3,M3,3nm Apple Silicon,Integrated Intel Arc Graphics,Laptop,"14.0""",,16GB DDR5,512GB NVMe SSD,SSD,Windows 11 Home,1782,1782,1782,1782,0,0,USD,,InStock,https://www.mercadolibre.cl/products/hp-victus-15-apple-m3,2026-08-28T08:15:27.551208+00:00,2026-08-28
Mercado Libre - CO,Colombia,CO,Mercado Libre - CO,3P Marketplace,SKU-CO-0001,"Apple MacBook Pro 16"" M3 Max - Intel Core 7 150U (Laptop)",,Apple,"MacBook Pro 16"" M3 Max",Intel,Intel Core 7,Intel Core 7,150U,14th Gen / Series 1,Integrated Intel Arc Graphics,Laptop,"16.0""",,32GB LPDDR5X,512GB NVMe SSD,SSD,Windows 11 Home,696,696,696,696,0,0,USD,,InStock,https://www.mercadolibre.com.co/products/apple-macbook-pro-16-m3-max-intel-core-7,2026-08-28T08:15:27.551208+00:00,2026-08-28
Mercado Libre - CO,Colombia,CO,Mercado Libre - CO,3P Marketplace,SKU-CO-0002,Dell Inspiron 15 (3520) - AMD Ryzen 9 7945HX (Laptop),,Dell,Inspiron 15 (3520),AMD,AMD Ryzen 9,AMD Ryzen 9,7945HX,Zen 4 / Dragon Range,Integrated Intel Arc Graphics,Laptop,"14.0""",,16GB DDR5,512GB NVMe SSD,SSD,Windows 11 Home,743,743,743,743,0,0,USD,,InStock,https://www.mercadolibre.com.co/products/dell-inspiron-15-3520--amd-ryzen-9,2026-08-28T08:15:27.551208+00:00,2026-08-28
Mercado Libre - CO,Colombia,CO,Mercado Libre - CO,3P Marketplace,SKU-CO-0003,HP Pavilion Plus 14 - Snapdragon X Elite X1E-80-100 (Laptop),,HP,Pavilion Plus 14,Qualcomm,Snapdragon X Elite,Snapdragon X Elite,X1E-80-100,Oryon ARM,NVIDIA GeForce RTX 4060,Laptop,"16.0""",,32GB LPDDR5X,1TB NVMe SSD,SSD,Windows 11 Home,790,695,790,695,95,12,USD,,InStock,https://www.mercadolibre.com.co/products/hp-pavilion-plus-14-snapdragon-x-elite,2026-08-28T08:15:27.551208+00:00,2026-08-28
Mercado Libre - CO,Colombia,CO,Mercado Libre - CO,3P Marketplace,SKU-CO-0004,Lenovo Legion Pro 7i - Intel Core Ultra 9 185H (Laptop),,Lenovo,Legion Pro 7i,Intel,Intel Core Ultra 9,Intel Core Ultra 9,185H,14th Gen / Meteor Lake,Integrated Intel Arc Graphics,Laptop,"14.0""",,16GB DDR5,512GB NVMe SSD,SSD,Windows 11 Home,837,837,837,837,0,0,USD,,InStock,https://www.mercadolibre.com.co/products/lenovo-legion-pro-7i-intel-core-ultra-9,2026-08-28T08:15:27.551208+00:00,2026-08-28
Mercado Libre - CO,Colombia,CO,Mercado Libre - CO,3P Marketplace,SKU-CO-0005,ASUS TUF Gaming A15 - Intel Core i9 14900HX (Laptop),,ASUS,TUF Gaming A15,Intel,Intel Core i9,Intel Core i9,14900HX,14th Gen / Raptor Lake-HX,Integrated Intel Arc Graphics,Laptop,"16.0""",,32GB LPDDR5X,512GB NVMe SSD,SSD,Windows 11 Home,884,725,884,725,159,18,USD,,InStock,https://www.mercadolibre.com.co/products/asus-tuf-gaming-a15-intel-core-i9,2026-08-28T08:15:27.551208+00:00,2026-08-28
Mercado Libre - CO,Colombia,CO,Mercado Libre - CO,3P Marketplace,SKU-CO-0006,Acer Spin 5 - AMD Ryzen 5 7520U (Desktop PC),,Acer,Spin 5,AMD,AMD Ryzen 5,AMD Ryzen 5,7520U,Zen 2 / Mendocino,NVIDIA GeForce RTX 4060,Desktop,"27""",,16GB DDR5,1TB NVMe SSD,SSD,Windows 11 Home,931,819,931,819,112,12,USD,,InStock,https://www.mercadolibre.com.co/products/acer-spin-5-amd-ryzen-5,2026-08-28T08:15:27.551208+00:00,2026-08-28
Mercado Libre - CO,Colombia,CO,Mercado Libre - CO,3P Marketplace,SKU-CO-0007,Samsung Galaxy Book4 Ultra - Apple M3 M3 (Laptop),,Samsung,Galaxy Book4 Ultra,Apple,Apple M3,Apple M3,M3,3nm Apple Silicon,Integrated Intel Arc Graphics,Laptop,"16.0""",,32GB LPDDR5X,512GB NVMe SSD,SSD,Windows 11 Home,978,978,978,978,0,0,USD,,InStock,https://www.mercadolibre.com.co/products/samsung-galaxy-book4-ultra-apple-m3,2026-08-28T08:15:27.551208+00:00,2026-08-28
Mercado Libre - CO,Colombia,CO,Mercado Libre - CO,3P Marketplace,SKU-CO-0008,MSI Cyborg 15 - Intel Core Ultra 5 125H (Laptop),,MSI,Cyborg 15,Intel,Intel Core Ultra 5,Intel Core Ultra 5,125H,14th Gen / Meteor Lake,Integrated Intel Arc Graphics,Laptop,"14.0""",,16GB DDR5,512GB NVMe SSD,SSD,Windows 11 Home,1025,1025,1025,1025,0,0,USD,,InStock,https://www.mercadolibre.com.co/products/msi-cyborg-15-intel-core-ultra-5,2026-08-28T08:15:27.551208+00:00,2026-08-28
Mercado Libre - CO,Colombia,CO,Mercado Libre - CO,3P Marketplace,SKU-CO-0009,"Apple MacBook Pro 16"" M3 Max - Intel Core i5 1335U (Laptop)",,Apple,"MacBook Pro 16"" M3 Max",Intel,Intel Core i5,Intel Core i5,1335U,13th Gen / Raptor Lake,NVIDIA GeForce RTX 4060,Laptop,"16.0""",,32GB LPDDR5X,1TB NVMe SSD,SSD,Windows 11 Home,1072,943,1072,943,129,12,USD,,InStock,https://www.mercadolibre.com.co/products/apple-macbook-pro-16-m3-max-intel-core-i5,2026-08-28T08:15:27.551208+00:00,2026-08-28
Mercado Libre - CO,Colombia,CO,Mercado Libre - CO,3P Marketplace,SKU-CO-0010,Dell Inspiron 16 Plus (7640) - AMD Ryzen 7 7840HS (Laptop),,Dell,Inspiron 16 Plus (7640),AMD,AMD Ryzen 7,AMD Ryzen 7,7840HS,Zen 4 / Phoenix,Integrated Intel Arc Graphics,Laptop,"14.0""",,16GB DDR5,512GB NVMe SSD,SSD,Windows 11 Home,1119,918,1119,918,201,18,USD,,InStock,https://www.mercadolibre.com.co/products/dell-inspiron-16-plus-7640--amd-ryzen-7,2026-08-28T08:15:27.551208+00:00,2026-08-28
Mercado Libre - CO,Colombia,CO,Mercado Libre - CO,3P Marketplace,,HP OMEN 16 Transcend - Apple M3 Pro M3 Pro (Laptop),,HP,OMEN 16 Transcend,Apple,Apple M3 Pro,Apple M3 Pro,M3 Pro,3nm Apple Silicon,Integrated Intel Arc Graphics,Laptop,"16.0""",,32GB LPDDR5X,512GB NVMe SSD,SSD,Windows 11 Home,1166,1166,1166,1166,0,0,USD,,InStock,https://www.mercadolibre.com.co/products/hp-omen-16-transcend-apple-m3-pro,2026-08-28T08:15:27.551208+00:00,2026-08-28
Mercado Libre - CO,Colombia,CO,Mercado Libre - CO,3P Marketplace,SKU-CO-0012,Lenovo ThinkBook 16 Gen 6 - Intel Core Ultra 7 155H (Desktop PC),,Lenovo,ThinkBook 16 Gen 6,Intel,Intel Core Ultra 7,Intel Core Ultra 7,155H,14th Gen / Meteor Lake,NVIDIA GeForce RTX 4060,Desktop,"27""",,16GB DDR5,1TB NVMe SSD,SSD,Windows 11 Home,1213,1067,1213,1067,146,12,USD,,InStock,https://www.mercadolibre.com.co/products/lenovo-thinkbook-16-gen-6-intel-core-ultra-7,2026-08-28T08:15:27.551208+00:00,2026-08-28
Mercado Libre - CO,Colombia,CO,Mercado Libre - CO,3P Marketplace,SKU-CO-0013,ASUS ExpertBook B9 - Intel Core i7 13700H (Laptop),,ASUS,ExpertBook B9,Intel,Intel Core i7,Intel Core i7,13700H,13th Gen / Raptor Lake,Integrated Intel Arc Graphics,Laptop,"16.0""",,32GB LPDDR5X,512GB NVMe SSD,SSD,Windows 11 Home,1260,1260,1260,1260,0,0,USD,,InStock,https://www.mercadolibre.com.co/products/asus-expertbook-b9-intel-core-i7,2026-08-28T08:15:27.551208+00:00,2026-08-28
Mercado Libre - CO,Colombia,CO,Mercado Libre - CO,3P Marketplace,SKU-CO-0014,Acer Swift Go 14 AI - Intel Core 7 150U (Laptop),,Acer,Swift Go 14 AI,Intel,Intel Core 7,Intel Core 7,150U,14th Gen / Series 1,Integrated Intel Arc Graphics,Laptop,"14.0""",,16GB DDR5,512GB NVMe SSD,SSD,Windows 11 Home,1307,1307,1307,1307,0,0,USD,,InStock,https://www.mercadolibre.com.co/products/acer-swift-go-14-ai-intel-core-7,2026-08-28T08:15:27.551208+00:00,2026-08-28
Mercado Libre - CO,Colombia,CO,Mercado Libre - CO,3P Marketplace,SKU-CO-0015,Samsung Galaxy Book4 Pro - AMD Ryzen 9 7945HX (Laptop),,Samsung,Galaxy Book4 Pro,AMD,AMD Ryzen 9,AMD Ryzen 9,7945HX,Zen 4 / Dragon Range,NVIDIA GeForce RTX 4060,Laptop,"16.0""",,32GB LPDDR5X,1TB NVMe SSD,SSD,Windows 11 Home,1354,1192,1354,1192,162,12,USD,,InStock,https://www.mercadolibre.com.co/products/samsung-galaxy-book4-pro-amd-ryzen-9,2026-08-28T08:15:27.551208+00:00,2026-08-28
Mercado Libre - CO,Colombia,CO,Mercado Libre - CO,3P Marketplace,SKU-CO-0016,MSI Stealth 16 AI Studio - Snapdragon X Elite X1E-80-100 (Laptop),,MSI,Stealth 16 AI Studio,Qualcomm,Snapdragon X Elite,Snapdragon X Elite,X1E-80-100,Oryon ARM,Integrated Intel Arc Graphics,Laptop,"14.0""",,16GB DDR5,512GB NVMe SSD,SSD,Windows 11 Home,1401,1401,1401,1401,0,0,USD,,InStock,https://www.mercadolibre.com.co/products/msi-stealth-16-ai-studio-snapdragon-x-elite,2026-08-28T08:15:27.551208+00:00,2026-08-28
Mercado Libre - CO,Colombia,CO,Mercado Libre - CO,3P Marketplace,SKU-CO-0017,"Apple MacBook Pro 16"" M3 Max - Intel Core Ultra 9 185H (Laptop)",,Apple,"MacBook Pro 16"" M3 Max",Intel,Intel Core Ultra 9,Intel Core Ultra 9,185H,14th Gen / Meteor Lake,Integrated Intel Arc Graphics,Laptop,"16.0""",,32GB LPDDR5X,512GB NVMe SSD,SSD,Windows 11 Home,1448,1448,1448,1448,0,0,USD,,InStock,https://www.mercadolibre.com.co/products/apple-macbook-pro-16-m3-max-intel-core-ultra-9,2026-08-28T08:15:27.551208+00:00,2026-08-28
Mercado Libre - CO,Colombia,CO,Mercado Libre - CO,3P Marketplace,SKU-CO-0018,Dell Alienware m16 R2 - Intel Core i9 14900HX (Desktop PC),,Dell,Alienware m16 R2,Intel,Intel Core i9,Intel Core i9,14900HX,14th Gen / Raptor Lake-HX,NVIDIA GeForce RTX 4060,Desktop,"27""",,16GB DDR5,1TB NVMe SSD,SSD,Windows 11 Home,1495,1316,1495,1316,179,12,USD,,InStock,https://www.mercadolibre.com.co/products/dell-alienware-m16-r2-intel-core-i9,2026-08-28T08:15:27.551208+00:00,2026-08-28
Mercado Libre - CO,Colombia,CO,Mercado Libre - CO,3P Marketplace,SKU-CO-0019,HP Victus 15 - AMD Ryzen 5 7520U (Laptop),,HP,Victus 15,AMD,AMD Ryzen 5,AMD Ryzen 5,7520U,Zen 2 / Mendocino,Integrated Intel Arc Graphics,Laptop,"16.0""",,32GB LPDDR5X,512GB NVMe SSD,SSD,Windows 11 Home,1542,1542,1542,1542,0,0,USD,,InStock,https://www.mercadolibre.com.co/products/hp-victus-15-amd-ryzen-5,2026-08-28T08:15:27.551208+00:00,2026-08-28
Mercado Libre - CO,Colombia,CO,Mercado Libre - CO,3P Marketplace,SKU-CO-0020,Lenovo LOQ 15IRX9 - Apple M3 M3 (Laptop),,Lenovo,LOQ 15IRX9,Apple,Apple M3,Apple M3,M3,3nm Apple Silicon,Integrated Intel Arc Graphics,Laptop,"14.0""",,16GB DDR5,512GB NVMe SSD,SSD,Windows 11 Home,1589,1303,1589,1303,286,18,USD,,InStock,https://www.mercadolibre.com.co/products/lenovo-loq-15irx9-apple-m3,2026-08-28T08:15:27.551208+00:00,2026-08-28
Mercado Libre - CO,Colombia,CO,Mercado Libre - CO,3P Marketplace,SKU-CO-0021,ASUS Zenbook Duo (2024) - Intel Core Ultra 5 125H (Laptop),,ASUS,Zenbook Duo (2024),Intel,Intel Core Ultra 5,Intel Core Ultra 5,125H,14th Gen / Meteor Lake,NVIDIA GeForce RTX 4060,Laptop,"16.0""",,32GB LPDDR5X,1TB NVMe SSD,SSD,Windows 11 Home,1636,1440,1636,1440,196,12,USD,,InStock,https://www.mercadolibre.com.co/products/asus-zenbook-duo-2024--intel-core-ultra-5,2026-08-28T08:15:27.551208+00:00,2026-08-28
Mercado Libre - CO,Colombia,CO,Mercado Libre - CO,3P Marketplace,,Acer Swift X 14 - Intel Core i5 1335U (Laptop),,Acer,Swift X 14,Intel,Intel Core i5,Intel Core i5,1335U,13th Gen / Raptor Lake,Integrated Intel Arc Graphics,Laptop,"14.0""",,16GB DDR5,512GB NVMe SSD,SSD,Windows 11 Home,1683,1683,1683,1683,0,0,USD,,InStock,https://www.mercadolibre.com.co/products/acer-swift-x-14-intel-core-i5,2026-08-28T08:15:27.551208+00:00,2026-08-28
Mercado Libre - CO,Colombia,CO,Mercado Libre - CO,3P Marketplace,SKU-CO-0023,Samsung Galaxy Book4 360 - AMD Ryzen 7 7840HS (Laptop),,Samsung,Galaxy Book4 360,AMD,AMD Ryzen 7,AMD Ryzen 7,7840HS,Zen 4 / Phoenix,Integrated Intel Arc Graphics,Laptop,"16.0""",,32GB LPDDR5X,512GB NVMe SSD,SSD,Windows 11 Home,1730,1730,1730,1730,0,0,USD,,InStock,https://www.mercadolibre.com.co/products/samsung-galaxy-book4-360-amd-ryzen-7,2026-08-28T08:15:27.551208+00:00,2026-08-28
Mercado Libre - CO,Colombia,CO,Mercado Libre - CO,3P Marketplace,SKU-CO-0024,MSI Modern 14 - Apple M3 Pro M3 Pro (Desktop PC),,MSI,Modern 14,Apple,Apple M3 Pro,Apple M3 Pro,M3 Pro,3nm Apple Silicon,NVIDIA GeForce RTX 4060,Desktop,"27""",,16GB DDR5,1TB NVMe SSD,SSD,Windows 11 Home,1777,1564,1777,1564,213,12,USD,,InStock,https://www.mercadolibre.com.co/products/msi-modern-14-apple-m3-pro,2026-08-28T08:15:27.551208+00:00,2026-08-28
Mercado Libre - CO,Colombia,CO,Mercado Libre - CO,3P Marketplace,SKU-CO-0025,"Apple MacBook Pro 16"" M3 Max - Intel Core Ultra 7 155H (Laptop)",,Apple,"MacBook Pro 16"" M3 Max",Intel,Intel Core Ultra 7,Intel Core Ultra 7,155H,14th Gen / Meteor Lake,Integrated Intel Arc Graphics,Laptop,"16.0""",,32GB LPDDR5X,512GB NVMe SSD,SSD,Windows 11 Home,1824,1496,1824,1496,328,18,USD,,InStock,https://www.mercadolibre.com.co/products/apple-macbook-pro-16-m3-max-intel-core-ultra-7,2026-08-28T08:15:27.551208+00:00,2026-08-28
Mercado Libre - CO,Colombia,CO,Mercado Libre - CO,3P Marketplace,SKU-CO-0026,Dell Latitude 5540 - Intel Core i7 13700H (Laptop),,Dell,Latitude 5540,Intel,Intel Core i7,Intel Core i7,13700H,13th Gen / Raptor Lake,Integrated Intel Arc Graphics,Laptop,"14.0""",,16GB DDR5,512GB NVMe SSD,SSD,Windows 11 Home,1871,1871,1871,1871,0,0,USD,,InStock,https://www.mercadolibre.com.co/products/dell-latitude-5540-intel-core-i7,2026-08-28T08:15:27.551208+00:00,2026-08-28
Mercado Libre - CO,Colombia,CO,Mercado Libre - CO,3P Marketplace,SKU-CO-0027,HP EliteBook 840 G10 - Intel Core 7 150U (Laptop),,HP,EliteBook 840 G10,Intel,Intel Core 7,Intel Core 7,150U,14th Gen / Series 1,NVIDIA GeForce RTX 4060,Laptop,"16.0""",,32GB LPDDR5X,1TB NVMe SSD,SSD,Windows 11 Home,1918,1688,1918,1688,230,12,USD,,InStock,https://www.mercadolibre.com.co/products/hp-elitebook-840-g10-intel-core-7,2026-08-28T08:15:27.551208+00:00,2026-08-28
Agres - ID,Indonesia,ID,Agres - ID,1P Retailer,SKU-ID-0001,MSI Stealth 16 AI Studio - Apple M3 M3 (Laptop),,MSI,Stealth 16 AI Studio,Apple,Apple M3,Apple M3,M3,3nm Apple Silicon,Integrated Intel Arc Graphics,Laptop,"16.0""",,32GB LPDDR5X,512GB NVMe SSD,SSD,Windows 11 Home,785,785,785,785,0,0,USD,,InStock,https://www.agres.id/products/msi-stealth-16-ai-studio-apple-m3,2026-08-28T08:15:27.551208+00:00,2026-08-28
Agres - ID,Indonesia,ID,Agres - ID,1P Retailer,SKU-ID-0002,"Apple MacBook Air 13"" M3 - Intel Core Ultra 5 125H (Laptop)",,Apple,"MacBook Air 13"" M3",Intel,Intel Core Ultra 5,Intel Core Ultra 5,125H,14th Gen / Meteor Lake,Integrated Intel Arc Graphics,Laptop,"14.0""",,16GB DDR5,512GB NVMe SSD,SSD,Windows 11 Home,832,832,832,832,0,0,USD,,InStock,https://www.agres.id/products/apple-macbook-air-13-m3-intel-core-ultra-5,2026-08-28T08:15:27.551208+00:00,2026-08-28
Agres - ID,Indonesia,ID,Agres - ID,1P Retailer,SKU-ID-0003,Dell Inspiron 16 Plus (7640) - Intel Core i5 1335U (Laptop),,Dell,Inspiron 16 Plus (7640),Intel,Intel Core i5,Intel Core i5,1335U,13th Gen / Raptor Lake,NVIDIA GeForce RTX 4060,Laptop,"16.0""",,32GB LPDDR5X,1TB NVMe SSD,SSD,Windows 11 Home,879,774,879,774,105,12,USD,,InStock,https://www.agres.id/products/dell-inspiron-16-plus-7640--intel-core-i5,2026-08-28T08:15:27.551208+00:00,2026-08-28
Agres - ID,Indonesia,ID,Agres - ID,1P Retailer,SKU-ID-0004,HP OMEN 16 Transcend - AMD Ryzen 7 7840HS (Laptop),,HP,OMEN 16 Transcend,AMD,AMD Ryzen 7,AMD Ryzen 7,7840HS,Zen 4 / Phoenix,Integrated Intel Arc Graphics,Laptop,"14.0""",,16GB DDR5,512GB NVMe SSD,SSD,Windows 11 Home,926,926,926,926,0,0,USD,,InStock,https://www.agres.id/products/hp-omen-16-transcend-amd-ryzen-7,2026-08-28T08:15:27.551208+00:00,2026-08-28
Agres - ID,Indonesia,ID,Agres - ID,1P Retailer,SKU-ID-0005,Lenovo ThinkBook 16 Gen 6 - Apple M3 Pro M3 Pro (Laptop),,Lenovo,ThinkBook 16 Gen 6,Apple,Apple M3 Pro,Apple M3 Pro,M3 Pro,3nm Apple Silicon,Integrated Intel Arc Graphics,Laptop,"16.0""",,32GB LPDDR5X,512GB NVMe SSD,SSD,Windows 11 Home,973,798,973,798,175,18,USD,,InStock,https://www.agres.id/products/lenovo-thinkbook-16-gen-6-apple-m3-pro,2026-08-28T08:15:27.551208+00:00,2026-08-28
Agres - ID,Indonesia,ID,Agres - ID,1P Retailer,SKU-ID-0006,ASUS ExpertBook B9 - Intel Core Ultra 7 155H (Desktop PC),,ASUS,ExpertBook B9,Intel,Intel Core Ultra 7,Intel Core Ultra 7,155H,14th Gen / Meteor Lake,NVIDIA GeForce RTX 4060,Desktop,"27""",,16GB DDR5,1TB NVMe SSD,SSD,Windows 11 Home,1020,898,1020,898,122,12,USD,,InStock,https://www.agres.id/products/asus-expertbook-b9-intel-core-ultra-7,2026-08-28T08:15:27.551208+00:00,2026-08-28
Agres - ID,Indonesia,ID,Agres - ID,1P Retailer,SKU-ID-0007,Acer Swift Go 14 AI - Intel Core i7 13700H (Laptop),,Acer,Swift Go 14 AI,Intel,Intel Core i7,Intel Core i7,13700H,13th Gen / Raptor Lake,Integrated Intel Arc Graphics,Laptop,"16.0""",,32GB LPDDR5X,512GB NVMe SSD,SSD,Windows 11 Home,1067,1067,1067,1067,0,0,USD,,InStock,https://www.agres.id/products/acer-swift-go-14-ai-intel-core-i7,2026-08-28T08:15:27.551208+00:00,2026-08-28
Agres - ID,Indonesia,ID,Agres - ID,1P Retailer,SKU-ID-0008,Samsung Galaxy Book4 360 - Intel Core 7 150U (Laptop),,Samsung,Galaxy Book4 360,Intel,Intel Core 7,Intel Core 7,150U,14th Gen / Series 1,Integrated Intel Arc Graphics,Laptop,"14.0""",,16GB DDR5,512GB NVMe SSD,SSD,Windows 11 Home,1114,1114,1114,1114,0,0,USD,,InStock,https://www.agres.id/products/samsung-galaxy-book4-360-intel-core-7,2026-08-28T08:15:27.551208+00:00,2026-08-28
Agres - ID,Indonesia,ID,Agres - ID,1P Retailer,SKU-ID-0009,MSI Modern 14 - AMD Ryzen 9 7945HX (Laptop),,MSI,Modern 14,AMD,AMD Ryzen 9,AMD Ryzen 9,7945HX,Zen 4 / Dragon Range,NVIDIA GeForce RTX 4060,Laptop,"16.0""",,32GB LPDDR5X,1TB NVMe SSD,SSD,Windows 11 Home,1161,1022,1161,1022,139,12,USD,,InStock,https://www.agres.id/products/msi-modern-14-amd-ryzen-9,2026-08-28T08:15:27.551208+00:00,2026-08-28
Agres - ID,Indonesia,ID,Agres - ID,1P Retailer,SKU-ID-0010,"Apple MacBook Air 13"" M3 - Snapdragon X Elite X1E-80-100 (Laptop)",,Apple,"MacBook Air 13"" M3",Qualcomm,Snapdragon X Elite,Snapdragon X Elite,X1E-80-100,Oryon ARM,Integrated Intel Arc Graphics,Laptop,"14.0""",,16GB DDR5,512GB NVMe SSD,SSD,Windows 11 Home,1208,991,1208,991,217,18,USD,,InStock,https://www.agres.id/products/apple-macbook-air-13-m3-snapdragon-x-elite,2026-08-28T08:15:27.551208+00:00,2026-08-28
Agres - ID,Indonesia,ID,Agres - ID,1P Retailer,,Dell Alienware m16 R2 - Intel Core Ultra 9 185H (Laptop),,Dell,Alienware m16 R2,Intel,Intel Core Ultra 9,Intel Core Ultra 9,185H,14th Gen / Meteor Lake,Integrated Intel Arc Graphics,Laptop,"16.0""",,32GB LPDDR5X,512GB NVMe SSD,SSD,Windows 11 Home,1255,1255,1255,1255,0,0,USD,,InStock,https://www.agres.id/products/dell-alienware-m16-r2-intel-core-ultra-9,2026-08-28T08:15:27.551208+00:00,2026-08-28
Agres - ID,Indonesia,ID,Agres - ID,1P Retailer,SKU-ID-0012,HP Victus 15 - Intel Core i9 14900HX (Desktop PC),,HP,Victus 15,Intel,Intel Core i9,Intel Core i9,14900HX,14th Gen / Raptor Lake-HX,NVIDIA GeForce RTX 4060,Desktop,"27""",,16GB DDR5,1TB NVMe SSD,SSD,Windows 11 Home,1302,1146,1302,1146,156,12,USD,,InStock,https://www.agres.id/products/hp-victus-15-intel-core-i9,2026-08-28T08:15:27.551208+00:00,2026-08-28
Agres - ID,Indonesia,ID,Agres - ID,1P Retailer,SKU-ID-0013,Lenovo LOQ 15IRX9 - AMD Ryzen 5 7520U (Laptop),,Lenovo,LOQ 15IRX9,AMD,AMD Ryzen 5,AMD Ryzen 5,7520U,Zen 2 / Mendocino,Integrated Intel Arc Graphics,Laptop,"16.0""",,32GB LPDDR5X,512GB NVMe SSD,SSD,Windows 11 Home,1349,1349,1349,1349,0,0,USD,,InStock,https://www.agres.id/products/lenovo-loq-15irx9-amd-ryzen-5,2026-08-28T08:15:27.551208+00:00,2026-08-28
Agres - ID,Indonesia,ID,Agres - ID,1P Retailer,SKU-ID-0014,ASUS Zenbook Duo (2024) - Apple M3 M3 (Laptop),,ASUS,Zenbook Duo (2024),Apple,Apple M3,Apple M3,M3,3nm Apple Silicon,Integrated Intel Arc Graphics,Laptop,"14.0""",,16GB DDR5,512GB NVMe SSD,SSD,Windows 11 Home,1396,1396,1396,1396,0,0,USD,,InStock,https://www.agres.id/products/asus-zenbook-duo-2024--apple-m3,2026-08-28T08:15:27.551208+00:00,2026-08-28
Agres - ID,Indonesia,ID,Agres - ID,1P Retailer,SKU-ID-0015,Acer Swift X 14 - Intel Core Ultra 5 125H (Laptop),,Acer,Swift X 14,Intel,Intel Core Ultra 5,Intel Core Ultra 5,125H,14th Gen / Meteor Lake,NVIDIA GeForce RTX 4060,Laptop,"16.0""",,32GB LPDDR5X,1TB NVMe SSD,SSD,Windows 11 Home,1443,1270,1443,1270,173,12,USD,,InStock,https://www.agres.id/products/acer-swift-x-14-intel-core-ultra-5,2026-08-28T08:15:27.551208+00:00,2026-08-28
Agres - ID,Indonesia,ID,Agres - ID,1P Retailer,SKU-ID-0016,Samsung Galaxy Book4 Ultra - Intel Core i5 1335U (Laptop),,Samsung,Galaxy Book4 Ultra,Intel,Intel Core i5,Intel Core i5,1335U,13th Gen / Raptor Lake,Integrated Intel Arc Graphics,Laptop,"14.0""",,16GB DDR5,512GB NVMe SSD,SSD,Windows 11 Home,1490,1490,1490,1490,0,0,USD,,InStock,https://www.agres.id/products/samsung-galaxy-book4-ultra-intel-core-i5,2026-08-28T08:15:27.551208+00:00,2026-08-28
Agres - ID,Indonesia,ID,Agres - ID,1P Retailer,SKU-ID-0017,MSI Raider GE78 HX - AMD Ryzen 7 7840HS (Laptop),,MSI,Raider GE78 HX,AMD,AMD Ryzen 7,AMD Ryzen 7,7840HS,Zen 4 / Phoenix,Integrated Intel Arc Graphics,Laptop,"16.0""",,32GB LPDDR5X,512GB NVMe SSD,SSD,Windows 11 Home,1537,1537,1537,1537,0,0,USD,,InStock,https://www.agres.id/products/msi-raider-ge78-hx-amd-ryzen-7,2026-08-28T08:15:27.551208+00:00,2026-08-28
Agres - ID,Indonesia,ID,Agres - ID,1P Retailer,SKU-ID-0018,"Apple MacBook Air 13"" M3 - Apple M3 Pro M3 Pro (Desktop PC)",,Apple,"MacBook Air 13"" M3",Apple,Apple M3 Pro,Apple M3 Pro,M3 Pro,3nm Apple Silicon,NVIDIA GeForce RTX 4060,Desktop,"27""",,16GB DDR5,1TB NVMe SSD,SSD,Windows 11 Home,1584,1394,1584,1394,190,12,USD,,InStock,https://www.agres.id/products/apple-macbook-air-13-m3-apple-m3-pro,2026-08-28T08:15:27.551208+00:00,2026-08-28
Agres - ID,Indonesia,ID,Agres - ID,1P Retailer,SKU-ID-0019,Dell Latitude 5540 - Intel Core Ultra 7 155H (Laptop),,Dell,Latitude 5540,Intel,Intel Core Ultra 7,Intel Core Ultra 7,155H,14th Gen / Meteor Lake,Integrated Intel Arc Graphics,Laptop,"16.0""",,32GB LPDDR5X,512GB NVMe SSD,SSD,Windows 11 Home,1631,1631,1631,1631,0,0,USD,,InStock,https://www.agres.id/products/dell-latitude-5540-intel-core-ultra-7,2026-08-28T08:15:27.551208+00:00,2026-08-28
Agres - ID,Indonesia,ID,Agres - ID,1P Retailer,SKU-ID-0020,HP EliteBook 840 G10 - Intel Core i7 13700H (Laptop),,HP,EliteBook 840 G10,Intel,Intel Core i7,Intel Core i7,13700H,13th Gen / Raptor Lake,Integrated Intel Arc Graphics,Laptop,"14.0""",,16GB DDR5,512GB NVMe SSD,SSD,Windows 11 Home,1678,1376,1678,1376,302,18,USD,,InStock,https://www.agres.id/products/hp-elitebook-840-g10-intel-core-i7,2026-08-28T08:15:27.551208+00:00,2026-08-28
Agres - ID,Indonesia,ID,Agres - ID,1P Retailer,SKU-ID-0021,Lenovo ThinkPad X1 Carbon Gen 12 - Intel Core 7 150U (Laptop),,Lenovo,ThinkPad X1 Carbon Gen 12,Intel,Intel Core 7,Intel Core 7,150U,14th Gen / Series 1,NVIDIA GeForce RTX 4060,Laptop,"16.0""",,32GB LPDDR5X,1TB NVMe SSD,SSD,Windows 11 Home,1725,1518,1725,1518,207,12,USD,,InStock,https://www.agres.id/products/lenovo-thinkpad-x1-carbon-gen-12-intel-core-7,2026-08-28T08:15:27.551208+00:00,2026-08-28
Agres - ID,Indonesia,ID,Agres - ID,1P Retailer,,ASUS Zenbook 14 OLED - AMD Ryzen 9 7945HX (Laptop),,ASUS,Zenbook 14 OLED,AMD,AMD Ryzen 9,AMD Ryzen 9,7945HX,Zen 4 / Dragon Range,Integrated Intel Arc Graphics,Laptop,"14.0""",,16GB DDR5,512GB NVMe SSD,SSD,Windows 11 Home,1772,1772,1772,1772,0,0,USD,,InStock,https://www.agres.id/products/asus-zenbook-14-oled-amd-ryzen-9,2026-08-28T08:15:27.551208+00:00,2026-08-28
Agres - ID,Indonesia,ID,Agres - ID,1P Retailer,SKU-ID-0023,Acer Aspire 5 - Snapdragon X Elite X1E-80-100 (Laptop),,Acer,Aspire 5,Qualcomm,Snapdragon X Elite,Snapdragon X Elite,X1E-80-100,Oryon ARM,Integrated Intel Arc Graphics,Laptop,"16.0""",,32GB LPDDR5X,512GB NVMe SSD,SSD,Windows 11 Home,1819,1819,1819,1819,0,0,USD,,InStock,https://www.agres.id/products/acer-aspire-5-snapdragon-x-elite,2026-08-28T08:15:27.551208+00:00,2026-08-28
Agres - ID,Indonesia,ID,Agres - ID,1P Retailer,SKU-ID-0024,Samsung Galaxy Book4 Pro - Intel Core Ultra 9 185H (Desktop PC),,Samsung,Galaxy Book4 Pro,Intel,Intel Core Ultra 9,Intel Core Ultra 9,185H,14th Gen / Meteor Lake,NVIDIA GeForce RTX 4060,Desktop,"27""",,16GB DDR5,1TB NVMe SSD,SSD,Windows 11 Home,1866,1642,1866,1642,224,12,USD,,InStock,https://www.agres.id/products/samsung-galaxy-book4-pro-intel-core-ultra-9,2026-08-28T08:15:27.551208+00:00,2026-08-28
Agres - ID,Indonesia,ID,Agres - ID,1P Retailer,SKU-ID-0025,MSI Prestige 16 AI Evo - Intel Core i9 14900HX (Laptop),,MSI,Prestige 16 AI Evo,Intel,Intel Core i9,Intel Core i9,14900HX,14th Gen / Raptor Lake-HX,Integrated Intel Arc Graphics,Laptop,"16.0""",,32GB LPDDR5X,512GB NVMe SSD,SSD,Windows 11 Home,1913,1569,1913,1569,344,18,USD,,InStock,https://www.agres.id/products/msi-prestige-16-ai-evo-intel-core-i9,2026-08-28T08:15:27.551208+00:00,2026-08-28
Agres - ID,Indonesia,ID,Agres - ID,1P Retailer,SKU-ID-0026,"Apple MacBook Air 13"" M3 - AMD Ryzen 5 7520U (Laptop)",,Apple,"MacBook Air 13"" M3",AMD,AMD Ryzen 5,AMD Ryzen 5,7520U,Zen 2 / Mendocino,Integrated Intel Arc Graphics,Laptop,"14.0""",,16GB DDR5,512GB NVMe SSD,SSD,Windows 11 Home,1960,1960,1960,1960,0,0,USD,,InStock,https://www.agres.id/products/apple-macbook-air-13-m3-amd-ryzen-5,2026-08-28T08:15:27.551208+00:00,2026-08-28
